--------------------------------------------------------
--  파일이 생성됨 - 목요일-10월-17-2019   
--------------------------------------------------------
DROP SEQUENCE "DODREAM"."SEQ_ALA_NO";
DROP SEQUENCE "DODREAM"."SEQ_ANS_NO";
DROP SEQUENCE "DODREAM"."SEQ_FAQ_NO";
DROP SEQUENCE "DODREAM"."SEQ_MNO";
DROP SEQUENCE "DODREAM"."SEQ_NOT_NO";
DROP SEQUENCE "DODREAM"."SEQ_PROJ_NO";
DROP SEQUENCE "DODREAM"."SEQ_PROJ_RV_NO";
DROP SEQUENCE "DODREAM"."SEQ_REP_NO";
DROP SEQUENCE "DODREAM"."SEQ_RES_NO";
DROP SEQUENCE "DODREAM"."SEQ_RPL_NO";
DROP SEQUENCE "DODREAM"."SEQ_RWD_NO";
DROP SEQUENCE "DODREAM"."SEQ_SUBRL_NO";
DROP SEQUENCE "DODREAM"."SEQ_USER_NO";
DROP TABLE "DODREAM"."ALARM" cascade constraints;
DROP TABLE "DODREAM"."DAYCOUNT" cascade constraints;
DROP TABLE "DODREAM"."DAYTOTAL" cascade constraints;
DROP TABLE "DODREAM"."FAQ" cascade constraints;
DROP TABLE "DODREAM"."FOLLOW_TB" cascade constraints;
DROP TABLE "DODREAM"."HISTORY" cascade constraints;
DROP TABLE "DODREAM"."LIKE_TB" cascade constraints;
DROP TABLE "DODREAM"."NOTICE" cascade constraints;
DROP TABLE "DODREAM"."PROJECT_CG" cascade constraints;
DROP TABLE "DODREAM"."PROJECT_STATUS" cascade constraints;
DROP TABLE "DODREAM"."PROJECT_TB" cascade constraints;
DROP TABLE "DODREAM"."REPLY" cascade constraints;
DROP TABLE "DODREAM"."REPLY_CG" cascade constraints;
DROP TABLE "DODREAM"."REPORT_REPLY" cascade constraints;
DROP TABLE "DODREAM"."REPORT_TB" cascade constraints;
DROP TABLE "DODREAM"."RESERVE" cascade constraints;
DROP TABLE "DODREAM"."RESERVE_STATUS" cascade constraints;
DROP TABLE "DODREAM"."REVIEW" cascade constraints;
DROP TABLE "DODREAM"."REWARD" cascade constraints;
DROP TABLE "DODREAM"."REWARD_OPTION" cascade constraints;
DROP TABLE "DODREAM"."SUBREPLY" cascade constraints;
DROP TABLE "DODREAM"."USER_TB" cascade constraints;
DROP VIEW "DODREAM"."ADMIN_BILLING_VIEW";
DROP VIEW "DODREAM"."FOLLOWERLIST";
DROP VIEW "DODREAM"."FOLLOWLIST";
DROP VIEW "DODREAM"."HIS_RWD_VIEW";
DROP VIEW "DODREAM"."PRJ_COUNT_DESC";
DROP VIEW "DODREAM"."PROJECT_DETAIL_REPLY";
DROP VIEW "DODREAM"."PROJECT_DETAIL_REPLY_2ND";
DROP VIEW "DODREAM"."PROJECT_DETAIL_RESERVE";
DROP VIEW "DODREAM"."PROJECT_DETAIL_REWARD";
DROP VIEW "DODREAM"."PROJECT_DETAIL_SUBREPLY";
DROP VIEW "DODREAM"."PROJECT_DETAIL_SUBREPLY_2ND";
DROP VIEW "DODREAM"."PROJECT_DETAIL_VIEW";
DROP VIEW "DODREAM"."PROJECT_DETAIL_VIEW_2ND";
DROP VIEW "DODREAM"."PROJECT_LIST_VIEW";
DROP VIEW "DODREAM"."PROJECT_LIST_VIEW_2ND";
DROP VIEW "DODREAM"."PROJECT_LIST_VIEW_3RD";
DROP VIEW "DODREAM"."PROJECT_LIST_VIEW_4TH";
DROP VIEW "DODREAM"."PROJECT_MYLIST_VIEW";
DROP VIEW "DODREAM"."RESERVE_USER_VIEW";
DROP VIEW "DODREAM"."RESERVE_VIEW";
DROP VIEW "DODREAM"."RESERVE_VIEW_2ND";
DROP VIEW "DODREAM"."RESERVE_VIEW_3RD";
DROP VIEW "DODREAM"."RES_SUM";
DROP VIEW "DODREAM"."USER_FF_VIEW";
DROP PROCEDURE "DODREAM"."DELETE_TEMP_PROJECT";
DROP PROCEDURE "DODREAM"."DEL_DAYCOUNT";
DROP PROCEDURE "DODREAM"."UPDATE_FAIL_PROJECT";
DROP PROCEDURE "DODREAM"."UPDATE_FINISH_PROJECT";
DROP PROCEDURE "DODREAM"."UPDATE_SUCCESS_PROJECT";
DROP PACKAGE "DODREAM"."PKG_TOTAL_ADDI";
DROP PACKAGE "DODREAM"."PKG_TOTAL_REWARD";
DROP FUNCTION "DODREAM"."GET_REWARDPRICE";
--------------------------------------------------------
--  DDL for Sequence SEQ_ALA_NO
--------------------------------------------------------

   CREATE SEQUENCE  "DODREAM"."SEQ_ALA_NO"  MINVALUE 1 MAXVALUE 9999999999999999999999999999 INCREMENT BY 1 START WITH 79 NOCACHE  NOORDER  NOCYCLE ;
--------------------------------------------------------
--  DDL for Sequence SEQ_ANS_NO
--------------------------------------------------------

   CREATE SEQUENCE  "DODREAM"."SEQ_ANS_NO"  MINVALUE 1 MAXVALUE 9999999999999999999999999999 INCREMENT BY 1 START WITH 27 NOCACHE  NOORDER  NOCYCLE ;
--------------------------------------------------------
--  DDL for Sequence SEQ_FAQ_NO
--------------------------------------------------------

   CREATE SEQUENCE  "DODREAM"."SEQ_FAQ_NO"  MINVALUE 1 MAXVALUE 9999999999999999999999999999 INCREMENT BY 1 START WITH 29 NOCACHE  NOORDER  NOCYCLE ;
--------------------------------------------------------
--  DDL for Sequence SEQ_MNO
--------------------------------------------------------

   CREATE SEQUENCE  "DODREAM"."SEQ_MNO"  MINVALUE 1 MAXVALUE 9999999999999999999999999999 INCREMENT BY 1 START WITH 21 CACHE 20 NOORDER  NOCYCLE ;
--------------------------------------------------------
--  DDL for Sequence SEQ_NOT_NO
--------------------------------------------------------

   CREATE SEQUENCE  "DODREAM"."SEQ_NOT_NO"  MINVALUE 1 MAXVALUE 9999999999999999999999999999 INCREMENT BY 1 START WITH 69 NOCACHE  NOORDER  NOCYCLE ;
--------------------------------------------------------
--  DDL for Sequence SEQ_PROJ_NO
--------------------------------------------------------

   CREATE SEQUENCE  "DODREAM"."SEQ_PROJ_NO"  MINVALUE 1 MAXVALUE 9999999999999999999999999999 INCREMENT BY 1 START WITH 1726 NOCACHE  NOORDER  NOCYCLE ;
--------------------------------------------------------
--  DDL for Sequence SEQ_PROJ_RV_NO
--------------------------------------------------------

   CREATE SEQUENCE  "DODREAM"."SEQ_PROJ_RV_NO"  MINVALUE 1 MAXVALUE 9999999999999999999999999999 INCREMENT BY 1 START WITH 74 NOCACHE  NOORDER  NOCYCLE ;
--------------------------------------------------------
--  DDL for Sequence SEQ_REP_NO
--------------------------------------------------------

   CREATE SEQUENCE  "DODREAM"."SEQ_REP_NO"  MINVALUE 1 MAXVALUE 9999999999999999999999999999 INCREMENT BY 1 START WITH 51 NOCACHE  NOORDER  NOCYCLE ;
--------------------------------------------------------
--  DDL for Sequence SEQ_RES_NO
--------------------------------------------------------

   CREATE SEQUENCE  "DODREAM"."SEQ_RES_NO"  MINVALUE 1 MAXVALUE 9999999999999999999999999999 INCREMENT BY 1 START WITH 80 NOCACHE  NOORDER  NOCYCLE ;
--------------------------------------------------------
--  DDL for Sequence SEQ_RPL_NO
--------------------------------------------------------

   CREATE SEQUENCE  "DODREAM"."SEQ_RPL_NO"  MINVALUE 1 MAXVALUE 9999999999999999999999999999 INCREMENT BY 1 START WITH 90 NOCACHE  NOORDER  NOCYCLE ;
--------------------------------------------------------
--  DDL for Sequence SEQ_RWD_NO
--------------------------------------------------------

   CREATE SEQUENCE  "DODREAM"."SEQ_RWD_NO"  MINVALUE 1 MAXVALUE 9999999999999999999999999999 INCREMENT BY 1 START WITH 424 NOCACHE  NOORDER  NOCYCLE ;
--------------------------------------------------------
--  DDL for Sequence SEQ_SUBRL_NO
--------------------------------------------------------

   CREATE SEQUENCE  "DODREAM"."SEQ_SUBRL_NO"  MINVALUE 1 MAXVALUE 9999999999999999999999999999 INCREMENT BY 1 START WITH 71 NOCACHE  NOORDER  NOCYCLE ;
--------------------------------------------------------
--  DDL for Sequence SEQ_USER_NO
--------------------------------------------------------

   CREATE SEQUENCE  "DODREAM"."SEQ_USER_NO"  MINVALUE 1 MAXVALUE 9999999999999999999999999999 INCREMENT BY 1 START WITH 134 NOCACHE  NOORDER  NOCYCLE ;
--------------------------------------------------------
--  DDL for Table ALARM
--------------------------------------------------------

  CREATE TABLE "DODREAM"."ALARM" 
   (	"ALARM_NO" NUMBER, 
	"ALARM_TITLE" VARCHAR2(200 BYTE), 
	"ALARM_CONTENT" VARCHAR2(4000 BYTE), 
	"ALARM_STATUS" VARCHAR2(1 BYTE) DEFAULT 'Y', 
	"ALARM_DATE" DATE, 
	"ALARM_CAT_NO" NUMBER
   ) SEGMENT CREATION IMMEDIATE 
  PCTFREE 10 PCTUSED 40 INITRANS 1 MAXTRANS 255 NOCOMPRESS LOGGING
  STORAGE(INITIAL 65536 NEXT 1048576 MINEXTENTS 1 MAXEXTENTS 2147483645
  PCTINCREASE 0 FREELISTS 1 FREELIST GROUPS 1 BUFFER_POOL DEFAULT FLASH_CACHE DEFAULT CELL_FLASH_CACHE DEFAULT)
  TABLESPACE "SYSTEM" ;

   COMMENT ON COLUMN "DODREAM"."ALARM"."ALARM_STATUS" IS '안읽었을 시 Y / 읽었을시 N';
   COMMENT ON COLUMN "DODREAM"."ALARM"."ALARM_DATE" IS '알림 발생 날짜';
   COMMENT ON COLUMN "DODREAM"."ALARM"."ALARM_CAT_NO" IS '1: 프로젝트 달
성 2: 신고 3: 프로젝트 마감';
--------------------------------------------------------
--  DDL for Table DAYCOUNT
--------------------------------------------------------

  CREATE TABLE "DODREAM"."DAYCOUNT" 
   (	"VISIT_DATE" DATE DEFAULT SYSDATE, 
	"USER_NO" NUMBER
   ) SEGMENT CREATION IMMEDIATE 
  PCTFREE 10 PCTUSED 40 INITRANS 1 MAXTRANS 255 NOCOMPRESS LOGGING
  STORAGE(INITIAL 65536 NEXT 1048576 MINEXTENTS 1 MAXEXTENTS 2147483645
  PCTINCREASE 0 FREELISTS 1 FREELIST GROUPS 1 BUFFER_POOL DEFAULT FLASH_CACHE DEFAULT CELL_FLASH_CACHE DEFAULT)
  TABLESPACE "SYSTEM" ;
--------------------------------------------------------
--  DDL for Table DAYTOTAL
--------------------------------------------------------

  CREATE TABLE "DODREAM"."DAYTOTAL" 
   (	"VISIT_DATE" DATE DEFAULT SYSDATE, 
	"TOTAL_COUNT" NUMBER
   ) SEGMENT CREATION IMMEDIATE 
  PCTFREE 10 PCTUSED 40 INITRANS 1 MAXTRANS 255 NOCOMPRESS LOGGING
  STORAGE(INITIAL 65536 NEXT 1048576 MINEXTENTS 1 MAXEXTENTS 2147483645
  PCTINCREASE 0 FREELISTS 1 FREELIST GROUPS 1 BUFFER_POOL DEFAULT FLASH_CACHE DEFAULT CELL_FLASH_CACHE DEFAULT)
  TABLESPACE "SYSTEM" ;
--------------------------------------------------------
--  DDL for Table FAQ
--------------------------------------------------------

  CREATE TABLE "DODREAM"."FAQ" 
   (	"FAQ_NO" NUMBER, 
	"FAQ_TITLE" VARCHAR2(300 BYTE), 
	"FAQ_CONTENT" CLOB, 
	"FAQ_ENROLL_DATE" DATE DEFAULT SYSDATE, 
	"FAQ_MODIFY_DATE" DATE DEFAULT SYSDATE, 
	"FAQ_STATUS" VARCHAR2(1 BYTE) DEFAULT 'Y', 
	"FAQ_WRITER" NUMBER
   ) SEGMENT CREATION IMMEDIATE 
  PCTFREE 10 PCTUSED 40 INITRANS 1 MAXTRANS 255 NOCOMPRESS LOGGING
  STORAGE(INITIAL 65536 NEXT 1048576 MINEXTENTS 1 MAXEXTENTS 2147483645
  PCTINCREASE 0 FREELISTS 1 FREELIST GROUPS 1 BUFFER_POOL DEFAULT FLASH_CACHE DEFAULT CELL_FLASH_CACHE DEFAULT)
  TABLESPACE "SYSTEM" 
 LOB ("FAQ_CONTENT") STORE AS BASICFILE (
  TABLESPACE "SYSTEM" ENABLE STORAGE IN ROW CHUNK 8192 RETENTION 
  NOCACHE LOGGING 
  STORAGE(INITIAL 65536 NEXT 1048576 MINEXTENTS 1 MAXEXTENTS 2147483645
  PCTINCREASE 0 FREELISTS 1 FREELIST GROUPS 1 BUFFER_POOL DEFAULT FLASH_CACHE DEFAULT CELL_FLASH_CACHE DEFAULT)) ;

   COMMENT ON COLUMN "DODREAM"."FAQ"."FAQ_NO" IS 'SEQ_FAQ_NO';
--------------------------------------------------------
--  DDL for Table FOLLOW_TB
--------------------------------------------------------

  CREATE TABLE "DODREAM"."FOLLOW_TB" 
   (	"FOLLOW" NUMBER, 
	"FOLLOWER" NUMBER, 
	"FOLLOW_DATE" DATE DEFAULT NULL, 
	"FOLLOWER_DATE" DATE DEFAULT NULL
   ) SEGMENT CREATION IMMEDIATE 
  PCTFREE 10 PCTUSED 40 INITRANS 1 MAXTRANS 255 NOCOMPRESS LOGGING
  STORAGE(INITIAL 65536 NEXT 1048576 MINEXTENTS 1 MAXEXTENTS 2147483645
  PCTINCREASE 0 FREELISTS 1 FREELIST GROUPS 1 BUFFER_POOL DEFAULT FLASH_CACHE DEFAULT CELL_FLASH_CACHE DEFAULT)
  TABLESPACE "SYSTEM" ;
--------------------------------------------------------
--  DDL for Table HISTORY
--------------------------------------------------------

  CREATE TABLE "DODREAM"."HISTORY" 
   (	"RESERVE_NO" NUMBER, 
	"REWARD_NO" NUMBER, 
	"REWARD_SUM" NUMBER DEFAULT 1, 
	"REWARD_OPTION" VARCHAR2(4000 BYTE)
   ) SEGMENT CREATION IMMEDIATE 
  PCTFREE 10 PCTUSED 40 INITRANS 1 MAXTRANS 255 NOCOMPRESS LOGGING
  STORAGE(INITIAL 65536 NEXT 1048576 MINEXTENTS 1 MAXEXTENTS 2147483645
  PCTINCREASE 0 FREELISTS 1 FREELIST GROUPS 1 BUFFER_POOL DEFAULT FLASH_CACHE DEFAULT CELL_FLASH_CACHE DEFAULT)
  TABLESPACE "SYSTEM" ;

   COMMENT ON COLUMN "DODREAM"."HISTORY"."RESERVE_NO" IS '예약번호';
   COMMENT ON COLUMN "DODREAM"."HISTORY"."REWARD_NO" IS '리워드 번호';
   COMMENT ON COLUMN "DODREAM"."HISTORY"."REWARD_SUM" IS '리워드개수';
   COMMENT ON COLUMN "DODREAM"."HISTORY"."REWARD_OPTION" IS '리워드 옵션 들어가는 컬럼';
--------------------------------------------------------
--  DDL for Table LIKE_TB
--------------------------------------------------------

  CREATE TABLE "DODREAM"."LIKE_TB" 
   (	"LIKE_USER" NUMBER, 
	"LIKE_PRJ" NUMBER
   ) SEGMENT CREATION IMMEDIATE 
  PCTFREE 10 PCTUSED 40 INITRANS 1 MAXTRANS 255 NOCOMPRESS LOGGING
  STORAGE(INITIAL 65536 NEXT 1048576 MINEXTENTS 1 MAXEXTENTS 2147483645
  PCTINCREASE 0 FREELISTS 1 FREELIST GROUPS 1 BUFFER_POOL DEFAULT FLASH_CACHE DEFAULT CELL_FLASH_CACHE DEFAULT)
  TABLESPACE "SYSTEM" ;
--------------------------------------------------------
--  DDL for Table NOTICE
--------------------------------------------------------

  CREATE TABLE "DODREAM"."NOTICE" 
   (	"NOTICE_NO" NUMBER, 
	"NOTICE_TITLE" VARCHAR2(300 BYTE), 
	"NOTICE_CONTENT" CLOB, 
	"NOTICE_ER_DT" DATE DEFAULT SYSDATE, 
	"NOTICE_MF_DT" DATE DEFAULT SYSDATE, 
	"NOTICE_STATUS" VARCHAR2(1 BYTE) DEFAULT 'Y', 
	"NOTICE_WRITER" NUMBER
   ) SEGMENT CREATION IMMEDIATE 
  PCTFREE 10 PCTUSED 40 INITRANS 1 MAXTRANS 255 NOCOMPRESS LOGGING
  STORAGE(INITIAL 65536 NEXT 1048576 MINEXTENTS 1 MAXEXTENTS 2147483645
  PCTINCREASE 0 FREELISTS 1 FREELIST GROUPS 1 BUFFER_POOL DEFAULT FLASH_CACHE DEFAULT CELL_FLASH_CACHE DEFAULT)
  TABLESPACE "SYSTEM" 
 LOB ("NOTICE_CONTENT") STORE AS BASICFILE (
  TABLESPACE "SYSTEM" ENABLE STORAGE IN ROW CHUNK 8192 RETENTION 
  NOCACHE LOGGING 
  STORAGE(INITIAL 65536 NEXT 1048576 MINEXTENTS 1 MAXEXTENTS 2147483645
  PCTINCREASE 0 FREELISTS 1 FREELIST GROUPS 1 BUFFER_POOL DEFAULT FLASH_CACHE DEFAULT CELL_FLASH_CACHE DEFAULT)) ;

   COMMENT ON COLUMN "DODREAM"."NOTICE"."NOTICE_NO" IS 'SEQ_NOT_NO';
   COMMENT ON COLUMN "DODREAM"."NOTICE"."NOTICE_ER_DT" IS 'ENROLL_DATE/작성일';
   COMMENT ON COLUMN "DODREAM"."NOTICE"."NOTICE_MF_DT" IS 'MODIFY_DATE/수정일';
--------------------------------------------------------
--  DDL for Table PROJECT_CG
--------------------------------------------------------

  CREATE TABLE "DODREAM"."PROJECT_CG" 
   (	"PROJECT_CT_NO" NUMBER, 
	"PROJECT_CT_NAME" VARCHAR2(100 BYTE)
   ) SEGMENT CREATION IMMEDIATE 
  PCTFREE 10 PCTUSED 40 INITRANS 1 MAXTRANS 255 NOCOMPRESS LOGGING
  STORAGE(INITIAL 65536 NEXT 1048576 MINEXTENTS 1 MAXEXTENTS 2147483645
  PCTINCREASE 0 FREELISTS 1 FREELIST GROUPS 1 BUFFER_POOL DEFAULT FLASH_CACHE DEFAULT CELL_FLASH_CACHE DEFAULT)
  TABLESPACE "SYSTEM" ;

   COMMENT ON COLUMN "DODREAM"."PROJECT_CG"."PROJECT_CT_NO" IS 'CATEGORY_NO/프로젝트카테고리번호';
   COMMENT ON COLUMN "DODREAM"."PROJECT_CG"."PROJECT_CT_NAME" IS 'CATEGORY_NAME/프로젝트카테고리이름';
--------------------------------------------------------
--  DDL for Table PROJECT_STATUS
--------------------------------------------------------

  CREATE TABLE "DODREAM"."PROJECT_STATUS" 
   (	"PROJECT_ST_NO" NUMBER, 
	"PROJECT_ST_DETAIL" VARCHAR2(100 BYTE)
   ) SEGMENT CREATION IMMEDIATE 
  PCTFREE 10 PCTUSED 40 INITRANS 1 MAXTRANS 255 NOCOMPRESS LOGGING
  STORAGE(INITIAL 65536 NEXT 1048576 MINEXTENTS 1 MAXEXTENTS 2147483645
  PCTINCREASE 0 FREELISTS 1 FREELIST GROUPS 1 BUFFER_POOL DEFAULT FLASH_CACHE DEFAULT CELL_FLASH_CACHE DEFAULT)
  TABLESPACE "SYSTEM" ;

   COMMENT ON COLUMN "DODREAM"."PROJECT_STATUS"."PROJECT_ST_NO" IS 'STATUS_NO/프로젝트상태번호';
   COMMENT ON COLUMN "DODREAM"."PROJECT_STATUS"."PROJECT_ST_DETAIL" IS 'STATUS_DETAIL/프로젝트상태상세내용';
--------------------------------------------------------
--  DDL for Table PROJECT_TB
--------------------------------------------------------

  CREATE TABLE "DODREAM"."PROJECT_TB" 
   (	"PROJECT_NO" NUMBER, 
	"PROJECT_TITLE" VARCHAR2(1000 BYTE), 
	"PROJECT_STITLE" VARCHAR2(1000 BYTE), 
	"PROJECT_GOAL" NUMBER, 
	"PROJECT_THUMB_IMG" VARCHAR2(1000 BYTE), 
	"PROJECT_START_DT" DATE, 
	"PROJECT_CLOSE_DT" DATE, 
	"PROJECT_HASHTAG" VARCHAR2(4000 BYTE), 
	"PROJECT_MAIN_IMG" VARCHAR2(1000 BYTE), 
	"PROJECT_SUMMARY" VARCHAR2(3000 BYTE), 
	"PROJECT_STORY" CLOB, 
	"PROJECT_AT_NM" VARCHAR2(500 BYTE), 
	"PROJECT_AT_PF" VARCHAR2(1000 BYTE), 
	"PROJECT_AT_SNS1" VARCHAR2(100 BYTE), 
	"PROJECT_AT_SNS2" VARCHAR2(100 BYTE), 
	"PROJECT_AT_CONT" VARCHAR2(100 BYTE), 
	"PROJECT_AT_EM" VARCHAR2(100 BYTE), 
	"PROJECT_ER_DT" DATE DEFAULT SYSDATE, 
	"PROJECT_MF_DT" DATE DEFAULT SYSDATE, 
	"PROJECT_WRITER" NUMBER, 
	"PROJECT_CT_NO" NUMBER, 
	"PROJECT_ST_NO" NUMBER, 
	"PROJECT_COUNT" NUMBER DEFAULT 0, 
	"PROJECT_AT_INT" VARCHAR2(4000 BYTE), 
	"PROJECT_TOTAL" NUMBER DEFAULT (0)
   ) SEGMENT CREATION IMMEDIATE 
  PCTFREE 10 PCTUSED 40 INITRANS 1 MAXTRANS 255 NOCOMPRESS LOGGING
  STORAGE(INITIAL 65536 NEXT 1048576 MINEXTENTS 1 MAXEXTENTS 2147483645
  PCTINCREASE 0 FREELISTS 1 FREELIST GROUPS 1 BUFFER_POOL DEFAULT FLASH_CACHE DEFAULT CELL_FLASH_CACHE DEFAULT)
  TABLESPACE "SYSTEM" 
 LOB ("PROJECT_STORY") STORE AS BASICFILE (
  TABLESPACE "SYSTEM" ENABLE STORAGE IN ROW CHUNK 8192 RETENTION 
  NOCACHE LOGGING 
  STORAGE(INITIAL 65536 NEXT 1048576 MINEXTENTS 1 MAXEXTENTS 2147483645
  PCTINCREASE 0 FREELISTS 1 FREELIST GROUPS 1 BUFFER_POOL DEFAULT FLASH_CACHE DEFAULT CELL_FLASH_CACHE DEFAULT)) ;

   COMMENT ON COLUMN "DODREAM"."PROJECT_TB"."PROJECT_NO" IS 'SEQ_PROJ_NO';
   COMMENT ON COLUMN "DODREAM"."PROJECT_TB"."PROJECT_START_DT" IS 'START_DATE/시작일';
   COMMENT ON COLUMN "DODREAM"."PROJECT_TB"."PROJECT_CLOSE_DT" IS 'CLOSE_DATE/종료일';
   COMMENT ON COLUMN "DODREAM"."PROJECT_TB"."PROJECT_AT_NM" IS 'ARTIST_NAME/아티스트이름';
   COMMENT ON COLUMN "DODREAM"."PROJECT_TB"."PROJECT_AT_PF" IS 'ARTIST_PROFILE/아티스트프로필사진';
   COMMENT ON COLUMN "DODREAM"."PROJECT_TB"."PROJECT_AT_SNS1" IS 'ARTIST_SNS';
   COMMENT ON COLUMN "DODREAM"."PROJECT_TB"."PROJECT_AT_SNS2" IS 'ARTIST_SNS';
   COMMENT ON COLUMN "DODREAM"."PROJECT_TB"."PROJECT_AT_CONT" IS 'ARTIST_CONTRACT/아티스트연락처';
   COMMENT ON COLUMN "DODREAM"."PROJECT_TB"."PROJECT_AT_EM" IS 'ARTIST_EMAIL';
   COMMENT ON COLUMN "DODREAM"."PROJECT_TB"."PROJECT_ER_DT" IS 'ENROLL_DATE/프로젝트등록일자';
   COMMENT ON COLUMN "DODREAM"."PROJECT_TB"."PROJECT_MF_DT" IS 'MODIFY_DATE/프로젝트수정일자';
   COMMENT ON COLUMN "DODREAM"."PROJECT_TB"."PROJECT_CT_NO" IS 'CATEGORY_NO/프로젝트카테고리번호';
   COMMENT ON COLUMN "DODREAM"."PROJECT_TB"."PROJECT_ST_NO" IS 'STATUS_NO/프로젝트상태번호';
   COMMENT ON COLUMN "DODREAM"."PROJECT_TB"."PROJECT_COUNT" IS '카테고리 조회수';
   COMMENT ON COLUMN "DODREAM"."PROJECT_TB"."PROJECT_AT_INT" IS '아티스트 자기소개';
--------------------------------------------------------
--  DDL for Table REPLY
--------------------------------------------------------

  CREATE TABLE "DODREAM"."REPLY" 
   (	"REPLY_NO" NUMBER, 
	"REPLY_CONTENT" VARCHAR2(4000 BYTE), 
	"REPLY_STATUS" VARCHAR2(1 BYTE) DEFAULT 'Y', 
	"REPLY_WRI_DT" DATE DEFAULT SYSDATE, 
	"REPLY_MODI_DT" DATE DEFAULT SYSDATE, 
	"REPLY_REF_PNO" NUMBER, 
	"REPLY_WRITER" NUMBER, 
	"REPLY_CG_NO" NUMBER
   ) SEGMENT CREATION IMMEDIATE 
  PCTFREE 10 PCTUSED 40 INITRANS 1 MAXTRANS 255 NOCOMPRESS LOGGING
  STORAGE(INITIAL 65536 NEXT 1048576 MINEXTENTS 1 MAXEXTENTS 2147483645
  PCTINCREASE 0 FREELISTS 1 FREELIST GROUPS 1 BUFFER_POOL DEFAULT FLASH_CACHE DEFAULT CELL_FLASH_CACHE DEFAULT)
  TABLESPACE "SYSTEM" ;

   COMMENT ON COLUMN "DODREAM"."REPLY"."REPLY_NO" IS 'SEQ_RPL_NO';
   COMMENT ON COLUMN "DODREAM"."REPLY"."REPLY_STATUS" IS 'Y/N';
   COMMENT ON COLUMN "DODREAM"."REPLY"."REPLY_WRI_DT" IS 'REPLY_WRITE_DATE/ 댓글작성일';
   COMMENT ON COLUMN "DODREAM"."REPLY"."REPLY_MODI_DT" IS 'REPLY_MODIFY_DATE/댓글수정일';
--------------------------------------------------------
--  DDL for Table REPLY_CG
--------------------------------------------------------

  CREATE TABLE "DODREAM"."REPLY_CG" 
   (	"REPLY_CG_NO" NUMBER, 
	"REPLY_CG_NM" VARCHAR2(100 BYTE)
   ) SEGMENT CREATION IMMEDIATE 
  PCTFREE 10 PCTUSED 40 INITRANS 1 MAXTRANS 255 NOCOMPRESS LOGGING
  STORAGE(INITIAL 65536 NEXT 1048576 MINEXTENTS 1 MAXEXTENTS 2147483645
  PCTINCREASE 0 FREELISTS 1 FREELIST GROUPS 1 BUFFER_POOL DEFAULT FLASH_CACHE DEFAULT CELL_FLASH_CACHE DEFAULT)
  TABLESPACE "SYSTEM" ;

   COMMENT ON COLUMN "DODREAM"."REPLY_CG"."REPLY_CG_NO" IS 'CATEGORY_NO/댓글카테고리번호';
   COMMENT ON COLUMN "DODREAM"."REPLY_CG"."REPLY_CG_NM" IS 'CATEGORY_NAME/댓글카테고리이름';
--------------------------------------------------------
--  DDL for Table REPORT_REPLY
--------------------------------------------------------

  CREATE TABLE "DODREAM"."REPORT_REPLY" 
   (	"REPORT_RP_NO" NUMBER, 
	"REPORT_RP_CONTENT" VARCHAR2(4000 BYTE), 
	"REPORT_RP_DT" DATE DEFAULT SYSDATE, 
	"REPORT_RP_REF_RNO" NUMBER, 
	"REPORT_RP_WRITER" NUMBER
   ) SEGMENT CREATION IMMEDIATE 
  PCTFREE 10 PCTUSED 40 INITRANS 1 MAXTRANS 255 NOCOMPRESS LOGGING
  STORAGE(INITIAL 65536 NEXT 1048576 MINEXTENTS 1 MAXEXTENTS 2147483645
  PCTINCREASE 0 FREELISTS 1 FREELIST GROUPS 1 BUFFER_POOL DEFAULT FLASH_CACHE DEFAULT CELL_FLASH_CACHE DEFAULT)
  TABLESPACE "SYSTEM" ;

   COMMENT ON COLUMN "DODREAM"."REPORT_REPLY"."REPORT_RP_NO" IS 'SEQ_ANS_NO';
--------------------------------------------------------
--  DDL for Table REPORT_TB
--------------------------------------------------------

  CREATE TABLE "DODREAM"."REPORT_TB" 
   (	"REPORT_NO" NUMBER, 
	"REPORT_DATE" DATE DEFAULT SYSDATE, 
	"REPORT_CONTENT" VARCHAR2(4000 BYTE), 
	"REPORT_REF_PNO" NUMBER, 
	"REPORT_WRITER" NUMBER, 
	"REPORT_STATUS" VARCHAR2(1 BYTE) DEFAULT 'Y'
   ) SEGMENT CREATION IMMEDIATE 
  PCTFREE 10 PCTUSED 40 INITRANS 1 MAXTRANS 255 NOCOMPRESS LOGGING
  STORAGE(INITIAL 65536 NEXT 1048576 MINEXTENTS 1 MAXEXTENTS 2147483645
  PCTINCREASE 0 FREELISTS 1 FREELIST GROUPS 1 BUFFER_POOL DEFAULT FLASH_CACHE DEFAULT CELL_FLASH_CACHE DEFAULT)
  TABLESPACE "SYSTEM" ;

   COMMENT ON COLUMN "DODREAM"."REPORT_TB"."REPORT_NO" IS 'SEQ_REP_NO';
--------------------------------------------------------
--  DDL for Table RESERVE
--------------------------------------------------------

  CREATE TABLE "DODREAM"."RESERVE" 
   (	"RESERVE_NO" NUMBER, 
	"BILLINGKEY" VARCHAR2(4000 BYTE), 
	"ADDITIONAL" NUMBER DEFAULT 0, 
	"RESERVE_DATE" DATE, 
	"RESERVE_NAME" VARCHAR2(100 BYTE), 
	"RESERVE_CONTRACT" VARCHAR2(100 BYTE), 
	"RESERVE_ADDRESS" VARCHAR2(4000 BYTE), 
	"RESERVE_REQUEST" VARCHAR2(300 BYTE), 
	"RESERVE_USER" NUMBER, 
	"RESERVE_REF_PNO" NUMBER, 
	"RESERVE_STATUS_NO" NUMBER DEFAULT 1
   ) SEGMENT CREATION IMMEDIATE 
  PCTFREE 10 PCTUSED 40 INITRANS 1 MAXTRANS 255 NOCOMPRESS LOGGING
  STORAGE(INITIAL 65536 NEXT 1048576 MINEXTENTS 1 MAXEXTENTS 2147483645
  PCTINCREASE 0 FREELISTS 1 FREELIST GROUPS 1 BUFFER_POOL DEFAULT FLASH_CACHE DEFAULT CELL_FLASH_CACHE DEFAULT)
  TABLESPACE "SYSTEM" ;

   COMMENT ON COLUMN "DODREAM"."RESERVE"."RESERVE_NO" IS 'SEQ_RES_NO';
   COMMENT ON COLUMN "DODREAM"."RESERVE"."BILLINGKEY" IS '카드사 빌링키(CUSTOMER_UID)';
   COMMENT ON COLUMN "DODREAM"."RESERVE"."ADDITIONAL" IS '추가 펀딩 금액';
   COMMENT ON COLUMN "DODREAM"."RESERVE"."RESERVE_DATE" IS '예약한 일시
';
   COMMENT ON COLUMN "DODREAM"."RESERVE"."RESERVE_NAME" IS '배송이름';
   COMMENT ON COLUMN "DODREAM"."RESERVE"."RESERVE_CONTRACT" IS '배송전화번호';
   COMMENT ON COLUMN "DODREAM"."RESERVE"."RESERVE_ADDRESS" IS '배송주소';
   COMMENT ON COLUMN "DODREAM"."RESERVE"."RESERVE_REQUEST" IS '배송시요청사항';
   COMMENT ON COLUMN "DODREAM"."RESERVE"."RESERVE_USER" IS '예약한 유저 번호';
   COMMENT ON COLUMN "DODREAM"."RESERVE"."RESERVE_REF_PNO" IS '참조하는 프로젝트 번호
';
   COMMENT ON COLUMN "DODREAM"."RESERVE"."RESERVE_STATUS_NO" IS '1/결제대기 2/결제완료 3/결제취소';
--------------------------------------------------------
--  DDL for Table RESERVE_STATUS
--------------------------------------------------------

  CREATE TABLE "DODREAM"."RESERVE_STATUS" 
   (	"RESERVE_ST_NO" NUMBER, 
	"RESERVE_ST_DETAIL" VARCHAR2(100 BYTE)
   ) SEGMENT CREATION IMMEDIATE 
  PCTFREE 10 PCTUSED 40 INITRANS 1 MAXTRANS 255 NOCOMPRESS LOGGING
  STORAGE(INITIAL 65536 NEXT 1048576 MINEXTENTS 1 MAXEXTENTS 2147483645
  PCTINCREASE 0 FREELISTS 1 FREELIST GROUPS 1 BUFFER_POOL DEFAULT FLASH_CACHE DEFAULT CELL_FLASH_CACHE DEFAULT)
  TABLESPACE "SYSTEM" ;
--------------------------------------------------------
--  DDL for Table REVIEW
--------------------------------------------------------

  CREATE TABLE "DODREAM"."REVIEW" 
   (	"REVIEW_NO" NUMBER, 
	"REVIEW_TITLE" VARCHAR2(300 BYTE), 
	"REVIEW_CONTENT" CLOB, 
	"REVIEW_ER_DT" DATE DEFAULT SYSDATE, 
	"REVIEW_MF_DT" DATE DEFAULT SYSDATE, 
	"REVIEW_STATUS" VARCHAR2(1 BYTE) DEFAULT 'Y', 
	"REVIEW_REF_PNO" NUMBER, 
	"REVIEW_WRITER" NUMBER, 
	"REVIEW_TN_IMG" VARCHAR2(500 BYTE), 
	"REVIEW_IMG" VARCHAR2(1000 BYTE), 
	"REVIEW_COUNT" NUMBER DEFAULT 0, 
	"REVIEW_SUBTITLE" VARCHAR2(300 BYTE), 
	"REVIEW_CNO" NUMBER
   ) SEGMENT CREATION IMMEDIATE 
  PCTFREE 10 PCTUSED 40 INITRANS 1 MAXTRANS 255 NOCOMPRESS LOGGING
  STORAGE(INITIAL 65536 NEXT 1048576 MINEXTENTS 1 MAXEXTENTS 2147483645
  PCTINCREASE 0 FREELISTS 1 FREELIST GROUPS 1 BUFFER_POOL DEFAULT FLASH_CACHE DEFAULT CELL_FLASH_CACHE DEFAULT)
  TABLESPACE "SYSTEM" 
 LOB ("REVIEW_CONTENT") STORE AS BASICFILE (
  TABLESPACE "SYSTEM" ENABLE STORAGE IN ROW CHUNK 8192 RETENTION 
  NOCACHE LOGGING 
  STORAGE(INITIAL 65536 NEXT 1048576 MINEXTENTS 1 MAXEXTENTS 2147483645
  PCTINCREASE 0 FREELISTS 1 FREELIST GROUPS 1 BUFFER_POOL DEFAULT FLASH_CACHE DEFAULT CELL_FLASH_CACHE DEFAULT)) ;

   COMMENT ON COLUMN "DODREAM"."REVIEW"."REVIEW_NO" IS 'SEQ_PROJ_RV_NO';
   COMMENT ON COLUMN "DODREAM"."REVIEW"."REVIEW_TITLE" IS '제목';
   COMMENT ON COLUMN "DODREAM"."REVIEW"."REVIEW_CONTENT" IS '내용';
   COMMENT ON COLUMN "DODREAM"."REVIEW"."REVIEW_ER_DT" IS '작성일';
   COMMENT ON COLUMN "DODREAM"."REVIEW"."REVIEW_MF_DT" IS '수정일';
   COMMENT ON COLUMN "DODREAM"."REVIEW"."REVIEW_STATUS" IS '후기 상태';
   COMMENT ON COLUMN "DODREAM"."REVIEW"."REVIEW_REF_PNO" IS '프로젝트번호';
   COMMENT ON COLUMN "DODREAM"."REVIEW"."REVIEW_WRITER" IS '작성자번호';
   COMMENT ON COLUMN "DODREAM"."REVIEW"."REVIEW_TN_IMG" IS '썸네일 이미지';
   COMMENT ON COLUMN "DODREAM"."REVIEW"."REVIEW_IMG" IS '리뷰 이미지';
   COMMENT ON COLUMN "DODREAM"."REVIEW"."REVIEW_COUNT" IS '조회수';
   COMMENT ON COLUMN "DODREAM"."REVIEW"."REVIEW_SUBTITLE" IS '부제목';
   COMMENT ON COLUMN "DODREAM"."REVIEW"."REVIEW_CNO" IS '카테고리 번호';
--------------------------------------------------------
--  DDL for Table REWARD
--------------------------------------------------------

  CREATE TABLE "DODREAM"."REWARD" 
   (	"REWARD_NO" NUMBER, 
	"REWARD_PRICE" NUMBER, 
	"REWARD_NAME" VARCHAR2(200 BYTE), 
	"REWARD_EXPLAIN" VARCHAR2(4000 BYTE), 
	"REWARD_LIMIT" NUMBER DEFAULT 0, 
	"REWARD_SHIP_CDT" VARCHAR2(1 BYTE) DEFAULT 'N', 
	"REWARD_SHIP_DT" DATE, 
	"REWARD_OP_ADD" VARCHAR2(4000 BYTE), 
	"REWARD_REF_PNO" NUMBER, 
	"REWARD_OP_NO" NUMBER, 
	"REWARD_AMOUNT" NUMBER DEFAULT 0
   ) SEGMENT CREATION IMMEDIATE 
  PCTFREE 10 PCTUSED 40 INITRANS 1 MAXTRANS 255 NOCOMPRESS LOGGING
  STORAGE(INITIAL 65536 NEXT 1048576 MINEXTENTS 1 MAXEXTENTS 2147483645
  PCTINCREASE 0 FREELISTS 1 FREELIST GROUPS 1 BUFFER_POOL DEFAULT FLASH_CACHE DEFAULT CELL_FLASH_CACHE DEFAULT)
  TABLESPACE "SYSTEM" ;

   COMMENT ON COLUMN "DODREAM"."REWARD"."REWARD_NO" IS 'SEQ_RWD_NO';
   COMMENT ON COLUMN "DODREAM"."REWARD"."REWARD_EXPLAIN" IS '리워드 설명';
   COMMENT ON COLUMN "DODREAM"."REWARD"."REWARD_LIMIT" IS '리워드 제한수량';
   COMMENT ON COLUMN "DODREAM"."REWARD"."REWARD_SHIP_CDT" IS 'SHIP_CONDITION/배송조건';
   COMMENT ON COLUMN "DODREAM"."REWARD"."REWARD_SHIP_DT" IS 'SHIP_DATE/배송예정일';
   COMMENT ON COLUMN "DODREAM"."REWARD"."REWARD_AMOUNT" IS '리워드 재고';
--------------------------------------------------------
--  DDL for Table REWARD_OPTION
--------------------------------------------------------

  CREATE TABLE "DODREAM"."REWARD_OPTION" 
   (	"REWORD_OP_NO" NUMBER, 
	"REWORD_OP_DETAIL" VARCHAR2(1000 BYTE)
   ) SEGMENT CREATION IMMEDIATE 
  PCTFREE 10 PCTUSED 40 INITRANS 1 MAXTRANS 255 NOCOMPRESS LOGGING
  STORAGE(INITIAL 65536 NEXT 1048576 MINEXTENTS 1 MAXEXTENTS 2147483645
  PCTINCREASE 0 FREELISTS 1 FREELIST GROUPS 1 BUFFER_POOL DEFAULT FLASH_CACHE DEFAULT CELL_FLASH_CACHE DEFAULT)
  TABLESPACE "SYSTEM" ;

   COMMENT ON COLUMN "DODREAM"."REWARD_OPTION"."REWORD_OP_NO" IS 'OPTION_NO/리워드 옵션 번호';
   COMMENT ON COLUMN "DODREAM"."REWARD_OPTION"."REWORD_OP_DETAIL" IS 'OPTION_DETAIL/리워드옵션상세';
--------------------------------------------------------
--  DDL for Table SUBREPLY
--------------------------------------------------------

  CREATE TABLE "DODREAM"."SUBREPLY" 
   (	"SUBRE_NO" NUMBER, 
	"SUBRE_CON" VARCHAR2(4000 BYTE), 
	"SUBRE_STATUS" VARCHAR2(1 BYTE) DEFAULT 'Y', 
	"SUBRE_WRI_DT" DATE DEFAULT SYSDATE, 
	"SUBRE_MODI_DT" DATE DEFAULT SYSDATE, 
	"SUBRE_WRITER" NUMBER, 
	"SUBRE_REF_RNO" NUMBER
   ) SEGMENT CREATION IMMEDIATE 
  PCTFREE 10 PCTUSED 40 INITRANS 1 MAXTRANS 255 NOCOMPRESS LOGGING
  STORAGE(INITIAL 65536 NEXT 1048576 MINEXTENTS 1 MAXEXTENTS 2147483645
  PCTINCREASE 0 FREELISTS 1 FREELIST GROUPS 1 BUFFER_POOL DEFAULT FLASH_CACHE DEFAULT CELL_FLASH_CACHE DEFAULT)
  TABLESPACE "SYSTEM" ;

   COMMENT ON COLUMN "DODREAM"."SUBREPLY"."SUBRE_NO" IS 'SEQ_SUBRPL_NO';
   COMMENT ON COLUMN "DODREAM"."SUBREPLY"."SUBRE_CON" IS 'SUBREPLY_CONTENT/대댓글내용';
   COMMENT ON COLUMN "DODREAM"."SUBREPLY"."SUBRE_STATUS" IS 'Y/N';
   COMMENT ON COLUMN "DODREAM"."SUBREPLY"."SUBRE_WRI_DT" IS 'SUBREPLY_WRITE_DATE';
   COMMENT ON COLUMN "DODREAM"."SUBREPLY"."SUBRE_MODI_DT" IS 'SUBREPLY_MODIFY_DATE';
   COMMENT ON COLUMN "DODREAM"."SUBREPLY"."SUBRE_REF_RNO" IS '참조하는 댓글 번호';
--------------------------------------------------------
--  DDL for Table USER_TB
--------------------------------------------------------

  CREATE TABLE "DODREAM"."USER_TB" 
   (	"USER_NO" NUMBER, 
	"USER_EMAIL" VARCHAR2(100 BYTE), 
	"USER_NICKNAME" VARCHAR2(100 BYTE), 
	"USER_PWD" VARCHAR2(100 BYTE), 
	"USER_EM_AUTH_YN" VARCHAR2(1 BYTE) DEFAULT 'N', 
	"USER_ADMIN_YN" VARCHAR2(1 BYTE) DEFAULT 'N', 
	"USER_STATUS" VARCHAR2(1 BYTE) DEFAULT 'Y', 
	"USER_ER_DT" DATE DEFAULT SYSDATE, 
	"USER_LOGIN_DATE" DATE DEFAULT SYSDATE, 
	"USER_MF_DT" DATE DEFAULT SYSDATE, 
	"USER_ADDR" VARCHAR2(1000 BYTE), 
	"USER_PHONE" VARCHAR2(100 BYTE), 
	"USER_PF_IMG" VARCHAR2(1000 BYTE), 
	"USER_SELF" VARCHAR2(1000 BYTE)
   ) SEGMENT CREATION IMMEDIATE 
  PCTFREE 10 PCTUSED 40 INITRANS 1 MAXTRANS 255 NOCOMPRESS LOGGING
  STORAGE(INITIAL 65536 NEXT 1048576 MINEXTENTS 1 MAXEXTENTS 2147483645
  PCTINCREASE 0 FREELISTS 1 FREELIST GROUPS 1 BUFFER_POOL DEFAULT FLASH_CACHE DEFAULT CELL_FLASH_CACHE DEFAULT)
  TABLESPACE "SYSTEM" ;

   COMMENT ON COLUMN "DODREAM"."USER_TB"."USER_NO" IS 'SEQ_USER_NO';
   COMMENT ON COLUMN "DODREAM"."USER_TB"."USER_EM_AUTH_YN" IS '이메일인증시 Y /EMAIL_AUTH';
   COMMENT ON COLUMN "DODREAM"."USER_TB"."USER_ADMIN_YN" IS '일반회원 N';
   COMMENT ON COLUMN "DODREAM"."USER_TB"."USER_STATUS" IS '탈퇴시 N/ 블랙리스트시 B';
   COMMENT ON COLUMN "DODREAM"."USER_TB"."USER_ER_DT" IS 'ENROLL_DATE/가입일자';
   COMMENT ON COLUMN "DODREAM"."USER_TB"."USER_MF_DT" IS 'MODIFY_DATE/수정일자';
   COMMENT ON COLUMN "DODREAM"."USER_TB"."USER_ADDR" IS 'ADDRESS/주소';
   COMMENT ON COLUMN "DODREAM"."USER_TB"."USER_PF_IMG" IS 'PROFILE_IMG';
--------------------------------------------------------
--  DDL for View ADMIN_BILLING_VIEW
--------------------------------------------------------

  CREATE OR REPLACE FORCE VIEW "DODREAM"."ADMIN_BILLING_VIEW" ("PROJECT_NO", "PROJECT_TITLE", "RESERVE_NO", "BILLINGKEY", "USER_NO", "USER_NICKNAME", "REWARD_PRICE_SUM", "ADDITIONAL", "TOTAL") AS 
  SELECT P.PROJECT_NO, P.PROJECT_TITLE, V.RESERVE_NO, V.BILLINGKEY, U.USER_NO, U.USER_NICKNAME, V.REWARD_PRICE_SUM, V.ADDITIONAL, V.TOTAL FROM RESERVE_VIEW V
JOIN PROJECT_TB P ON (P.PROJECT_NO = V.RESERVE_REF_PNO)
JOIN USER_TB U ON (V.RESERVE_USER = U.USER_NO)
WHERE P.PROJECT_ST_NO = 7 AND V.RESERVE_STATUS_NO = 1
ORDER BY P.PROJECT_NO DESC
;
--------------------------------------------------------
--  DDL for View FOLLOWERLIST
--------------------------------------------------------

  CREATE OR REPLACE FORCE VIEW "DODREAM"."FOLLOWERLIST" ("FOLLOW", "FOLLOWER", "USER_NICKNAME", "USER_PF_IMG", "USER_SELF", "FOLLOW_DATE", "OPEN_PROJECT") AS 
  SELECT FOLLOW, FOLLOWER, USER_NICKNAME, USER_PF_IMG, USER_SELF, FOLLOW_DATE, (SELECT COUNT(*) FROM PROJECT_TB WHERE PROJECT_WRITER = FOLLOW ) AS "OPEN_PROJECT" FROM FOLLOW_TB 
JOIN USER_TB ON(FOLLOW = USER_NO)
;
--------------------------------------------------------
--  DDL for View FOLLOWLIST
--------------------------------------------------------

  CREATE OR REPLACE FORCE VIEW "DODREAM"."FOLLOWLIST" ("FOLLOW", "FOLLOWER", "USER_NICKNAME", "USER_PF_IMG", "USER_SELF", "FOLLOWER_DATE") AS 
  SELECT FOLLOW, FOLLOWER, USER_NICKNAME, USER_PF_IMG, USER_SELF, FOLLOWER_DATE FROM FOLLOW_TB JOIN USER_TB ON(FOLLOWER = USER_NO)
;
--------------------------------------------------------
--  DDL for View HIS_RWD_VIEW
--------------------------------------------------------

  CREATE OR REPLACE FORCE VIEW "DODREAM"."HIS_RWD_VIEW" ("REWARD_NO", "RESERVE_NO", "REWARD_SUM", "REWARD_OPTION", "REWARD_PRICE", "REWARD_NAME", "REWARD_EXPLAIN", "REWARD_LIMIT", "REWARD_SHIP_CDT", "REWARD_SHIP_DT", "REWARD_OP_ADD", "REWARD_REF_PNO", "REWARD_OP_NO", "REWARD_AMOUNT") AS 
  SELECT "REWARD_NO","RESERVE_NO","REWARD_SUM","REWARD_OPTION","REWARD_PRICE","REWARD_NAME","REWARD_EXPLAIN","REWARD_LIMIT","REWARD_SHIP_CDT","REWARD_SHIP_DT","REWARD_OP_ADD","REWARD_REF_PNO","REWARD_OP_NO","REWARD_AMOUNT" FROM HISTORY
JOIN REWARD USING ( REWARD_NO )
;
--------------------------------------------------------
--  DDL for View PRJ_COUNT_DESC
--------------------------------------------------------

  CREATE OR REPLACE FORCE VIEW "DODREAM"."PRJ_COUNT_DESC" ("PROJECT_CT_NO", "PROJECT_NO", "PROJECT_TITLE", "PROJECT_STITLE", "PROJECT_GOAL", "PROJECT_THUMB_IMG", "PROJECT_START_DT", "PROJECT_CLOSE_DT", "PROJECT_HASHTAG", "PROJECT_MAIN_IMG", "PROJECT_SUMMARY", "PROJECT_STORY", "PROJECT_AT_NM", "PROJECT_AT_PF", "PROJECT_AT_SNS1", "PROJECT_AT_SNS2", "PROJECT_AT_CONT", "PROJECT_AT_EM", "PROJECT_ER_DT", "PROJECT_MF_DT", "PROJECT_WRITER", "PROJECT_ST_NO", "PROJECT_COUNT", "PROJECT_CT_NAME") AS 
  SELECT "PROJECT_CT_NO","PROJECT_NO","PROJECT_TITLE","PROJECT_STITLE","PROJECT_GOAL","PROJECT_THUMB_IMG","PROJECT_START_DT","PROJECT_CLOSE_DT","PROJECT_HASHTAG","PROJECT_MAIN_IMG","PROJECT_SUMMARY","PROJECT_STORY","PROJECT_AT_NM","PROJECT_AT_PF","PROJECT_AT_SNS1","PROJECT_AT_SNS2","PROJECT_AT_CONT","PROJECT_AT_EM","PROJECT_ER_DT","PROJECT_MF_DT","PROJECT_WRITER","PROJECT_ST_NO","PROJECT_COUNT","PROJECT_CT_NAME" FROM PROJECT_TB
JOIN PROJECT_CG USING ( PROJECT_CT_NO )
WHERE PROJECT_ST_NO IN ( 4, 5 )
ORDER BY PROJECT_COUNT DESC, PROJECT_CLOSE_DT DESC
;
--------------------------------------------------------
--  DDL for View PROJECT_DETAIL_REPLY
--------------------------------------------------------

  CREATE OR REPLACE FORCE VIEW "DODREAM"."PROJECT_DETAIL_REPLY" ("REPLY_NO", "REPLY_CONTENT", "REPLY_STATUS", "REPLY_WRI_DT", "REPLY_MODI_DT", "REPLY_REF_PNO", "REPLY_WRITER", "REPLY_CG_NO", "REDAY", "NICKNAME", "CGNAME", "PRO_IMG", "RSUSER") AS 
  SELECT R."REPLY_NO",R."REPLY_CONTENT",R."REPLY_STATUS",R."REPLY_WRI_DT",R."REPLY_MODI_DT",R."REPLY_REF_PNO",R."REPLY_WRITER",R."REPLY_CG_NO",  TO_CHAR(R.REPLY_WRI_DT, 'YYYY.MM.DD HH24:MI:SS') AS REDAY, U.USER_NICKNAME AS NICKNAME, RC.REPLY_CG_NM AS CGNAME, U.USER_PF_IMG AS PRO_IMG,
(CASE WHEN RS.RESERVE_USER = R.REPLY_WRITER THEN '1' ELSE '0' END) AS RSUSER
FROM REPLY R

JOIN USER_TB U ON (U.USER_NO = R.REPLY_WRITER)
JOIN REPLY_CG RC ON (RC.REPLY_CG_NO = R.REPLY_CG_NO)
LEFT JOIN PROJECT_DETAIL_RESERVE RS ON(RS.RESERVE_USER = R.REPLY_WRITER)

GROUP BY R.REPLY_NO, R.REPLY_CONTENT, R.REPLY_STATUS, R.REPLY_WRI_DT, R.REPLY_MODI_DT, R.REPLY_REF_PNO, R.REPLY_WRITER, R.REPLY_CG_NO,
TO_CHAR(R.REPLY_WRI_DT, 'YYYY.MM.DD HH24:MI:SS'), U.USER_NICKNAME, RC.REPLY_CG_NM, U.USER_PF_IMG,(CASE WHEN RS.RESERVE_USER = R.REPLY_WRITER  THEN '1' ELSE '0' END)

ORDER BY REPLY_WRI_DT DESC
;
--------------------------------------------------------
--  DDL for View PROJECT_DETAIL_REPLY_2ND
--------------------------------------------------------

  CREATE OR REPLACE FORCE VIEW "DODREAM"."PROJECT_DETAIL_REPLY_2ND" ("REPLY_NO", "REPLY_CONTENT", "REPLY_STATUS", "REPLY_WRI_DT", "REPLY_MODI_DT", "REPLY_REF_PNO", "REPLY_WRITER", "REPLY_CG_NO", "REDAY", "NICKNAME", "CGNAME", "PRO_IMG", "RSUSER") AS 
  SELECT R."REPLY_NO",R."REPLY_CONTENT",R."REPLY_STATUS",R."REPLY_WRI_DT",R."REPLY_MODI_DT",R."REPLY_REF_PNO",R."REPLY_WRITER",R."REPLY_CG_NO",  TO_CHAR(R.REPLY_WRI_DT, 'YYYY.MM.DD HH24:MI:SS') AS REDAY, U.USER_NICKNAME AS NICKNAME, RC.REPLY_CG_NM AS CGNAME, U.USER_PF_IMG AS PRO_IMG,
(CASE WHEN R.REPLY_WRITER IN (SELECT RESERVE_USER FROM RESERVE WHERE RESERVE_REF_PNO = R.REPLY_REF_PNO) THEN '1' ELSE '0' END) AS RSUSER
FROM REPLY R
JOIN USER_TB U ON (U.USER_NO = R.REPLY_WRITER)
JOIN REPLY_CG RC ON (RC.REPLY_CG_NO = R.REPLY_CG_NO)
LEFT JOIN PROJECT_DETAIL_RESERVE RS ON(RS.RESERVE_USER = R.REPLY_WRITER)
GROUP BY R.REPLY_NO, R.REPLY_CONTENT, R.REPLY_STATUS, R.REPLY_WRI_DT, R.REPLY_MODI_DT, R.REPLY_REF_PNO, R.REPLY_WRITER, R.REPLY_CG_NO,
TO_CHAR(R.REPLY_WRI_DT, 'YYYY.MM.DD HH24:MI:SS'), U.USER_NICKNAME, RC.REPLY_CG_NM, U.USER_PF_IMG,(CASE WHEN R.REPLY_WRITER IN (SELECT RESERVE_USER FROM RESERVE WHERE RESERVE_REF_PNO = R.REPLY_REF_PNO) THEN '1' ELSE '0' END)
ORDER BY REPLY_WRI_DT DESC
;
--------------------------------------------------------
--  DDL for View PROJECT_DETAIL_RESERVE
--------------------------------------------------------

  CREATE OR REPLACE FORCE VIEW "DODREAM"."PROJECT_DETAIL_RESERVE" ("RESERVE_NO", "BILLINGKEY", "ADDITIONAL", "RESERVE_DATE", "RESERVE_NAME", "RESERVE_CONTRACT", "RESERVE_ADDRESS", "RESERVE_REQUEST", "RESERVE_USER", "RESERVE_REF_PNO", "RESERVE_STATUS_NO") AS 
  SELECT "RESERVE_NO","BILLINGKEY","ADDITIONAL","RESERVE_DATE","RESERVE_NAME","RESERVE_CONTRACT","RESERVE_ADDRESS","RESERVE_REQUEST","RESERVE_USER","RESERVE_REF_PNO","RESERVE_STATUS_NO" FROM RESERVE WHERE RESERVE_STATUS_NO IN(1,2)
;
--------------------------------------------------------
--  DDL for View PROJECT_DETAIL_REWARD
--------------------------------------------------------

  CREATE OR REPLACE FORCE VIEW "DODREAM"."PROJECT_DETAIL_REWARD" ("REWARD_NO", "REWARD_PRICE", "REWARD_NAME", "REWARD_EXPLAIN", "REWARD_LIMIT", "REWARD_SHIP_CDT", "REWARD_SHIP_DT", "REWARD_OP_ADD", "REWARD_REF_PNO", "REWARD_OP_NO", "REWARD_AMOUNT", "SUMM") AS 
  SELECT R3."REWARD_NO",R3."REWARD_PRICE",R3."REWARD_NAME",R3."REWARD_EXPLAIN",R3."REWARD_LIMIT",R3."REWARD_SHIP_CDT",R3."REWARD_SHIP_DT",R3."REWARD_OP_ADD",R3."REWARD_REF_PNO",R3."REWARD_OP_NO",R3."REWARD_AMOUNT",
(SELECT SUM(H.REWARD_SUM) 
FROM HISTORY H 
JOIN REWARD R ON ( H.REWARD_NO = R.REWARD_NO)
WHERE H.REWARD_NO = R3.REWARD_NO
GROUP BY H.REWARD_NO ) AS SUMM
FROM REWARD R3
;
--------------------------------------------------------
--  DDL for View PROJECT_DETAIL_SUBREPLY
--------------------------------------------------------

  CREATE OR REPLACE FORCE VIEW "DODREAM"."PROJECT_DETAIL_SUBREPLY" ("SUBRE_NO", "SUBRE_CON", "SUBRE_STATUS", "SUBRE_WRI_DT", "SUBRE_MODI_DT", "SUBRE_WRITER", "SUBRE_REF_RNO", "SUBREDAY", "NICKNAME", "PRO_IMG", "RSUSER") AS 
  SELECT SR."SUBRE_NO",SR."SUBRE_CON",SR."SUBRE_STATUS",SR."SUBRE_WRI_DT",SR."SUBRE_MODI_DT",SR."SUBRE_WRITER",SR."SUBRE_REF_RNO", TO_CHAR(SR.SUBRE_WRI_DT, 'YYYY.MM.DD HH24:MI:SS') AS SUBREDAY, U.USER_NICKNAME AS NICKNAME, U.USER_PF_IMG AS PRO_IMG,
(CASE WHEN RS.RESERVE_USER = SR.SUBRE_WRITER THEN '1' ELSE '0' END) AS RSUSER
FROM SUBREPLY SR
JOIN USER_TB U ON (U.USER_NO = SR.SUBRE_WRITER)
JOIN REPLY R ON (R.REPLY_NO = SR.SUBRE_REF_RNO)
LEFT JOIN PROJECT_DETAIL_RESERVE RS ON(RS.RESERVE_USER = SR.SUBRE_WRITER)
GROUP BY SR.SUBRE_NO, SR.SUBRE_CON, SR.SUBRE_STATUS, SR.SUBRE_WRI_DT, SR.SUBRE_MODI_DT, SR.SUBRE_WRITER, SR.SUBRE_REF_RNO,
TO_CHAR(SR.SUBRE_WRI_DT, 'YYYY.MM.DD HH24:MI:SS'), U.USER_NICKNAME,  U.USER_PF_IMG, (CASE WHEN RS.RESERVE_USER = SR.SUBRE_WRITER THEN '1' ELSE '0' END)
ORDER BY SUBRE_WRI_DT DESC
;
--------------------------------------------------------
--  DDL for View PROJECT_DETAIL_SUBREPLY_2ND
--------------------------------------------------------

  CREATE OR REPLACE FORCE VIEW "DODREAM"."PROJECT_DETAIL_SUBREPLY_2ND" ("SUBRE_NO", "SUBRE_CON", "SUBRE_STATUS", "SUBRE_WRI_DT", "SUBRE_MODI_DT", "SUBRE_WRITER", "SUBRE_REF_RNO", "SUBREDAY", "NICKNAME", "PRO_IMG", "RSUSER", "SUBRE_PNO") AS 
  SELECT SR."SUBRE_NO",SR."SUBRE_CON",SR."SUBRE_STATUS",SR."SUBRE_WRI_DT",SR."SUBRE_MODI_DT",SR."SUBRE_WRITER",SR."SUBRE_REF_RNO", TO_CHAR(SR.SUBRE_WRI_DT, 'YYYY.MM.DD HH24:MI:SS') AS SUBREDAY, U.USER_NICKNAME AS NICKNAME, U.USER_PF_IMG AS PRO_IMG,
(CASE WHEN R.REPLY_WRITER IN (SELECT RESERVE_USER FROM RESERVE WHERE RESERVE_REF_PNO = R.REPLY_REF_PNO) THEN '1' ELSE '0' END) AS RSUSER, 
R.REPLY_REF_PNO AS SUBRE_PNO
FROM SUBREPLY SR
JOIN USER_TB U ON (U.USER_NO = SR.SUBRE_WRITER)
JOIN PROJECT_DETAIL_REPLY_2ND R ON (R.REPLY_NO = SR.SUBRE_REF_RNO)
LEFT JOIN PROJECT_DETAIL_RESERVE RS ON(RS.RESERVE_USER = SR.SUBRE_WRITER)
GROUP BY SR.SUBRE_NO, SR.SUBRE_CON, SR.SUBRE_STATUS, SR.SUBRE_WRI_DT, SR.SUBRE_MODI_DT, SR.SUBRE_WRITER, SR.SUBRE_REF_RNO,
TO_CHAR(SR.SUBRE_WRI_DT, 'YYYY.MM.DD HH24:MI:SS'), U.USER_NICKNAME,  U.USER_PF_IMG, (CASE WHEN R.REPLY_WRITER IN (SELECT RESERVE_USER FROM RESERVE WHERE RESERVE_REF_PNO = R.REPLY_REF_PNO) THEN '1' ELSE '0' END),
R.REPLY_REF_PNO
ORDER BY SUBRE_WRI_DT DESC
;
--------------------------------------------------------
--  DDL for View PROJECT_DETAIL_VIEW
--------------------------------------------------------

  CREATE OR REPLACE FORCE VIEW "DODREAM"."PROJECT_DETAIL_VIEW" ("PROJECT_NO", "PROJECT_TITLE", "PROJECT_STITLE", "PROJECT_GOAL", "PROJECT_THUMB_IMG", "PROJECT_START_DT", "PROJECT_CLOSE_DT", "PROJECT_HASHTAG", "PROJECT_MAIN_IMG", "PROJECT_SUMMARY", "PROJECT_STORY", "PROJECT_AT_NM", "PROJECT_AT_PF", "PROJECT_AT_SNS1", "PROJECT_AT_SNS2", "PROJECT_AT_CONT", "PROJECT_AT_EM", "PROJECT_ER_DT", "PROJECT_MF_DT", "PROJECT_WRITER", "PROJECT_CT_NO", "PROJECT_ST_NO", "PROJECT_COUNT", "D_DAY", "PROJECT_OPEN_COUNT", "TOTAL") AS 
  SELECT PT."PROJECT_NO",PT."PROJECT_TITLE",PT."PROJECT_STITLE",PT."PROJECT_GOAL",PT."PROJECT_THUMB_IMG",PT."PROJECT_START_DT",PT."PROJECT_CLOSE_DT",PT."PROJECT_HASHTAG",PT."PROJECT_MAIN_IMG",PT."PROJECT_SUMMARY",PT."PROJECT_STORY",PT."PROJECT_AT_NM",PT."PROJECT_AT_PF",PT."PROJECT_AT_SNS1",PT."PROJECT_AT_SNS2",PT."PROJECT_AT_CONT",PT."PROJECT_AT_EM",PT."PROJECT_ER_DT",PT."PROJECT_MF_DT",PT."PROJECT_WRITER",PT."PROJECT_CT_NO",PT."PROJECT_ST_NO",PT."PROJECT_COUNT", FLOOR(PROJECT_CLOSE_DT - SYSDATE) AS D_DAY, (SELECT COUNT(*) FROM PROJECT_TB P JOIN USER_TB U ON( U.USER_NO = P. PROJECT_WRITER) WHERE P. PROJECT_WRITER = PT.PROJECT_WRITER ) "PROJECT_OPEN_COUNT",
NVL((SELECT SUM(TOTAL) FROM RESERVE_VIEW V WHERE V.RESERVE_REF_PNO = PT.PROJECT_NO AND V.RESERVE_STATUS_NO IN (1,2,4) GROUP BY RESERVE_REF_PNO), 0) AS TOTAL
FROM PROJECT_TB PT
JOIN USER_TB U ON( U.USER_NO = PT. PROJECT_WRITER)
;
--------------------------------------------------------
--  DDL for View PROJECT_DETAIL_VIEW_2ND
--------------------------------------------------------

  CREATE OR REPLACE FORCE VIEW "DODREAM"."PROJECT_DETAIL_VIEW_2ND" ("PROJECT_NO", "PROJECT_TITLE", "PROJECT_STITLE", "PROJECT_GOAL", "PROJECT_THUMB_IMG", "PROJECT_START_DT", "PROJECT_CLOSE_DT", "PROJECT_HASHTAG", "PROJECT_MAIN_IMG", "PROJECT_SUMMARY", "PROJECT_STORY", "PROJECT_AT_NM", "PROJECT_AT_PF", "PROJECT_AT_INT", "PROJECT_AT_SNS1", "PROJECT_AT_SNS2", "PROJECT_AT_CONT", "PROJECT_AT_EM", "PROJECT_ER_DT", "PROJECT_MF_DT", "PROJECT_WRITER", "PROJECT_CT_NO", "PROJECT_ST_NO", "PROJECT_COUNT", "D_DAY", "PROJECT_OPEN_COUNT", "TOTAL", "PROJECT_CT_NAME", "USERCOUNT") AS 
  SELECT PT."PROJECT_NO",PT."PROJECT_TITLE",PT."PROJECT_STITLE",PT."PROJECT_GOAL",PT."PROJECT_THUMB_IMG",PT."PROJECT_START_DT",PT."PROJECT_CLOSE_DT",PT."PROJECT_HASHTAG",PT."PROJECT_MAIN_IMG",PT."PROJECT_SUMMARY",PT."PROJECT_STORY",PT."PROJECT_AT_NM",PT."PROJECT_AT_PF", PT."PROJECT_AT_INT", PT."PROJECT_AT_SNS1",PT."PROJECT_AT_SNS2",PT."PROJECT_AT_CONT",PT."PROJECT_AT_EM",PT."PROJECT_ER_DT",PT."PROJECT_MF_DT",PT."PROJECT_WRITER",PT."PROJECT_CT_NO",PT."PROJECT_ST_NO",PT."PROJECT_COUNT", FLOOR(PROJECT_CLOSE_DT - SYSDATE) AS D_DAY, (SELECT COUNT(*) FROM PROJECT_TB P JOIN USER_TB U ON( U.USER_NO = P. PROJECT_WRITER) WHERE P. PROJECT_WRITER = PT.PROJECT_WRITER ) "PROJECT_OPEN_COUNT",
NVL((SELECT SUM(TOTAL) FROM RESERVE_VIEW V WHERE V.RESERVE_REF_PNO = PT.PROJECT_NO GROUP BY RESERVE_REF_PNO), 0) AS TOTAL, cg.project_ct_name,
NVL((SELECT COUNT(RESERVE_REF_PNO) 
FROM RESERVE
WHERE RESERVE_STATUS_NO IN('1', '2') AND RESERVE_REF_PNO = PT.PROJECT_NO
GROUP BY RESERVE_REF_PNO),0) AS USERCOUNT
FROM PROJECT_TB PT
JOIN USER_TB U ON( U.USER_NO = PT. PROJECT_WRITER)
JOIN PROJECT_CG CG ON ( PT.PROJECT_CT_NO = CG.PROJECT_CT_NO)
;
--------------------------------------------------------
--  DDL for View PROJECT_LIST_VIEW
--------------------------------------------------------

  CREATE OR REPLACE FORCE VIEW "DODREAM"."PROJECT_LIST_VIEW" ("PROJECT_NO", "PROJECT_TITLE", "PROJECT_STITLE", "PROJECT_GOAL", "PROJECT_THUMB_IMG", "PROJECT_START_DT", "PROJECT_CLOSE_DT", "PROJECT_HASHTAG", "PROJECT_MAIN_IMG", "PROJECT_SUMMARY", "PROJECT_STORY", "PROJECT_AT_NM", "PROJECT_AT_PF", "PROJECT_AT_SNS1", "PROJECT_AT_SNS2", "PROJECT_AT_CONT", "PROJECT_AT_EM", "PROJECT_ER_DT", "PROJECT_MF_DT", "PROJECT_WRITER", "PROJECT_CT_NO", "PROJECT_ST_NO", "PROJECT_COUNT", "PROJECT_AT_INT", "PROJECT_CT_NAME", "D_DAY", "TOTAL", "COUNTCOUNT", "SUPPORT_COUNT") AS 
  SELECT P."PROJECT_NO",P."PROJECT_TITLE",P."PROJECT_STITLE",P."PROJECT_GOAL",P."PROJECT_THUMB_IMG",P."PROJECT_START_DT",P."PROJECT_CLOSE_DT",P."PROJECT_HASHTAG",P."PROJECT_MAIN_IMG",P."PROJECT_SUMMARY",P."PROJECT_STORY",P."PROJECT_AT_NM",P."PROJECT_AT_PF",P."PROJECT_AT_SNS1",P."PROJECT_AT_SNS2",P."PROJECT_AT_CONT",P."PROJECT_AT_EM",P."PROJECT_ER_DT",P."PROJECT_MF_DT",P."PROJECT_WRITER",P."PROJECT_CT_NO",P."PROJECT_ST_NO",P."PROJECT_COUNT",P."PROJECT_AT_INT", C.PROJECT_CT_NAME, FLOOR(PROJECT_CLOSE_DT - SYSDATE) AS D_DAY, NVL((SELECT SUM(TOTAL) FROM RESERVE_VIEW V WHERE V.RESERVE_REF_PNO = P.PROJECT_NO AND V.RESERVE_STATUS_NO IN (1,2,4) GROUP BY RESERVE_REF_PNO),0) AS TOTAL, (CASE WHEN PROJECT_CLOSE_DT < SYSDATE THEN NULL ELSE PROJECT_COUNT END) AS COUNTCOUNT, (SELECT COUNT(DISTINCT(HIS.RESERVE_NO)) FROM HISTORY HIS JOIN RESERVE RES ON ( HIS.RESERVE_NO = RES.RESERVE_NO ) WHERE RES.RESERVE_REF_PNO = P.PROJECT_NO ) AS SUPPORT_COUNT
FROM PROJECT_TB P
JOIN PROJECT_CG C ON ( P.PROJECT_CT_NO = C.PROJECT_CT_NO )
WHERE PROJECT_ST_NO IN ( 4, 5, 7 )
ORDER BY COUNTCOUNT DESC NULLS LAST
;
--------------------------------------------------------
--  DDL for View PROJECT_LIST_VIEW_2ND
--------------------------------------------------------

  CREATE OR REPLACE FORCE VIEW "DODREAM"."PROJECT_LIST_VIEW_2ND" ("PROJECT_NO", "PROJECT_TITLE", "PROJECT_STITLE", "PROJECT_GOAL", "PROJECT_THUMB_IMG", "PROJECT_START_DT", "PROJECT_CLOSE_DT", "PROJECT_HASHTAG", "PROJECT_MAIN_IMG", "PROJECT_SUMMARY", "PROJECT_STORY", "PROJECT_AT_NM", "PROJECT_AT_PF", "PROJECT_AT_SNS1", "PROJECT_AT_SNS2", "PROJECT_AT_CONT", "PROJECT_AT_EM", "PROJECT_ER_DT", "PROJECT_MF_DT", "PROJECT_WRITER", "PROJECT_CT_NO", "PROJECT_ST_NO", "PROJECT_COUNT", "PROJECT_AT_INT", "PROJECT_CT_NAME", "D_DAY", "TOTAL", "COUNTCOUNT", "SUPPORT_COUNT", "RECENT", "AMOUNT", "CLOSING", "SUPPORT") AS 
  SELECT b."PROJECT_NO",b."PROJECT_TITLE",b."PROJECT_STITLE",b."PROJECT_GOAL",b."PROJECT_THUMB_IMG",b."PROJECT_START_DT",b."PROJECT_CLOSE_DT",b."PROJECT_HASHTAG",b."PROJECT_MAIN_IMG",b."PROJECT_SUMMARY",b."PROJECT_STORY",b."PROJECT_AT_NM",b."PROJECT_AT_PF",b."PROJECT_AT_SNS1",b."PROJECT_AT_SNS2",b."PROJECT_AT_CONT",b."PROJECT_AT_EM",b."PROJECT_ER_DT",b."PROJECT_MF_DT",b."PROJECT_WRITER",b."PROJECT_CT_NO",b."PROJECT_ST_NO",b."PROJECT_COUNT",b."PROJECT_AT_INT",b."PROJECT_CT_NAME",b."D_DAY",b."TOTAL",b."COUNTCOUNT",b."SUPPORT_COUNT", (CASE WHEN PROJECT_CLOSE_DT < SYSDATE THEN NULL ELSE PROJECT_START_DT END ) AS RECENT, (CASE WHEN PROJECT_CLOSE_DT < SYSDATE THEN NULL ELSE TOTAL END ) AS AMOUNT, (CASE WHEN PROJECT_CLOSE_DT < SYSDATE THEN NULL ELSE PROJECT_CLOSE_DT END ) AS CLOSING, (CASE WHEN PROJECT_CLOSE_DT < SYSDATE THEN NULL ELSE SUPPORT_COUNT END ) AS SUPPORT
FROM PROJECT_LIST_VIEW b
;
--------------------------------------------------------
--  DDL for View PROJECT_LIST_VIEW_3RD
--------------------------------------------------------

  CREATE OR REPLACE FORCE VIEW "DODREAM"."PROJECT_LIST_VIEW_3RD" ("PROJECT_NO", "PROJECT_TITLE", "PROJECT_STITLE", "PROJECT_GOAL", "PROJECT_THUMB_IMG", "PROJECT_START_DT", "PROJECT_CLOSE_DT", "PROJECT_HASHTAG", "PROJECT_MAIN_IMG", "PROJECT_SUMMARY", "PROJECT_STORY", "PROJECT_AT_NM", "PROJECT_AT_PF", "PROJECT_AT_SNS1", "PROJECT_AT_SNS2", "PROJECT_AT_CONT", "PROJECT_AT_EM", "PROJECT_ER_DT", "PROJECT_MF_DT", "PROJECT_WRITER", "PROJECT_CT_NO", "PROJECT_ST_NO", "PROJECT_COUNT", "PROJECT_AT_INT", "PROJECT_CT_NAME", "D_DAY", "TOTAL", "COUNTCOUNT", "SUPPORT_COUNT", "ADDITIONAL") AS 
  SELECT P."PROJECT_NO",P."PROJECT_TITLE",P."PROJECT_STITLE",P."PROJECT_GOAL",P."PROJECT_THUMB_IMG",P."PROJECT_START_DT",P."PROJECT_CLOSE_DT",P."PROJECT_HASHTAG",P."PROJECT_MAIN_IMG",P."PROJECT_SUMMARY",P."PROJECT_STORY",P."PROJECT_AT_NM",P."PROJECT_AT_PF",P."PROJECT_AT_SNS1",P."PROJECT_AT_SNS2",P."PROJECT_AT_CONT",P."PROJECT_AT_EM",P."PROJECT_ER_DT",P."PROJECT_MF_DT",P."PROJECT_WRITER",P."PROJECT_CT_NO",P."PROJECT_ST_NO",P."PROJECT_COUNT",P."PROJECT_AT_INT", C.PROJECT_CT_NAME, FLOOR(PROJECT_CLOSE_DT - SYSDATE) AS D_DAY, NVL((SELECT SUM(TOTAL) FROM RESERVE_VIEW V WHERE V.RESERVE_REF_PNO = P.PROJECT_NO AND V.RESERVE_STATUS_NO IN ( 1, 2, 4) GROUP BY RESERVE_REF_PNO),0) AS TOTAL, (CASE WHEN PROJECT_CLOSE_DT < SYSDATE THEN NULL ELSE PROJECT_COUNT END) AS COUNTCOUNT, (SELECT COUNT(DISTINCT(HIS.RESERVE_NO)) FROM HISTORY HIS JOIN RESERVE RES ON ( HIS.RESERVE_NO = RES.RESERVE_NO ) WHERE RES.RESERVE_REF_PNO = P.PROJECT_NO ) AS SUPPORT_COUNT, NVL((SELECT SUM(ADDITIONAL) FROM RESERVE WHERE RESERVE_REF_PNO = P.PROJECT_NO AND RESERVE_STATUS_NO IN ( 1, 2, 4)),0) AS "ADDITIONAL" 
FROM PROJECT_TB P
JOIN PROJECT_CG C ON ( P.PROJECT_CT_NO = C.PROJECT_CT_NO )
WHERE PROJECT_ST_NO IN ( 4, 5, 7 )
ORDER BY COUNTCOUNT DESC NULLS LAST
;
--------------------------------------------------------
--  DDL for View PROJECT_LIST_VIEW_4TH
--------------------------------------------------------

  CREATE OR REPLACE FORCE VIEW "DODREAM"."PROJECT_LIST_VIEW_4TH" ("PROJECT_NO", "PROJECT_TITLE", "PROJECT_STITLE", "PROJECT_GOAL", "PROJECT_THUMB_IMG", "PROJECT_START_DT", "PROJECT_CLOSE_DT", "PROJECT_HASHTAG", "PROJECT_MAIN_IMG", "PROJECT_SUMMARY", "PROJECT_STORY", "PROJECT_AT_NM", "PROJECT_AT_PF", "PROJECT_AT_SNS1", "PROJECT_AT_SNS2", "PROJECT_AT_CONT", "PROJECT_AT_EM", "PROJECT_ER_DT", "PROJECT_MF_DT", "PROJECT_WRITER", "PROJECT_CT_NO", "PROJECT_ST_NO", "PROJECT_COUNT", "PROJECT_AT_INT", "PROJECT_CT_NAME", "D_DAY", "TOTAL", "COUNTCOUNT", "SUPPORT_COUNT", "RECENT", "AMOUNT", "CLOSING", "SUPPORT", "FUNDINGPERCENT") AS 
  SELECT P."PROJECT_NO",P."PROJECT_TITLE",P."PROJECT_STITLE",P."PROJECT_GOAL",P."PROJECT_THUMB_IMG",P."PROJECT_START_DT",P."PROJECT_CLOSE_DT",P."PROJECT_HASHTAG",P."PROJECT_MAIN_IMG",P."PROJECT_SUMMARY",P."PROJECT_STORY",P."PROJECT_AT_NM",P."PROJECT_AT_PF",P."PROJECT_AT_SNS1",P."PROJECT_AT_SNS2",P."PROJECT_AT_CONT",P."PROJECT_AT_EM",P."PROJECT_ER_DT",P."PROJECT_MF_DT",P."PROJECT_WRITER",P."PROJECT_CT_NO",P."PROJECT_ST_NO",P."PROJECT_COUNT",P."PROJECT_AT_INT",P."PROJECT_CT_NAME",P."D_DAY",P."TOTAL",P."COUNTCOUNT",P."SUPPORT_COUNT",P."RECENT",P."AMOUNT",P."CLOSING",P."SUPPORT", (CASE WHEN PROJECT_CLOSE_DT < SYSDATE THEN NULL ELSE (AMOUNT / PROJECT_GOAL)*100 END ) AS FUNDINGPERCENT
FROM PROJECT_LIST_VIEW_2ND P
;
--------------------------------------------------------
--  DDL for View PROJECT_MYLIST_VIEW
--------------------------------------------------------

  CREATE OR REPLACE FORCE VIEW "DODREAM"."PROJECT_MYLIST_VIEW" ("PROJECT_NO", "PROJECT_TITLE", "PROJECT_STITLE", "PROJECT_GOAL", "PROJECT_THUMB_IMG", "PROJECT_START_DT", "PROJECT_CLOSE_DT", "PROJECT_HASHTAG", "PROJECT_MAIN_IMG", "PROJECT_SUMMARY", "PROJECT_STORY", "PROJECT_AT_NM", "PROJECT_AT_PF", "PROJECT_AT_SNS1", "PROJECT_AT_SNS2", "PROJECT_AT_CONT", "PROJECT_AT_EM", "PROJECT_ER_DT", "PROJECT_MF_DT", "PROJECT_WRITER", "PROJECT_CT_NO", "PROJECT_ST_NO", "PROJECT_COUNT", "PROJECT_AT_INT", "PROJECT_CT_NAME", "D_DAY", "TOTAL", "COUNTCOUNT", "SUPPORT_COUNT") AS 
  SELECT P."PROJECT_NO",P."PROJECT_TITLE",P."PROJECT_STITLE",P."PROJECT_GOAL",P."PROJECT_THUMB_IMG",P."PROJECT_START_DT",P."PROJECT_CLOSE_DT",P."PROJECT_HASHTAG",P."PROJECT_MAIN_IMG",P."PROJECT_SUMMARY",P."PROJECT_STORY",P."PROJECT_AT_NM",P."PROJECT_AT_PF",P."PROJECT_AT_SNS1",P."PROJECT_AT_SNS2",P."PROJECT_AT_CONT",P."PROJECT_AT_EM",P."PROJECT_ER_DT",P."PROJECT_MF_DT",P."PROJECT_WRITER",P."PROJECT_CT_NO",P."PROJECT_ST_NO",P."PROJECT_COUNT",P."PROJECT_AT_INT", C.PROJECT_CT_NAME, FLOOR(PROJECT_CLOSE_DT - SYSDATE) AS D_DAY, NVL((SELECT SUM(TOTAL) FROM RESERVE_VIEW V WHERE V.RESERVE_REF_PNO = P.PROJECT_NO GROUP BY RESERVE_REF_PNO),0) AS TOTAL, (CASE WHEN PROJECT_CLOSE_DT < SYSDATE THEN NULL ELSE PROJECT_COUNT END) AS COUNTCOUNT, (SELECT COUNT(DISTINCT(HIS.RESERVE_NO)) FROM HISTORY HIS JOIN RESERVE RES ON ( HIS.RESERVE_NO = RES.RESERVE_NO ) WHERE RES.RESERVE_REF_PNO = P.PROJECT_NO ) AS SUPPORT_COUNT
FROM PROJECT_TB P
JOIN PROJECT_CG C ON ( P.PROJECT_CT_NO = C.PROJECT_CT_NO )
WHERE PROJECT_ST_NO IN (1,2,3, 4, 5, 7 )
ORDER BY COUNTCOUNT DESC NULLS LAST
;
--------------------------------------------------------
--  DDL for View RESERVE_USER_VIEW
--------------------------------------------------------

  CREATE OR REPLACE FORCE VIEW "DODREAM"."RESERVE_USER_VIEW" ("RESERVE_NO", "RESERVE_DATE", "RESERVE_USER", "RESERVE_REF_PNO", "RESERVE_STATUS_NO", "PROJECT_TITLE", "FUND_DATE", "PROJECT_AT_NM", "PROJECT_CT_NAME", "D_DAY", "PROJECT_ST_NO") AS 
  SELECT R.RESERVE_NO, R.RESERVE_DATE, R.RESERVE_USER, R.RESERVE_REF_PNO, R.RESERVE_STATUS_NO, R.PROJECT_TITLE, R.FUND_DATE, P.PROJECT_AT_NM, P.PROJECT_CT_NAME, P.D_DAY, P.PROJECT_ST_NO
FROM RESERVE_VIEW_2ND R
JOIN PROJECT_LIST_VIEW_2ND P ON ( R.RESERVE_REF_PNO = P.PROJECT_NO )
ORDER BY R.RESERVE_DATE DESC
;
--------------------------------------------------------
--  DDL for View RESERVE_VIEW
--------------------------------------------------------

  CREATE OR REPLACE FORCE VIEW "DODREAM"."RESERVE_VIEW" ("RESERVE_NO", "BILLINGKEY", "ADDITIONAL", "RESERVE_DATE", "RESERVE_NAME", "RESERVE_CONTRACT", "RESERVE_ADDRESS", "RESERVE_REQUEST", "RESERVE_USER", "RESERVE_REF_PNO", "RESERVE_STATUS_NO", "REWARD_PRICE_SUM", "TOTAL") AS 
  SELECT R."RESERVE_NO",R."BILLINGKEY",R."ADDITIONAL",R."RESERVE_DATE",R."RESERVE_NAME",R."RESERVE_CONTRACT",R."RESERVE_ADDRESS",R."RESERVE_REQUEST",R."RESERVE_USER",R."RESERVE_REF_PNO",R."RESERVE_STATUS_NO" , S.REWARD_PRICE_SUM, R.ADDITIONAL+S.REWARD_PRICE_SUM AS TOTAL
FROM RESERVE R
JOIN RES_SUM S ON (R.RESERVE_NO=S.RESERVE_NO)
;
--------------------------------------------------------
--  DDL for View RESERVE_VIEW_2ND
--------------------------------------------------------

  CREATE OR REPLACE FORCE VIEW "DODREAM"."RESERVE_VIEW_2ND" ("RESERVE_NO", "BILLINGKEY", "ADDITIONAL", "RESERVE_DATE", "RESERVE_NAME", "RESERVE_CONTRACT", "RESERVE_ADDRESS", "RESERVE_REQUEST", "RESERVE_USER", "RESERVE_REF_PNO", "RESERVE_STATUS_NO", "PROJECT_TITLE", "USER_NICKNAME", "REWARD_PRICE_SUM", "FUND_DATE") AS 
  SELECT R."RESERVE_NO",R."BILLINGKEY",R."ADDITIONAL",R."RESERVE_DATE",R."RESERVE_NAME",R."RESERVE_CONTRACT",R."RESERVE_ADDRESS",R."RESERVE_REQUEST",R."RESERVE_USER",R."RESERVE_REF_PNO",R."RESERVE_STATUS_NO", P.PROJECT_TITLE, U.USER_NICKNAME, (SELECT SUM( REWARD_PRICE ) FROM HISTORY H JOIN REWARD RW ON ( H.REWARD_NO = RW.REWARD_NO ) WHERE H.RESERVE_NO = R.RESERVE_NO GROUP BY RESERVE_NO) AS "REWARD_PRICE_SUM", P.PROJECT_CLOSE_DT+1 AS "FUND_DATE"
FROM RESERVE R
JOIN PROJECT_TB P ON ( R.RESERVE_REF_PNO = P.PROJECT_NO )
JOIN USER_TB U ON ( R.RESERVE_USER = U.USER_NO )
;
--------------------------------------------------------
--  DDL for View RESERVE_VIEW_3RD
--------------------------------------------------------

  CREATE OR REPLACE FORCE VIEW "DODREAM"."RESERVE_VIEW_3RD" ("RESERVE_NO", "BILLINGKEY", "ADDITIONAL", "RESERVE_DATE", "RESERVE_NAME", "RESERVE_CONTRACT", "RESERVE_ADDRESS", "RESERVE_REQUEST", "RESERVE_USER", "RESERVE_REF_PNO", "RESERVE_STATUS_NO", "REWARD_PRICE_SUM", "TOTAL") AS 
  SELECT R."RESERVE_NO",R."BILLINGKEY",R."ADDITIONAL",R."RESERVE_DATE",R."RESERVE_NAME",R."RESERVE_CONTRACT",R."RESERVE_ADDRESS",R."RESERVE_REQUEST",R."RESERVE_USER",R."RESERVE_REF_PNO",R."RESERVE_STATUS_NO" , S.REWARD_PRICE_SUM, R.ADDITIONAL+S.REWARD_PRICE_SUM AS TOTAL
FROM RESERVE R 
JOIN RES_SUM S ON (R.RESERVE_NO=S.RESERVE_NO)
;
--------------------------------------------------------
--  DDL for View RES_SUM
--------------------------------------------------------

  CREATE OR REPLACE FORCE VIEW "DODREAM"."RES_SUM" ("RESERVE_NO", "REWARD_PRICE_SUM") AS 
  SELECT RESERVE_NO, SUM(REWARD_PRICE * REWARD_SUM) AS REWARD_PRICE_SUM FROM HISTORY
JOIN REWARD USING ( REWARD_NO )
GROUP BY RESERVE_NO
;
--------------------------------------------------------
--  DDL for View USER_FF_VIEW
--------------------------------------------------------

  CREATE OR REPLACE FORCE VIEW "DODREAM"."USER_FF_VIEW" ("USER_NO", "USER_EMAIL", "USER_NICKNAME", "USER_PWD", "USER_EM_AUTH_YN", "USER_ADMIN_YN", "USER_STATUS", "USER_ER_DT", "USER_LOGIN_DATE", "USER_MF_DT", "USER_ADDR", "USER_PHONE", "USER_PF_IMG", "USER_SELF", "FOLLOW", "FOLLOWER") AS 
  SELECT U."USER_NO",U."USER_EMAIL",U."USER_NICKNAME",U."USER_PWD",U."USER_EM_AUTH_YN",U."USER_ADMIN_YN",U."USER_STATUS",U."USER_ER_DT",U."USER_LOGIN_DATE",U."USER_MF_DT",U."USER_ADDR",U."USER_PHONE",U."USER_PF_IMG",U."USER_SELF", (SELECT COUNT(*) FROM FOLLOW_TB F WHERE F.FOLLOWER = U.USER_NO) AS FOLLOW, (SELECT COUNT(*) FROM FOLLOW_TB F WHERE F.FOLLOW = U.USER_NO) AS FOLLOWER  FROM USER_TB U
ORDER BY USER_NO ASC
;
REM INSERTING into DODREAM.ALARM
SET DEFINE OFF;
Insert into DODREAM.ALARM (ALARM_NO,ALARM_TITLE,ALARM_CONTENT,ALARM_STATUS,ALARM_DATE,ALARM_CAT_NO) values (7,'다섯 번째 알람','프로젝트18번 뭐시기는 오늘 마감일입니다.','N',to_date('19/10/08','RR/MM/DD'),3);
Insert into DODREAM.ALARM (ALARM_NO,ALARM_TITLE,ALARM_CONTENT,ALARM_STATUS,ALARM_DATE,ALARM_CAT_NO) values (8,'네 번째 알람','프로젝트18번 뭐시기는 오늘 마감일입니다.','N',to_date('19/10/08','RR/MM/DD'),2);
Insert into DODREAM.ALARM (ALARM_NO,ALARM_TITLE,ALARM_CONTENT,ALARM_STATUS,ALARM_DATE,ALARM_CAT_NO) values (3,'첫번째 알람','프로젝트8번 뭐시기가 100% 달성되었습니다.','N',to_date('19/10/08','RR/MM/DD'),1);
Insert into DODREAM.ALARM (ALARM_NO,ALARM_TITLE,ALARM_CONTENT,ALARM_STATUS,ALARM_DATE,ALARM_CAT_NO) values (4,'두 번째 알람','유저넘버 1번이 신고당했습니다.','N',to_date('19/10/08','RR/MM/DD'),1);
Insert into DODREAM.ALARM (ALARM_NO,ALARM_TITLE,ALARM_CONTENT,ALARM_STATUS,ALARM_DATE,ALARM_CAT_NO) values (5,'세 번째 알람','프로젝트10번 뭐시기는 오늘 마감일입니다.','N',to_date('19/10/08','RR/MM/DD'),3);
Insert into DODREAM.ALARM (ALARM_NO,ALARM_TITLE,ALARM_CONTENT,ALARM_STATUS,ALARM_DATE,ALARM_CAT_NO) values (6,'네 번째 알람','프로젝트18번 뭐시기는 오늘 마감일입니다.','N',to_date('19/10/08','RR/MM/DD'),3);
Insert into DODREAM.ALARM (ALARM_NO,ALARM_TITLE,ALARM_CONTENT,ALARM_STATUS,ALARM_DATE,ALARM_CAT_NO) values (9,'여섯 번째 알람','유저넘버 4번이 신고당했습니다.','N',to_date('19/10/08','RR/MM/DD'),2);
Insert into DODREAM.ALARM (ALARM_NO,ALARM_TITLE,ALARM_CONTENT,ALARM_STATUS,ALARM_DATE,ALARM_CAT_NO) values (10,'일곱번째 알람','유저넘버 4번이 신고당했습니다.','N',to_date('19/10/09','RR/MM/DD'),2);
Insert into DODREAM.ALARM (ALARM_NO,ALARM_TITLE,ALARM_CONTENT,ALARM_STATUS,ALARM_DATE,ALARM_CAT_NO) values (11,'알람1','유저넘버 4번이 신고당했습니다.','N',to_date('19/10/09','RR/MM/DD'),2);
Insert into DODREAM.ALARM (ALARM_NO,ALARM_TITLE,ALARM_CONTENT,ALARM_STATUS,ALARM_DATE,ALARM_CAT_NO) values (12,'알람1','유저넘버 4번이 신고당했습니다.','N',to_date('19/10/09','RR/MM/DD'),1);
Insert into DODREAM.ALARM (ALARM_NO,ALARM_TITLE,ALARM_CONTENT,ALARM_STATUS,ALARM_DATE,ALARM_CAT_NO) values (13,'알람1','유저넘버 4번이 신고당했습니다.','N',to_date('19/10/09','RR/MM/DD'),3);
Insert into DODREAM.ALARM (ALARM_NO,ALARM_TITLE,ALARM_CONTENT,ALARM_STATUS,ALARM_DATE,ALARM_CAT_NO) values (14,'알람1','유저넘버 4번이 신고당했습니다.','N',to_date('19/10/09','RR/MM/DD'),1);
Insert into DODREAM.ALARM (ALARM_NO,ALARM_TITLE,ALARM_CONTENT,ALARM_STATUS,ALARM_DATE,ALARM_CAT_NO) values (15,'알람1','유저넘버 4번이 신고당했습니다.','N',to_date('19/10/09','RR/MM/DD'),2);
Insert into DODREAM.ALARM (ALARM_NO,ALARM_TITLE,ALARM_CONTENT,ALARM_STATUS,ALARM_DATE,ALARM_CAT_NO) values (16,'알람1','유저넘버 4번이 신고당했습니다.','N',to_date('19/10/09','RR/MM/DD'),3);
Insert into DODREAM.ALARM (ALARM_NO,ALARM_TITLE,ALARM_CONTENT,ALARM_STATUS,ALARM_DATE,ALARM_CAT_NO) values (17,'알람1','유저넘버 4번이 신고당했습니다.','N',to_date('19/10/09','RR/MM/DD'),1);
Insert into DODREAM.ALARM (ALARM_NO,ALARM_TITLE,ALARM_CONTENT,ALARM_STATUS,ALARM_DATE,ALARM_CAT_NO) values (18,'알람1','유저넘버 4번이 신고당했습니다.','N',to_date('19/10/09','RR/MM/DD'),1);
Insert into DODREAM.ALARM (ALARM_NO,ALARM_TITLE,ALARM_CONTENT,ALARM_STATUS,ALARM_DATE,ALARM_CAT_NO) values (19,'알람1','유저넘버 4번이 신고당했습니다.','N',to_date('19/10/09','RR/MM/DD'),1);
Insert into DODREAM.ALARM (ALARM_NO,ALARM_TITLE,ALARM_CONTENT,ALARM_STATUS,ALARM_DATE,ALARM_CAT_NO) values (20,'알람1','유저넘버 4번이 신고당했습니다.','N',to_date('19/10/09','RR/MM/DD'),1);
Insert into DODREAM.ALARM (ALARM_NO,ALARM_TITLE,ALARM_CONTENT,ALARM_STATUS,ALARM_DATE,ALARM_CAT_NO) values (21,'알람1','유저넘버 4번이 신고당했습니다.','N',to_date('19/10/09','RR/MM/DD'),1);
Insert into DODREAM.ALARM (ALARM_NO,ALARM_TITLE,ALARM_CONTENT,ALARM_STATUS,ALARM_DATE,ALARM_CAT_NO) values (22,'알람1','유저넘버 4번이 신고당했습니다.','N',to_date('19/10/09','RR/MM/DD'),1);
Insert into DODREAM.ALARM (ALARM_NO,ALARM_TITLE,ALARM_CONTENT,ALARM_STATUS,ALARM_DATE,ALARM_CAT_NO) values (23,'알람1','유저넘버 4번이 신고당했습니다.','N',to_date('19/10/09','RR/MM/DD'),1);
Insert into DODREAM.ALARM (ALARM_NO,ALARM_TITLE,ALARM_CONTENT,ALARM_STATUS,ALARM_DATE,ALARM_CAT_NO) values (24,'알람1','유저넘버 4번이 신고당했습니다.','N',to_date('19/10/09','RR/MM/DD'),1);
Insert into DODREAM.ALARM (ALARM_NO,ALARM_TITLE,ALARM_CONTENT,ALARM_STATUS,ALARM_DATE,ALARM_CAT_NO) values (25,'알람1','유저넘버 4번이 신고당했습니다.','N',to_date('19/10/09','RR/MM/DD'),2);
Insert into DODREAM.ALARM (ALARM_NO,ALARM_TITLE,ALARM_CONTENT,ALARM_STATUS,ALARM_DATE,ALARM_CAT_NO) values (26,'알람1','유저넘버 4번이 신고당했습니다.','N',to_date('19/10/09','RR/MM/DD'),2);
Insert into DODREAM.ALARM (ALARM_NO,ALARM_TITLE,ALARM_CONTENT,ALARM_STATUS,ALARM_DATE,ALARM_CAT_NO) values (27,'알람1','유저넘버 4번이 신고당했습니다.','N',to_date('19/10/09','RR/MM/DD'),2);
Insert into DODREAM.ALARM (ALARM_NO,ALARM_TITLE,ALARM_CONTENT,ALARM_STATUS,ALARM_DATE,ALARM_CAT_NO) values (28,'알람1','유저넘버 4번이 신고당했습니다.','N',to_date('19/10/09','RR/MM/DD'),2);
Insert into DODREAM.ALARM (ALARM_NO,ALARM_TITLE,ALARM_CONTENT,ALARM_STATUS,ALARM_DATE,ALARM_CAT_NO) values (29,'알람1','유저넘버 4번이 신고당했습니다.','N',to_date('19/10/09','RR/MM/DD'),3);
Insert into DODREAM.ALARM (ALARM_NO,ALARM_TITLE,ALARM_CONTENT,ALARM_STATUS,ALARM_DATE,ALARM_CAT_NO) values (30,'알람1','유저넘버 4번이 신고당했습니다.','N',to_date('19/10/09','RR/MM/DD'),3);
Insert into DODREAM.ALARM (ALARM_NO,ALARM_TITLE,ALARM_CONTENT,ALARM_STATUS,ALARM_DATE,ALARM_CAT_NO) values (31,'알람1','유저넘버 4번이 신고당했습니다.','N',to_date('19/10/09','RR/MM/DD'),3);
Insert into DODREAM.ALARM (ALARM_NO,ALARM_TITLE,ALARM_CONTENT,ALARM_STATUS,ALARM_DATE,ALARM_CAT_NO) values (32,'알람1','유저넘버 4번이 신고당했습니다.','N',to_date('19/10/09','RR/MM/DD'),3);
Insert into DODREAM.ALARM (ALARM_NO,ALARM_TITLE,ALARM_CONTENT,ALARM_STATUS,ALARM_DATE,ALARM_CAT_NO) values (33,'알람1','유저넘버 4번이 신고당했습니다.','N',to_date('19/10/09','RR/MM/DD'),3);
Insert into DODREAM.ALARM (ALARM_NO,ALARM_TITLE,ALARM_CONTENT,ALARM_STATUS,ALARM_DATE,ALARM_CAT_NO) values (34,'알람1','유저넘버 4번이 신고당했습니다.','N',to_date('19/10/09','RR/MM/DD'),3);
Insert into DODREAM.ALARM (ALARM_NO,ALARM_TITLE,ALARM_CONTENT,ALARM_STATUS,ALARM_DATE,ALARM_CAT_NO) values (35,'알람1','유저넘버 4번이 신고당했습니다.','N',to_date('19/10/09','RR/MM/DD'),3);
Insert into DODREAM.ALARM (ALARM_NO,ALARM_TITLE,ALARM_CONTENT,ALARM_STATUS,ALARM_DATE,ALARM_CAT_NO) values (36,'알람1','유저넘버 4번이 신고당했습니다.','N',to_date('19/10/09','RR/MM/DD'),1);
Insert into DODREAM.ALARM (ALARM_NO,ALARM_TITLE,ALARM_CONTENT,ALARM_STATUS,ALARM_DATE,ALARM_CAT_NO) values (37,'알람1','유저넘버 4번이 신고당했습니다.','N',to_date('19/10/09','RR/MM/DD'),1);
Insert into DODREAM.ALARM (ALARM_NO,ALARM_TITLE,ALARM_CONTENT,ALARM_STATUS,ALARM_DATE,ALARM_CAT_NO) values (38,'알람1','유저넘버 4번이 신고당했습니다.','N',to_date('19/10/09','RR/MM/DD'),1);
Insert into DODREAM.ALARM (ALARM_NO,ALARM_TITLE,ALARM_CONTENT,ALARM_STATUS,ALARM_DATE,ALARM_CAT_NO) values (39,'알람1','유저넘버 4번이 신고당했습니다.','N',to_date('19/10/09','RR/MM/DD'),1);
Insert into DODREAM.ALARM (ALARM_NO,ALARM_TITLE,ALARM_CONTENT,ALARM_STATUS,ALARM_DATE,ALARM_CAT_NO) values (40,'알람1','유저넘버 4번이 신고당했습니다.','N',to_date('19/10/09','RR/MM/DD'),1);
Insert into DODREAM.ALARM (ALARM_NO,ALARM_TITLE,ALARM_CONTENT,ALARM_STATUS,ALARM_DATE,ALARM_CAT_NO) values (41,'알람1','유저넘버 4번이 신고당했습니다.','N',to_date('19/10/09','RR/MM/DD'),1);
Insert into DODREAM.ALARM (ALARM_NO,ALARM_TITLE,ALARM_CONTENT,ALARM_STATUS,ALARM_DATE,ALARM_CAT_NO) values (42,'알람1','유저넘버 4번이 신고당했습니다.','N',to_date('19/10/09','RR/MM/DD'),1);
Insert into DODREAM.ALARM (ALARM_NO,ALARM_TITLE,ALARM_CONTENT,ALARM_STATUS,ALARM_DATE,ALARM_CAT_NO) values (43,'알람1','유저넘버 4번이 신고당했습니다.','N',to_date('19/10/09','RR/MM/DD'),1);
Insert into DODREAM.ALARM (ALARM_NO,ALARM_TITLE,ALARM_CONTENT,ALARM_STATUS,ALARM_DATE,ALARM_CAT_NO) values (44,'알람1','유저넘버 4번이 신고당했습니다.','N',to_date('19/10/09','RR/MM/DD'),1);
Insert into DODREAM.ALARM (ALARM_NO,ALARM_TITLE,ALARM_CONTENT,ALARM_STATUS,ALARM_DATE,ALARM_CAT_NO) values (45,'알람1','유저넘버 4번이 신고당했습니다.','N',to_date('19/10/09','RR/MM/DD'),1);
Insert into DODREAM.ALARM (ALARM_NO,ALARM_TITLE,ALARM_CONTENT,ALARM_STATUS,ALARM_DATE,ALARM_CAT_NO) values (46,'알람1','유저넘버 4번이 신고당했습니다.','N',to_date('19/10/09','RR/MM/DD'),2);
Insert into DODREAM.ALARM (ALARM_NO,ALARM_TITLE,ALARM_CONTENT,ALARM_STATUS,ALARM_DATE,ALARM_CAT_NO) values (47,'알람1','유저넘버 4번이 신고당했습니다.','N',to_date('19/10/09','RR/MM/DD'),2);
Insert into DODREAM.ALARM (ALARM_NO,ALARM_TITLE,ALARM_CONTENT,ALARM_STATUS,ALARM_DATE,ALARM_CAT_NO) values (48,'알람1','유저넘버 4번이 신고당했습니다.','N',to_date('19/10/09','RR/MM/DD'),2);
Insert into DODREAM.ALARM (ALARM_NO,ALARM_TITLE,ALARM_CONTENT,ALARM_STATUS,ALARM_DATE,ALARM_CAT_NO) values (49,'알람1','유저넘버 4번이 신고당했습니다.','N',to_date('19/10/09','RR/MM/DD'),2);
Insert into DODREAM.ALARM (ALARM_NO,ALARM_TITLE,ALARM_CONTENT,ALARM_STATUS,ALARM_DATE,ALARM_CAT_NO) values (50,'알람1','유저넘버 4번이 신고당했습니다.','N',to_date('19/10/09','RR/MM/DD'),2);
Insert into DODREAM.ALARM (ALARM_NO,ALARM_TITLE,ALARM_CONTENT,ALARM_STATUS,ALARM_DATE,ALARM_CAT_NO) values (51,'알람1','유저넘버 4번이 신고당했습니다.','N',to_date('19/10/09','RR/MM/DD'),2);
Insert into DODREAM.ALARM (ALARM_NO,ALARM_TITLE,ALARM_CONTENT,ALARM_STATUS,ALARM_DATE,ALARM_CAT_NO) values (52,'알람1','유저넘버 4번이 신고당했습니다.','N',to_date('19/10/09','RR/MM/DD'),2);
Insert into DODREAM.ALARM (ALARM_NO,ALARM_TITLE,ALARM_CONTENT,ALARM_STATUS,ALARM_DATE,ALARM_CAT_NO) values (53,'알람1','유저넘버 4번이 신고당했습니다.','N',to_date('19/10/09','RR/MM/DD'),2);
Insert into DODREAM.ALARM (ALARM_NO,ALARM_TITLE,ALARM_CONTENT,ALARM_STATUS,ALARM_DATE,ALARM_CAT_NO) values (54,'알람1','유저넘버 4번이 신고당했습니다.','N',to_date('19/10/09','RR/MM/DD'),2);
Insert into DODREAM.ALARM (ALARM_NO,ALARM_TITLE,ALARM_CONTENT,ALARM_STATUS,ALARM_DATE,ALARM_CAT_NO) values (55,'알람1','유저넘버 4번이 신고당했습니다.','N',to_date('19/10/09','RR/MM/DD'),3);
Insert into DODREAM.ALARM (ALARM_NO,ALARM_TITLE,ALARM_CONTENT,ALARM_STATUS,ALARM_DATE,ALARM_CAT_NO) values (56,'알람1','유저넘버 4번이 신고당했습니다.','N',to_date('19/10/09','RR/MM/DD'),3);
Insert into DODREAM.ALARM (ALARM_NO,ALARM_TITLE,ALARM_CONTENT,ALARM_STATUS,ALARM_DATE,ALARM_CAT_NO) values (57,'알람1','유저넘버 4번이 신고당했습니다.','N',to_date('19/10/09','RR/MM/DD'),3);
Insert into DODREAM.ALARM (ALARM_NO,ALARM_TITLE,ALARM_CONTENT,ALARM_STATUS,ALARM_DATE,ALARM_CAT_NO) values (58,'알람1','유저넘버 4번이 신고당했습니다.','N',to_date('19/10/09','RR/MM/DD'),3);
Insert into DODREAM.ALARM (ALARM_NO,ALARM_TITLE,ALARM_CONTENT,ALARM_STATUS,ALARM_DATE,ALARM_CAT_NO) values (59,'알람1','유저넘버 4번이 신고당했습니다.','N',to_date('19/10/09','RR/MM/DD'),3);
Insert into DODREAM.ALARM (ALARM_NO,ALARM_TITLE,ALARM_CONTENT,ALARM_STATUS,ALARM_DATE,ALARM_CAT_NO) values (60,'알람1','유저넘버 4번이 신고당했습니다.','N',to_date('19/10/09','RR/MM/DD'),3);
Insert into DODREAM.ALARM (ALARM_NO,ALARM_TITLE,ALARM_CONTENT,ALARM_STATUS,ALARM_DATE,ALARM_CAT_NO) values (61,'알람1','유저넘버 4번이 신고당했습니다.','N',to_date('19/10/09','RR/MM/DD'),3);
Insert into DODREAM.ALARM (ALARM_NO,ALARM_TITLE,ALARM_CONTENT,ALARM_STATUS,ALARM_DATE,ALARM_CAT_NO) values (62,'알람1','유저넘버 4번이 신고당했습니다.','N',to_date('19/10/09','RR/MM/DD'),3);
Insert into DODREAM.ALARM (ALARM_NO,ALARM_TITLE,ALARM_CONTENT,ALARM_STATUS,ALARM_DATE,ALARM_CAT_NO) values (63,'알람1','유저넘버 4번이 신고당했습니다.','N',to_date('19/10/09','RR/MM/DD'),3);
Insert into DODREAM.ALARM (ALARM_NO,ALARM_TITLE,ALARM_CONTENT,ALARM_STATUS,ALARM_DATE,ALARM_CAT_NO) values (64,'알람1','유저넘버 4번이 신고당했습니다.','N',to_date('19/10/09','RR/MM/DD'),3);
Insert into DODREAM.ALARM (ALARM_NO,ALARM_TITLE,ALARM_CONTENT,ALARM_STATUS,ALARM_DATE,ALARM_CAT_NO) values (65,'알람1','유저넘버 4번이 신고당했습니다.','N',to_date('19/10/09','RR/MM/DD'),1);
Insert into DODREAM.ALARM (ALARM_NO,ALARM_TITLE,ALARM_CONTENT,ALARM_STATUS,ALARM_DATE,ALARM_CAT_NO) values (66,'알람1','유저넘버 4번이 신고당했습니다.','N',to_date('19/10/09','RR/MM/DD'),1);
Insert into DODREAM.ALARM (ALARM_NO,ALARM_TITLE,ALARM_CONTENT,ALARM_STATUS,ALARM_DATE,ALARM_CAT_NO) values (67,'알람1','유저넘버 4번이 신고당했습니다.','N',to_date('19/10/09','RR/MM/DD'),1);
Insert into DODREAM.ALARM (ALARM_NO,ALARM_TITLE,ALARM_CONTENT,ALARM_STATUS,ALARM_DATE,ALARM_CAT_NO) values (68,'알람1','유저넘버 4번이 신고당했습니다.','N',to_date('19/10/09','RR/MM/DD'),1);
Insert into DODREAM.ALARM (ALARM_NO,ALARM_TITLE,ALARM_CONTENT,ALARM_STATUS,ALARM_DATE,ALARM_CAT_NO) values (69,'알람1','유저넘버 4번이 신고당했습니다.','N',to_date('19/10/09','RR/MM/DD'),1);
Insert into DODREAM.ALARM (ALARM_NO,ALARM_TITLE,ALARM_CONTENT,ALARM_STATUS,ALARM_DATE,ALARM_CAT_NO) values (70,'신고','신고가 접수 되었습니다','N',to_date('19/10/09','RR/MM/DD'),31);
Insert into DODREAM.ALARM (ALARM_NO,ALARM_TITLE,ALARM_CONTENT,ALARM_STATUS,ALARM_DATE,ALARM_CAT_NO) values (71,'신고','신고가 접수 되었습니다','N',to_date('19/10/16','RR/MM/DD'),1568);
Insert into DODREAM.ALARM (ALARM_NO,ALARM_TITLE,ALARM_CONTENT,ALARM_STATUS,ALARM_DATE,ALARM_CAT_NO) values (72,'신고','신고가 접수 되었습니다','N',to_date('19/10/16','RR/MM/DD'),1018);
Insert into DODREAM.ALARM (ALARM_NO,ALARM_TITLE,ALARM_CONTENT,ALARM_STATUS,ALARM_DATE,ALARM_CAT_NO) values (73,'신고','신고가 접수 되었습니다','N',to_date('19/10/16','RR/MM/DD'),1585);
Insert into DODREAM.ALARM (ALARM_NO,ALARM_TITLE,ALARM_CONTENT,ALARM_STATUS,ALARM_DATE,ALARM_CAT_NO) values (74,'신고','신고가 접수 되었습니다','N',to_date('19/10/16','RR/MM/DD'),1578);
Insert into DODREAM.ALARM (ALARM_NO,ALARM_TITLE,ALARM_CONTENT,ALARM_STATUS,ALARM_DATE,ALARM_CAT_NO) values (75,'신고','신고가 접수 되었습니다','N',to_date('19/10/16','RR/MM/DD'),1611);
Insert into DODREAM.ALARM (ALARM_NO,ALARM_TITLE,ALARM_CONTENT,ALARM_STATUS,ALARM_DATE,ALARM_CAT_NO) values (76,'신고','신고가 접수 되었습니다','N',to_date('19/10/17','RR/MM/DD'),1560);
Insert into DODREAM.ALARM (ALARM_NO,ALARM_TITLE,ALARM_CONTENT,ALARM_STATUS,ALARM_DATE,ALARM_CAT_NO) values (77,'신고','신고가 접수 되었습니다','N',to_date('19/10/17','RR/MM/DD'),1565);
Insert into DODREAM.ALARM (ALARM_NO,ALARM_TITLE,ALARM_CONTENT,ALARM_STATUS,ALARM_DATE,ALARM_CAT_NO) values (78,'신고','신고가 접수 되었습니다','N',to_date('19/10/17','RR/MM/DD'),1463);
REM INSERTING into DODREAM.DAYCOUNT
SET DEFINE OFF;
Insert into DODREAM.DAYCOUNT (VISIT_DATE,USER_NO) values (to_date('19/10/17','RR/MM/DD'),1);
Insert into DODREAM.DAYCOUNT (VISIT_DATE,USER_NO) values (to_date('19/10/17','RR/MM/DD'),3);
Insert into DODREAM.DAYCOUNT (VISIT_DATE,USER_NO) values (to_date('19/10/17','RR/MM/DD'),4);
Insert into DODREAM.DAYCOUNT (VISIT_DATE,USER_NO) values (to_date('19/10/17','RR/MM/DD'),5);
Insert into DODREAM.DAYCOUNT (VISIT_DATE,USER_NO) values (to_date('19/10/17','RR/MM/DD'),10);
Insert into DODREAM.DAYCOUNT (VISIT_DATE,USER_NO) values (to_date('19/10/17','RR/MM/DD'),17);
Insert into DODREAM.DAYCOUNT (VISIT_DATE,USER_NO) values (to_date('19/10/17','RR/MM/DD'),31);
Insert into DODREAM.DAYCOUNT (VISIT_DATE,USER_NO) values (to_date('19/10/17','RR/MM/DD'),79);
Insert into DODREAM.DAYCOUNT (VISIT_DATE,USER_NO) values (to_date('19/10/17','RR/MM/DD'),80);
Insert into DODREAM.DAYCOUNT (VISIT_DATE,USER_NO) values (to_date('19/10/17','RR/MM/DD'),101);
Insert into DODREAM.DAYCOUNT (VISIT_DATE,USER_NO) values (to_date('19/10/17','RR/MM/DD'),106);
Insert into DODREAM.DAYCOUNT (VISIT_DATE,USER_NO) values (to_date('19/10/17','RR/MM/DD'),109);
Insert into DODREAM.DAYCOUNT (VISIT_DATE,USER_NO) values (to_date('19/10/17','RR/MM/DD'),120);
Insert into DODREAM.DAYCOUNT (VISIT_DATE,USER_NO) values (to_date('19/10/17','RR/MM/DD'),123);
Insert into DODREAM.DAYCOUNT (VISIT_DATE,USER_NO) values (to_date('19/10/17','RR/MM/DD'),124);
Insert into DODREAM.DAYCOUNT (VISIT_DATE,USER_NO) values (to_date('19/10/17','RR/MM/DD'),125);
Insert into DODREAM.DAYCOUNT (VISIT_DATE,USER_NO) values (to_date('19/10/17','RR/MM/DD'),126);
Insert into DODREAM.DAYCOUNT (VISIT_DATE,USER_NO) values (to_date('19/10/17','RR/MM/DD'),127);
Insert into DODREAM.DAYCOUNT (VISIT_DATE,USER_NO) values (to_date('19/10/17','RR/MM/DD'),128);
Insert into DODREAM.DAYCOUNT (VISIT_DATE,USER_NO) values (to_date('19/10/17','RR/MM/DD'),129);
Insert into DODREAM.DAYCOUNT (VISIT_DATE,USER_NO) values (to_date('19/10/17','RR/MM/DD'),130);
Insert into DODREAM.DAYCOUNT (VISIT_DATE,USER_NO) values (to_date('19/10/17','RR/MM/DD'),131);
Insert into DODREAM.DAYCOUNT (VISIT_DATE,USER_NO) values (to_date('19/10/17','RR/MM/DD'),132);
Insert into DODREAM.DAYCOUNT (VISIT_DATE,USER_NO) values (to_date('19/10/17','RR/MM/DD'),133);
REM INSERTING into DODREAM.DAYTOTAL
SET DEFINE OFF;
Insert into DODREAM.DAYTOTAL (VISIT_DATE,TOTAL_COUNT) values (to_date('19/09/25','RR/MM/DD'),7);
Insert into DODREAM.DAYTOTAL (VISIT_DATE,TOTAL_COUNT) values (to_date('19/09/01','RR/MM/DD'),10);
Insert into DODREAM.DAYTOTAL (VISIT_DATE,TOTAL_COUNT) values (to_date('19/09/02','RR/MM/DD'),10);
Insert into DODREAM.DAYTOTAL (VISIT_DATE,TOTAL_COUNT) values (to_date('19/09/23','RR/MM/DD'),2);
Insert into DODREAM.DAYTOTAL (VISIT_DATE,TOTAL_COUNT) values (to_date('19/09/24','RR/MM/DD'),4);
Insert into DODREAM.DAYTOTAL (VISIT_DATE,TOTAL_COUNT) values (to_date('19/09/03','RR/MM/DD'),10);
Insert into DODREAM.DAYTOTAL (VISIT_DATE,TOTAL_COUNT) values (to_date('19/09/04','RR/MM/DD'),10);
Insert into DODREAM.DAYTOTAL (VISIT_DATE,TOTAL_COUNT) values (to_date('19/09/05','RR/MM/DD'),10);
Insert into DODREAM.DAYTOTAL (VISIT_DATE,TOTAL_COUNT) values (to_date('19/09/06','RR/MM/DD'),10);
Insert into DODREAM.DAYTOTAL (VISIT_DATE,TOTAL_COUNT) values (to_date('19/09/07','RR/MM/DD'),10);
Insert into DODREAM.DAYTOTAL (VISIT_DATE,TOTAL_COUNT) values (to_date('19/09/22','RR/MM/DD'),7);
Insert into DODREAM.DAYTOTAL (VISIT_DATE,TOTAL_COUNT) values (to_date('19/09/21','RR/MM/DD'),7);
Insert into DODREAM.DAYTOTAL (VISIT_DATE,TOTAL_COUNT) values (to_date('19/09/20','RR/MM/DD'),7);
Insert into DODREAM.DAYTOTAL (VISIT_DATE,TOTAL_COUNT) values (to_date('19/09/19','RR/MM/DD'),7);
Insert into DODREAM.DAYTOTAL (VISIT_DATE,TOTAL_COUNT) values (to_date('19/09/18','RR/MM/DD'),7);
Insert into DODREAM.DAYTOTAL (VISIT_DATE,TOTAL_COUNT) values (to_date('19/09/26','RR/MM/DD'),12);
Insert into DODREAM.DAYTOTAL (VISIT_DATE,TOTAL_COUNT) values (to_date('19/09/27','RR/MM/DD'),1);
Insert into DODREAM.DAYTOTAL (VISIT_DATE,TOTAL_COUNT) values (to_date('19/09/28','RR/MM/DD'),7);
Insert into DODREAM.DAYTOTAL (VISIT_DATE,TOTAL_COUNT) values (to_date('19/09/29','RR/MM/DD'),5);
Insert into DODREAM.DAYTOTAL (VISIT_DATE,TOTAL_COUNT) values (to_date('19/09/30','RR/MM/DD'),10);
Insert into DODREAM.DAYTOTAL (VISIT_DATE,TOTAL_COUNT) values (to_date('19/10/01','RR/MM/DD'),12);
Insert into DODREAM.DAYTOTAL (VISIT_DATE,TOTAL_COUNT) values (to_date('19/10/02','RR/MM/DD'),15);
Insert into DODREAM.DAYTOTAL (VISIT_DATE,TOTAL_COUNT) values (to_date('19/10/03','RR/MM/DD'),12);
Insert into DODREAM.DAYTOTAL (VISIT_DATE,TOTAL_COUNT) values (to_date('19/10/04','RR/MM/DD'),15);
Insert into DODREAM.DAYTOTAL (VISIT_DATE,TOTAL_COUNT) values (to_date('19/10/05','RR/MM/DD'),6);
Insert into DODREAM.DAYTOTAL (VISIT_DATE,TOTAL_COUNT) values (to_date('19/10/06','RR/MM/DD'),4);
Insert into DODREAM.DAYTOTAL (VISIT_DATE,TOTAL_COUNT) values (to_date('19/10/07','RR/MM/DD'),5);
Insert into DODREAM.DAYTOTAL (VISIT_DATE,TOTAL_COUNT) values (to_date('19/10/08','RR/MM/DD'),8);
Insert into DODREAM.DAYTOTAL (VISIT_DATE,TOTAL_COUNT) values (to_date('19/10/09','RR/MM/DD'),108);
Insert into DODREAM.DAYTOTAL (VISIT_DATE,TOTAL_COUNT) values (to_date('19/10/10','RR/MM/DD'),134);
Insert into DODREAM.DAYTOTAL (VISIT_DATE,TOTAL_COUNT) values (to_date('19/10/11','RR/MM/DD'),83);
Insert into DODREAM.DAYTOTAL (VISIT_DATE,TOTAL_COUNT) values (to_date('19/10/12','RR/MM/DD'),99);
Insert into DODREAM.DAYTOTAL (VISIT_DATE,TOTAL_COUNT) values (to_date('19/10/13','RR/MM/DD'),112);
Insert into DODREAM.DAYTOTAL (VISIT_DATE,TOTAL_COUNT) values (to_date('19/10/14','RR/MM/DD'),107);
Insert into DODREAM.DAYTOTAL (VISIT_DATE,TOTAL_COUNT) values (to_date('19/10/15','RR/MM/DD'),230);
Insert into DODREAM.DAYTOTAL (VISIT_DATE,TOTAL_COUNT) values (to_date('19/10/15','RR/MM/DD'),317);
Insert into DODREAM.DAYTOTAL (VISIT_DATE,TOTAL_COUNT) values (to_date('19/10/16','RR/MM/DD'),401);
REM INSERTING into DODREAM.FAQ
SET DEFINE OFF;
Insert into DODREAM.FAQ (FAQ_NO,FAQ_TITLE,FAQ_ENROLL_DATE,FAQ_MODIFY_DATE,FAQ_STATUS,FAQ_WRITER) values (1,'FAQ제목',to_date('19/09/25','RR/MM/DD'),to_date('19/10/16','RR/MM/DD'),'N',2);
Insert into DODREAM.FAQ (FAQ_NO,FAQ_TITLE,FAQ_ENROLL_DATE,FAQ_MODIFY_DATE,FAQ_STATUS,FAQ_WRITER) values (2,'FAQ제목2',to_date('19/09/25','RR/MM/DD'),to_date('19/10/16','RR/MM/DD'),'N',2);
Insert into DODREAM.FAQ (FAQ_NO,FAQ_TITLE,FAQ_ENROLL_DATE,FAQ_MODIFY_DATE,FAQ_STATUS,FAQ_WRITER) values (3,'FAQ제목3',to_date('19/09/25','RR/MM/DD'),to_date('19/10/17','RR/MM/DD'),'Y',2);
Insert into DODREAM.FAQ (FAQ_NO,FAQ_TITLE,FAQ_ENROLL_DATE,FAQ_MODIFY_DATE,FAQ_STATUS,FAQ_WRITER) values (4,'FAQ제목4',to_date('19/09/25','RR/MM/DD'),to_date('19/09/25','RR/MM/DD'),'Y',2);
Insert into DODREAM.FAQ (FAQ_NO,FAQ_TITLE,FAQ_ENROLL_DATE,FAQ_MODIFY_DATE,FAQ_STATUS,FAQ_WRITER) values (5,'FAQ제목5',to_date('19/09/25','RR/MM/DD'),to_date('19/09/25','RR/MM/DD'),'Y',2);
Insert into DODREAM.FAQ (FAQ_NO,FAQ_TITLE,FAQ_ENROLL_DATE,FAQ_MODIFY_DATE,FAQ_STATUS,FAQ_WRITER) values (6,'FAQ제목6',to_date('19/09/25','RR/MM/DD'),to_date('19/09/25','RR/MM/DD'),'Y',2);
Insert into DODREAM.FAQ (FAQ_NO,FAQ_TITLE,FAQ_ENROLL_DATE,FAQ_MODIFY_DATE,FAQ_STATUS,FAQ_WRITER) values (7,'영화예매-영화 관람권으로 예매하는 방법',to_date('19/09/25','RR/MM/DD'),to_date('19/09/25','RR/MM/DD'),'Y',2);
Insert into DODREAM.FAQ (FAQ_NO,FAQ_TITLE,FAQ_ENROLL_DATE,FAQ_MODIFY_DATE,FAQ_STATUS,FAQ_WRITER) values (8,'멤버십-포인트소멸은 언제, 어떻게 이루어지나요?',to_date('19/09/25','RR/MM/DD'),to_date('19/09/25','RR/MM/DD'),'Y',2);
Insert into DODREAM.FAQ (FAQ_NO,FAQ_TITLE,FAQ_ENROLL_DATE,FAQ_MODIFY_DATE,FAQ_STATUS,FAQ_WRITER) values (9,'할인/신용카드-통신사 할인과 문화상품권을 동시에 적용할수 있나요?',to_date('19/09/25','RR/MM/DD'),to_date('19/09/25','RR/MM/DD'),'Y',2);
Insert into DODREAM.FAQ (FAQ_NO,FAQ_TITLE,FAQ_ENROLL_DATE,FAQ_MODIFY_DATE,FAQ_STATUS,FAQ_WRITER) values (10,'영화예매-예매를 한 뒤, 시간대나 좌석변경이 가능한가요?',to_date('19/09/25','RR/MM/DD'),to_date('19/09/25','RR/MM/DD'),'Y',2);
Insert into DODREAM.FAQ (FAQ_NO,FAQ_TITLE,FAQ_ENROLL_DATE,FAQ_MODIFY_DATE,FAQ_STATUS,FAQ_WRITER) values (11,'글수정할게용 ',to_date('19/10/16','RR/MM/DD'),to_date('19/10/16','RR/MM/DD'),'N',3);
Insert into DODREAM.FAQ (FAQ_NO,FAQ_TITLE,FAQ_ENROLL_DATE,FAQ_MODIFY_DATE,FAQ_STATUS,FAQ_WRITER) values (12,'테스트수정',to_date('19/10/16','RR/MM/DD'),to_date('19/10/16','RR/MM/DD'),'N',3);
Insert into DODREAM.FAQ (FAQ_NO,FAQ_TITLE,FAQ_ENROLL_DATE,FAQ_MODIFY_DATE,FAQ_STATUS,FAQ_WRITER) values (13,'회원탈퇴를 하고 싶어요.',to_date('19/10/17','RR/MM/DD'),to_date('19/10/17','RR/MM/DD'),'Y',3);
Insert into DODREAM.FAQ (FAQ_NO,FAQ_TITLE,FAQ_ENROLL_DATE,FAQ_MODIFY_DATE,FAQ_STATUS,FAQ_WRITER) values (14,'비회원도 참여 가능한가요?',to_date('19/10/17','RR/MM/DD'),to_date('19/10/17','RR/MM/DD'),'Y',3);
Insert into DODREAM.FAQ (FAQ_NO,FAQ_TITLE,FAQ_ENROLL_DATE,FAQ_MODIFY_DATE,FAQ_STATUS,FAQ_WRITER) values (15,'아이디와 비밀번호를 잃어버렸어요.',to_date('19/10/17','RR/MM/DD'),to_date('19/10/17','RR/MM/DD'),'Y',3);
Insert into DODREAM.FAQ (FAQ_NO,FAQ_TITLE,FAQ_ENROLL_DATE,FAQ_MODIFY_DATE,FAQ_STATUS,FAQ_WRITER) values (16,'탈퇴 후 재가입 시 회원 등급이 강등되나요?',to_date('19/10/17','RR/MM/DD'),to_date('19/10/17','RR/MM/DD'),'Y',3);
Insert into DODREAM.FAQ (FAQ_NO,FAQ_TITLE,FAQ_ENROLL_DATE,FAQ_MODIFY_DATE,FAQ_STATUS,FAQ_WRITER) values (17,'관람등급 안내',to_date('19/10/17','RR/MM/DD'),to_date('19/10/17','RR/MM/DD'),'Y',3);
Insert into DODREAM.FAQ (FAQ_NO,FAQ_TITLE,FAQ_ENROLL_DATE,FAQ_MODIFY_DATE,FAQ_STATUS,FAQ_WRITER) values (18,'카드로 결제할 경우 환불은 언제되나요?',to_date('19/10/17','RR/MM/DD'),to_date('19/10/17','RR/MM/DD'),'Y',3);
Insert into DODREAM.FAQ (FAQ_NO,FAQ_TITLE,FAQ_ENROLL_DATE,FAQ_MODIFY_DATE,FAQ_STATUS,FAQ_WRITER) values (19,'두드림 회원가입은 어떻게 하나요?',to_date('19/10/17','RR/MM/DD'),to_date('19/10/17','RR/MM/DD'),'Y',3);
Insert into DODREAM.FAQ (FAQ_NO,FAQ_TITLE,FAQ_ENROLL_DATE,FAQ_MODIFY_DATE,FAQ_STATUS,FAQ_WRITER) values (20,'리워드 펀딩이란 무엇인가요?',to_date('19/10/17','RR/MM/DD'),to_date('19/10/17','RR/MM/DD'),'Y',3);
Insert into DODREAM.FAQ (FAQ_NO,FAQ_TITLE,FAQ_ENROLL_DATE,FAQ_MODIFY_DATE,FAQ_STATUS,FAQ_WRITER) values (21,'메시지 서비스 운영정책',to_date('19/10/17','RR/MM/DD'),to_date('19/10/17','RR/MM/DD'),'Y',3);
Insert into DODREAM.FAQ (FAQ_NO,FAQ_TITLE,FAQ_ENROLL_DATE,FAQ_MODIFY_DATE,FAQ_STATUS,FAQ_WRITER) values (22,'결제는 일시불로만 가능한가요?',to_date('19/10/17','RR/MM/DD'),to_date('19/10/17','RR/MM/DD'),'Y',3);
Insert into DODREAM.FAQ (FAQ_NO,FAQ_TITLE,FAQ_ENROLL_DATE,FAQ_MODIFY_DATE,FAQ_STATUS,FAQ_WRITER) values (23,'배송이 지연될 수도 있나요?',to_date('19/10/17','RR/MM/DD'),to_date('19/10/17','RR/MM/DD'),'Y',3);
Insert into DODREAM.FAQ (FAQ_NO,FAQ_TITLE,FAQ_ENROLL_DATE,FAQ_MODIFY_DATE,FAQ_STATUS,FAQ_WRITER) values (24,'결제는 언제 되나요?',to_date('19/10/17','RR/MM/DD'),to_date('19/10/17','RR/MM/DD'),'Y',3);
Insert into DODREAM.FAQ (FAQ_NO,FAQ_TITLE,FAQ_ENROLL_DATE,FAQ_MODIFY_DATE,FAQ_STATUS,FAQ_WRITER) values (25,'배송은 언제 되나요?',to_date('19/10/17','RR/MM/DD'),to_date('19/10/17','RR/MM/DD'),'Y',3);
Insert into DODREAM.FAQ (FAQ_NO,FAQ_TITLE,FAQ_ENROLL_DATE,FAQ_MODIFY_DATE,FAQ_STATUS,FAQ_WRITER) values (26,'펀딩번호는 어디서 확인하나요?',to_date('19/10/17','RR/MM/DD'),to_date('19/10/17','RR/MM/DD'),'Y',3);
Insert into DODREAM.FAQ (FAQ_NO,FAQ_TITLE,FAQ_ENROLL_DATE,FAQ_MODIFY_DATE,FAQ_STATUS,FAQ_WRITER) values (27,'펀딩 내역은 어디서 확인할 수 있나요?',to_date('19/10/17','RR/MM/DD'),to_date('19/10/17','RR/MM/DD'),'Y',3);
Insert into DODREAM.FAQ (FAQ_NO,FAQ_TITLE,FAQ_ENROLL_DATE,FAQ_MODIFY_DATE,FAQ_STATUS,FAQ_WRITER) values (28,'주소변경은 어떻게 해야하나요?',to_date('19/10/17','RR/MM/DD'),to_date('19/10/17','RR/MM/DD'),'Y',3);
REM INSERTING into DODREAM.FOLLOW_TB
SET DEFINE OFF;
Insert into DODREAM.FOLLOW_TB (FOLLOW,FOLLOWER,FOLLOW_DATE,FOLLOWER_DATE) values (1,2,to_date('19/09/30','RR/MM/DD'),to_date('19/09/30','RR/MM/DD'));
Insert into DODREAM.FOLLOW_TB (FOLLOW,FOLLOWER,FOLLOW_DATE,FOLLOWER_DATE) values (2,1,to_date('19/09/30','RR/MM/DD'),to_date('19/09/30','RR/MM/DD'));
Insert into DODREAM.FOLLOW_TB (FOLLOW,FOLLOWER,FOLLOW_DATE,FOLLOWER_DATE) values (1,3,to_date('19/09/30','RR/MM/DD'),to_date('19/09/30','RR/MM/DD'));
Insert into DODREAM.FOLLOW_TB (FOLLOW,FOLLOWER,FOLLOW_DATE,FOLLOWER_DATE) values (79,120,to_date('19/10/17','RR/MM/DD'),to_date('19/10/17','RR/MM/DD'));
Insert into DODREAM.FOLLOW_TB (FOLLOW,FOLLOWER,FOLLOW_DATE,FOLLOWER_DATE) values (110,2,to_date('19/09/30','RR/MM/DD'),to_date('19/09/30','RR/MM/DD'));
Insert into DODREAM.FOLLOW_TB (FOLLOW,FOLLOWER,FOLLOW_DATE,FOLLOWER_DATE) values (110,3,to_date('19/09/30','RR/MM/DD'),to_date('19/09/30','RR/MM/DD'));
Insert into DODREAM.FOLLOW_TB (FOLLOW,FOLLOWER,FOLLOW_DATE,FOLLOWER_DATE) values (110,4,to_date('19/09/30','RR/MM/DD'),to_date('19/09/30','RR/MM/DD'));
Insert into DODREAM.FOLLOW_TB (FOLLOW,FOLLOWER,FOLLOW_DATE,FOLLOWER_DATE) values (110,5,to_date('19/09/30','RR/MM/DD'),to_date('19/09/30','RR/MM/DD'));
Insert into DODREAM.FOLLOW_TB (FOLLOW,FOLLOWER,FOLLOW_DATE,FOLLOWER_DATE) values (110,6,to_date('19/09/30','RR/MM/DD'),to_date('19/09/30','RR/MM/DD'));
Insert into DODREAM.FOLLOW_TB (FOLLOW,FOLLOWER,FOLLOW_DATE,FOLLOWER_DATE) values (110,7,to_date('19/09/30','RR/MM/DD'),to_date('19/09/30','RR/MM/DD'));
Insert into DODREAM.FOLLOW_TB (FOLLOW,FOLLOWER,FOLLOW_DATE,FOLLOWER_DATE) values (110,8,to_date('19/09/30','RR/MM/DD'),to_date('19/09/30','RR/MM/DD'));
Insert into DODREAM.FOLLOW_TB (FOLLOW,FOLLOWER,FOLLOW_DATE,FOLLOWER_DATE) values (110,9,to_date('19/09/30','RR/MM/DD'),to_date('19/09/30','RR/MM/DD'));
Insert into DODREAM.FOLLOW_TB (FOLLOW,FOLLOWER,FOLLOW_DATE,FOLLOWER_DATE) values (110,10,to_date('19/09/30','RR/MM/DD'),to_date('19/09/30','RR/MM/DD'));
Insert into DODREAM.FOLLOW_TB (FOLLOW,FOLLOWER,FOLLOW_DATE,FOLLOWER_DATE) values (110,11,to_date('19/09/30','RR/MM/DD'),to_date('19/09/30','RR/MM/DD'));
Insert into DODREAM.FOLLOW_TB (FOLLOW,FOLLOWER,FOLLOW_DATE,FOLLOWER_DATE) values (110,12,to_date('19/09/30','RR/MM/DD'),to_date('19/09/30','RR/MM/DD'));
Insert into DODREAM.FOLLOW_TB (FOLLOW,FOLLOWER,FOLLOW_DATE,FOLLOWER_DATE) values (110,13,to_date('19/09/30','RR/MM/DD'),to_date('19/09/30','RR/MM/DD'));
Insert into DODREAM.FOLLOW_TB (FOLLOW,FOLLOWER,FOLLOW_DATE,FOLLOWER_DATE) values (110,14,to_date('19/09/30','RR/MM/DD'),to_date('19/09/30','RR/MM/DD'));
Insert into DODREAM.FOLLOW_TB (FOLLOW,FOLLOWER,FOLLOW_DATE,FOLLOWER_DATE) values (110,15,to_date('19/09/30','RR/MM/DD'),to_date('19/09/30','RR/MM/DD'));
Insert into DODREAM.FOLLOW_TB (FOLLOW,FOLLOWER,FOLLOW_DATE,FOLLOWER_DATE) values (29,114,to_date('19/10/16','RR/MM/DD'),to_date('19/10/16','RR/MM/DD'));
Insert into DODREAM.FOLLOW_TB (FOLLOW,FOLLOWER,FOLLOW_DATE,FOLLOWER_DATE) values (110,17,to_date('19/09/30','RR/MM/DD'),to_date('19/09/30','RR/MM/DD'));
Insert into DODREAM.FOLLOW_TB (FOLLOW,FOLLOWER,FOLLOW_DATE,FOLLOWER_DATE) values (110,18,to_date('19/09/30','RR/MM/DD'),to_date('19/09/30','RR/MM/DD'));
Insert into DODREAM.FOLLOW_TB (FOLLOW,FOLLOWER,FOLLOW_DATE,FOLLOWER_DATE) values (110,19,to_date('19/09/30','RR/MM/DD'),to_date('19/09/30','RR/MM/DD'));
Insert into DODREAM.FOLLOW_TB (FOLLOW,FOLLOWER,FOLLOW_DATE,FOLLOWER_DATE) values (110,20,to_date('19/09/30','RR/MM/DD'),to_date('19/09/30','RR/MM/DD'));
Insert into DODREAM.FOLLOW_TB (FOLLOW,FOLLOWER,FOLLOW_DATE,FOLLOWER_DATE) values (110,21,to_date('19/09/30','RR/MM/DD'),to_date('19/09/30','RR/MM/DD'));
Insert into DODREAM.FOLLOW_TB (FOLLOW,FOLLOWER,FOLLOW_DATE,FOLLOWER_DATE) values (110,22,to_date('19/09/30','RR/MM/DD'),to_date('19/09/30','RR/MM/DD'));
Insert into DODREAM.FOLLOW_TB (FOLLOW,FOLLOWER,FOLLOW_DATE,FOLLOWER_DATE) values (110,23,to_date('19/09/30','RR/MM/DD'),to_date('19/09/30','RR/MM/DD'));
Insert into DODREAM.FOLLOW_TB (FOLLOW,FOLLOWER,FOLLOW_DATE,FOLLOWER_DATE) values (110,24,to_date('19/09/30','RR/MM/DD'),to_date('19/09/30','RR/MM/DD'));
Insert into DODREAM.FOLLOW_TB (FOLLOW,FOLLOWER,FOLLOW_DATE,FOLLOWER_DATE) values (110,25,to_date('19/09/30','RR/MM/DD'),to_date('19/09/30','RR/MM/DD'));
Insert into DODREAM.FOLLOW_TB (FOLLOW,FOLLOWER,FOLLOW_DATE,FOLLOWER_DATE) values (110,26,to_date('19/09/30','RR/MM/DD'),to_date('19/09/30','RR/MM/DD'));
Insert into DODREAM.FOLLOW_TB (FOLLOW,FOLLOWER,FOLLOW_DATE,FOLLOWER_DATE) values (110,27,to_date('19/09/30','RR/MM/DD'),to_date('19/09/30','RR/MM/DD'));
Insert into DODREAM.FOLLOW_TB (FOLLOW,FOLLOWER,FOLLOW_DATE,FOLLOWER_DATE) values (110,28,to_date('19/09/30','RR/MM/DD'),to_date('19/09/30','RR/MM/DD'));
Insert into DODREAM.FOLLOW_TB (FOLLOW,FOLLOWER,FOLLOW_DATE,FOLLOWER_DATE) values (110,29,to_date('19/09/30','RR/MM/DD'),to_date('19/09/30','RR/MM/DD'));
Insert into DODREAM.FOLLOW_TB (FOLLOW,FOLLOWER,FOLLOW_DATE,FOLLOWER_DATE) values (110,30,to_date('19/09/30','RR/MM/DD'),to_date('19/09/30','RR/MM/DD'));
Insert into DODREAM.FOLLOW_TB (FOLLOW,FOLLOWER,FOLLOW_DATE,FOLLOWER_DATE) values (110,31,to_date('19/09/30','RR/MM/DD'),to_date('19/09/30','RR/MM/DD'));
Insert into DODREAM.FOLLOW_TB (FOLLOW,FOLLOWER,FOLLOW_DATE,FOLLOWER_DATE) values (110,32,to_date('19/09/30','RR/MM/DD'),to_date('19/09/30','RR/MM/DD'));
Insert into DODREAM.FOLLOW_TB (FOLLOW,FOLLOWER,FOLLOW_DATE,FOLLOWER_DATE) values (110,33,to_date('19/09/30','RR/MM/DD'),to_date('19/09/30','RR/MM/DD'));
Insert into DODREAM.FOLLOW_TB (FOLLOW,FOLLOWER,FOLLOW_DATE,FOLLOWER_DATE) values (110,34,to_date('19/09/30','RR/MM/DD'),to_date('19/09/30','RR/MM/DD'));
Insert into DODREAM.FOLLOW_TB (FOLLOW,FOLLOWER,FOLLOW_DATE,FOLLOWER_DATE) values (110,35,to_date('19/09/30','RR/MM/DD'),to_date('19/09/30','RR/MM/DD'));
Insert into DODREAM.FOLLOW_TB (FOLLOW,FOLLOWER,FOLLOW_DATE,FOLLOWER_DATE) values (110,36,to_date('19/09/30','RR/MM/DD'),to_date('19/09/30','RR/MM/DD'));
Insert into DODREAM.FOLLOW_TB (FOLLOW,FOLLOWER,FOLLOW_DATE,FOLLOWER_DATE) values (110,37,to_date('19/09/30','RR/MM/DD'),to_date('19/09/30','RR/MM/DD'));
Insert into DODREAM.FOLLOW_TB (FOLLOW,FOLLOWER,FOLLOW_DATE,FOLLOWER_DATE) values (110,38,to_date('19/09/30','RR/MM/DD'),to_date('19/09/30','RR/MM/DD'));
Insert into DODREAM.FOLLOW_TB (FOLLOW,FOLLOWER,FOLLOW_DATE,FOLLOWER_DATE) values (110,39,to_date('19/09/30','RR/MM/DD'),to_date('19/09/30','RR/MM/DD'));
Insert into DODREAM.FOLLOW_TB (FOLLOW,FOLLOWER,FOLLOW_DATE,FOLLOWER_DATE) values (110,40,to_date('19/09/30','RR/MM/DD'),to_date('19/09/30','RR/MM/DD'));
Insert into DODREAM.FOLLOW_TB (FOLLOW,FOLLOWER,FOLLOW_DATE,FOLLOWER_DATE) values (110,41,to_date('19/09/30','RR/MM/DD'),to_date('19/09/30','RR/MM/DD'));
Insert into DODREAM.FOLLOW_TB (FOLLOW,FOLLOWER,FOLLOW_DATE,FOLLOWER_DATE) values (110,42,to_date('19/09/30','RR/MM/DD'),to_date('19/09/30','RR/MM/DD'));
Insert into DODREAM.FOLLOW_TB (FOLLOW,FOLLOWER,FOLLOW_DATE,FOLLOWER_DATE) values (110,43,to_date('19/09/30','RR/MM/DD'),to_date('19/09/30','RR/MM/DD'));
Insert into DODREAM.FOLLOW_TB (FOLLOW,FOLLOWER,FOLLOW_DATE,FOLLOWER_DATE) values (110,44,to_date('19/09/30','RR/MM/DD'),to_date('19/09/30','RR/MM/DD'));
Insert into DODREAM.FOLLOW_TB (FOLLOW,FOLLOWER,FOLLOW_DATE,FOLLOWER_DATE) values (110,45,to_date('19/09/30','RR/MM/DD'),to_date('19/09/30','RR/MM/DD'));
Insert into DODREAM.FOLLOW_TB (FOLLOW,FOLLOWER,FOLLOW_DATE,FOLLOWER_DATE) values (110,46,to_date('19/09/30','RR/MM/DD'),to_date('19/09/30','RR/MM/DD'));
Insert into DODREAM.FOLLOW_TB (FOLLOW,FOLLOWER,FOLLOW_DATE,FOLLOWER_DATE) values (110,47,to_date('19/09/30','RR/MM/DD'),to_date('19/09/30','RR/MM/DD'));
Insert into DODREAM.FOLLOW_TB (FOLLOW,FOLLOWER,FOLLOW_DATE,FOLLOWER_DATE) values (110,48,to_date('19/09/30','RR/MM/DD'),to_date('19/09/30','RR/MM/DD'));
Insert into DODREAM.FOLLOW_TB (FOLLOW,FOLLOWER,FOLLOW_DATE,FOLLOWER_DATE) values (110,49,to_date('19/09/30','RR/MM/DD'),to_date('19/09/30','RR/MM/DD'));
Insert into DODREAM.FOLLOW_TB (FOLLOW,FOLLOWER,FOLLOW_DATE,FOLLOWER_DATE) values (110,50,to_date('19/09/30','RR/MM/DD'),to_date('19/09/30','RR/MM/DD'));
Insert into DODREAM.FOLLOW_TB (FOLLOW,FOLLOWER,FOLLOW_DATE,FOLLOWER_DATE) values (110,51,to_date('19/09/30','RR/MM/DD'),to_date('19/09/30','RR/MM/DD'));
Insert into DODREAM.FOLLOW_TB (FOLLOW,FOLLOWER,FOLLOW_DATE,FOLLOWER_DATE) values (110,52,to_date('19/09/30','RR/MM/DD'),to_date('19/09/30','RR/MM/DD'));
Insert into DODREAM.FOLLOW_TB (FOLLOW,FOLLOWER,FOLLOW_DATE,FOLLOWER_DATE) values (110,53,to_date('19/09/30','RR/MM/DD'),to_date('19/09/30','RR/MM/DD'));
Insert into DODREAM.FOLLOW_TB (FOLLOW,FOLLOWER,FOLLOW_DATE,FOLLOWER_DATE) values (110,54,to_date('19/09/30','RR/MM/DD'),to_date('19/09/30','RR/MM/DD'));
Insert into DODREAM.FOLLOW_TB (FOLLOW,FOLLOWER,FOLLOW_DATE,FOLLOWER_DATE) values (110,55,to_date('19/09/30','RR/MM/DD'),to_date('19/09/30','RR/MM/DD'));
Insert into DODREAM.FOLLOW_TB (FOLLOW,FOLLOWER,FOLLOW_DATE,FOLLOWER_DATE) values (110,56,to_date('19/09/30','RR/MM/DD'),to_date('19/09/30','RR/MM/DD'));
Insert into DODREAM.FOLLOW_TB (FOLLOW,FOLLOWER,FOLLOW_DATE,FOLLOWER_DATE) values (110,57,to_date('19/09/30','RR/MM/DD'),to_date('19/09/30','RR/MM/DD'));
Insert into DODREAM.FOLLOW_TB (FOLLOW,FOLLOWER,FOLLOW_DATE,FOLLOWER_DATE) values (110,58,to_date('19/09/30','RR/MM/DD'),to_date('19/09/30','RR/MM/DD'));
Insert into DODREAM.FOLLOW_TB (FOLLOW,FOLLOWER,FOLLOW_DATE,FOLLOWER_DATE) values (110,59,to_date('19/09/30','RR/MM/DD'),to_date('19/09/30','RR/MM/DD'));
Insert into DODREAM.FOLLOW_TB (FOLLOW,FOLLOWER,FOLLOW_DATE,FOLLOWER_DATE) values (110,60,to_date('19/09/30','RR/MM/DD'),to_date('19/09/30','RR/MM/DD'));
Insert into DODREAM.FOLLOW_TB (FOLLOW,FOLLOWER,FOLLOW_DATE,FOLLOWER_DATE) values (110,61,to_date('19/09/30','RR/MM/DD'),to_date('19/09/30','RR/MM/DD'));
Insert into DODREAM.FOLLOW_TB (FOLLOW,FOLLOWER,FOLLOW_DATE,FOLLOWER_DATE) values (110,62,to_date('19/09/30','RR/MM/DD'),to_date('19/09/30','RR/MM/DD'));
Insert into DODREAM.FOLLOW_TB (FOLLOW,FOLLOWER,FOLLOW_DATE,FOLLOWER_DATE) values (110,63,to_date('19/09/30','RR/MM/DD'),to_date('19/09/30','RR/MM/DD'));
Insert into DODREAM.FOLLOW_TB (FOLLOW,FOLLOWER,FOLLOW_DATE,FOLLOWER_DATE) values (110,64,to_date('19/09/30','RR/MM/DD'),to_date('19/09/30','RR/MM/DD'));
Insert into DODREAM.FOLLOW_TB (FOLLOW,FOLLOWER,FOLLOW_DATE,FOLLOWER_DATE) values (110,65,to_date('19/09/30','RR/MM/DD'),to_date('19/09/30','RR/MM/DD'));
Insert into DODREAM.FOLLOW_TB (FOLLOW,FOLLOWER,FOLLOW_DATE,FOLLOWER_DATE) values (110,66,to_date('19/09/30','RR/MM/DD'),to_date('19/09/30','RR/MM/DD'));
Insert into DODREAM.FOLLOW_TB (FOLLOW,FOLLOWER,FOLLOW_DATE,FOLLOWER_DATE) values (110,67,to_date('19/09/30','RR/MM/DD'),to_date('19/09/30','RR/MM/DD'));
Insert into DODREAM.FOLLOW_TB (FOLLOW,FOLLOWER,FOLLOW_DATE,FOLLOWER_DATE) values (110,68,to_date('19/09/30','RR/MM/DD'),to_date('19/09/30','RR/MM/DD'));
Insert into DODREAM.FOLLOW_TB (FOLLOW,FOLLOWER,FOLLOW_DATE,FOLLOWER_DATE) values (110,69,to_date('19/09/30','RR/MM/DD'),to_date('19/09/30','RR/MM/DD'));
Insert into DODREAM.FOLLOW_TB (FOLLOW,FOLLOWER,FOLLOW_DATE,FOLLOWER_DATE) values (110,70,to_date('19/09/30','RR/MM/DD'),to_date('19/09/30','RR/MM/DD'));
Insert into DODREAM.FOLLOW_TB (FOLLOW,FOLLOWER,FOLLOW_DATE,FOLLOWER_DATE) values (110,71,to_date('19/09/30','RR/MM/DD'),to_date('19/09/30','RR/MM/DD'));
Insert into DODREAM.FOLLOW_TB (FOLLOW,FOLLOWER,FOLLOW_DATE,FOLLOWER_DATE) values (110,72,to_date('19/09/30','RR/MM/DD'),to_date('19/09/30','RR/MM/DD'));
Insert into DODREAM.FOLLOW_TB (FOLLOW,FOLLOWER,FOLLOW_DATE,FOLLOWER_DATE) values (110,73,to_date('19/09/30','RR/MM/DD'),to_date('19/09/30','RR/MM/DD'));
Insert into DODREAM.FOLLOW_TB (FOLLOW,FOLLOWER,FOLLOW_DATE,FOLLOWER_DATE) values (110,74,to_date('19/09/30','RR/MM/DD'),to_date('19/09/30','RR/MM/DD'));
Insert into DODREAM.FOLLOW_TB (FOLLOW,FOLLOWER,FOLLOW_DATE,FOLLOWER_DATE) values (110,75,to_date('19/09/30','RR/MM/DD'),to_date('19/09/30','RR/MM/DD'));
Insert into DODREAM.FOLLOW_TB (FOLLOW,FOLLOWER,FOLLOW_DATE,FOLLOWER_DATE) values (110,76,to_date('19/09/30','RR/MM/DD'),to_date('19/09/30','RR/MM/DD'));
Insert into DODREAM.FOLLOW_TB (FOLLOW,FOLLOWER,FOLLOW_DATE,FOLLOWER_DATE) values (110,77,to_date('19/09/30','RR/MM/DD'),to_date('19/09/30','RR/MM/DD'));
Insert into DODREAM.FOLLOW_TB (FOLLOW,FOLLOWER,FOLLOW_DATE,FOLLOWER_DATE) values (110,78,to_date('19/09/30','RR/MM/DD'),to_date('19/09/30','RR/MM/DD'));
Insert into DODREAM.FOLLOW_TB (FOLLOW,FOLLOWER,FOLLOW_DATE,FOLLOWER_DATE) values (110,79,to_date('19/09/30','RR/MM/DD'),to_date('19/09/30','RR/MM/DD'));
Insert into DODREAM.FOLLOW_TB (FOLLOW,FOLLOWER,FOLLOW_DATE,FOLLOWER_DATE) values (110,80,to_date('19/09/30','RR/MM/DD'),to_date('19/09/30','RR/MM/DD'));
Insert into DODREAM.FOLLOW_TB (FOLLOW,FOLLOWER,FOLLOW_DATE,FOLLOWER_DATE) values (110,81,to_date('19/09/30','RR/MM/DD'),to_date('19/09/30','RR/MM/DD'));
Insert into DODREAM.FOLLOW_TB (FOLLOW,FOLLOWER,FOLLOW_DATE,FOLLOWER_DATE) values (110,82,to_date('19/09/30','RR/MM/DD'),to_date('19/09/30','RR/MM/DD'));
Insert into DODREAM.FOLLOW_TB (FOLLOW,FOLLOWER,FOLLOW_DATE,FOLLOWER_DATE) values (110,83,to_date('19/09/30','RR/MM/DD'),to_date('19/09/30','RR/MM/DD'));
Insert into DODREAM.FOLLOW_TB (FOLLOW,FOLLOWER,FOLLOW_DATE,FOLLOWER_DATE) values (110,84,to_date('19/09/30','RR/MM/DD'),to_date('19/09/30','RR/MM/DD'));
Insert into DODREAM.FOLLOW_TB (FOLLOW,FOLLOWER,FOLLOW_DATE,FOLLOWER_DATE) values (110,85,to_date('19/09/30','RR/MM/DD'),to_date('19/09/30','RR/MM/DD'));
Insert into DODREAM.FOLLOW_TB (FOLLOW,FOLLOWER,FOLLOW_DATE,FOLLOWER_DATE) values (110,86,to_date('19/09/30','RR/MM/DD'),to_date('19/09/30','RR/MM/DD'));
Insert into DODREAM.FOLLOW_TB (FOLLOW,FOLLOWER,FOLLOW_DATE,FOLLOWER_DATE) values (110,87,to_date('19/09/30','RR/MM/DD'),to_date('19/09/30','RR/MM/DD'));
Insert into DODREAM.FOLLOW_TB (FOLLOW,FOLLOWER,FOLLOW_DATE,FOLLOWER_DATE) values (110,88,to_date('19/09/30','RR/MM/DD'),to_date('19/09/30','RR/MM/DD'));
Insert into DODREAM.FOLLOW_TB (FOLLOW,FOLLOWER,FOLLOW_DATE,FOLLOWER_DATE) values (110,89,to_date('19/09/30','RR/MM/DD'),to_date('19/09/30','RR/MM/DD'));
Insert into DODREAM.FOLLOW_TB (FOLLOW,FOLLOWER,FOLLOW_DATE,FOLLOWER_DATE) values (110,90,to_date('19/09/30','RR/MM/DD'),to_date('19/09/30','RR/MM/DD'));
Insert into DODREAM.FOLLOW_TB (FOLLOW,FOLLOWER,FOLLOW_DATE,FOLLOWER_DATE) values (110,91,to_date('19/09/30','RR/MM/DD'),to_date('19/09/30','RR/MM/DD'));
Insert into DODREAM.FOLLOW_TB (FOLLOW,FOLLOWER,FOLLOW_DATE,FOLLOWER_DATE) values (110,92,to_date('19/09/30','RR/MM/DD'),to_date('19/09/30','RR/MM/DD'));
Insert into DODREAM.FOLLOW_TB (FOLLOW,FOLLOWER,FOLLOW_DATE,FOLLOWER_DATE) values (110,93,to_date('19/09/30','RR/MM/DD'),to_date('19/09/30','RR/MM/DD'));
Insert into DODREAM.FOLLOW_TB (FOLLOW,FOLLOWER,FOLLOW_DATE,FOLLOWER_DATE) values (110,94,to_date('19/09/30','RR/MM/DD'),to_date('19/09/30','RR/MM/DD'));
Insert into DODREAM.FOLLOW_TB (FOLLOW,FOLLOWER,FOLLOW_DATE,FOLLOWER_DATE) values (110,95,to_date('19/09/30','RR/MM/DD'),to_date('19/09/30','RR/MM/DD'));
Insert into DODREAM.FOLLOW_TB (FOLLOW,FOLLOWER,FOLLOW_DATE,FOLLOWER_DATE) values (110,96,to_date('19/09/30','RR/MM/DD'),to_date('19/09/30','RR/MM/DD'));
Insert into DODREAM.FOLLOW_TB (FOLLOW,FOLLOWER,FOLLOW_DATE,FOLLOWER_DATE) values (110,97,to_date('19/09/30','RR/MM/DD'),to_date('19/09/30','RR/MM/DD'));
Insert into DODREAM.FOLLOW_TB (FOLLOW,FOLLOWER,FOLLOW_DATE,FOLLOWER_DATE) values (110,98,to_date('19/09/30','RR/MM/DD'),to_date('19/09/30','RR/MM/DD'));
Insert into DODREAM.FOLLOW_TB (FOLLOW,FOLLOWER,FOLLOW_DATE,FOLLOWER_DATE) values (110,99,to_date('19/09/30','RR/MM/DD'),to_date('19/09/30','RR/MM/DD'));
Insert into DODREAM.FOLLOW_TB (FOLLOW,FOLLOWER,FOLLOW_DATE,FOLLOWER_DATE) values (110,100,to_date('19/09/30','RR/MM/DD'),to_date('19/09/30','RR/MM/DD'));
Insert into DODREAM.FOLLOW_TB (FOLLOW,FOLLOWER,FOLLOW_DATE,FOLLOWER_DATE) values (109,1,to_date('19/09/30','RR/MM/DD'),to_date('19/09/30','RR/MM/DD'));
Insert into DODREAM.FOLLOW_TB (FOLLOW,FOLLOWER,FOLLOW_DATE,FOLLOWER_DATE) values (109,2,to_date('19/09/30','RR/MM/DD'),to_date('19/09/30','RR/MM/DD'));
Insert into DODREAM.FOLLOW_TB (FOLLOW,FOLLOWER,FOLLOW_DATE,FOLLOWER_DATE) values (109,3,to_date('19/09/30','RR/MM/DD'),to_date('19/09/30','RR/MM/DD'));
Insert into DODREAM.FOLLOW_TB (FOLLOW,FOLLOWER,FOLLOW_DATE,FOLLOWER_DATE) values (109,4,to_date('19/09/30','RR/MM/DD'),to_date('19/09/30','RR/MM/DD'));
Insert into DODREAM.FOLLOW_TB (FOLLOW,FOLLOWER,FOLLOW_DATE,FOLLOWER_DATE) values (109,5,to_date('19/09/30','RR/MM/DD'),to_date('19/09/30','RR/MM/DD'));
Insert into DODREAM.FOLLOW_TB (FOLLOW,FOLLOWER,FOLLOW_DATE,FOLLOWER_DATE) values (109,6,to_date('19/09/30','RR/MM/DD'),to_date('19/09/30','RR/MM/DD'));
Insert into DODREAM.FOLLOW_TB (FOLLOW,FOLLOWER,FOLLOW_DATE,FOLLOWER_DATE) values (109,7,to_date('19/09/30','RR/MM/DD'),to_date('19/09/30','RR/MM/DD'));
Insert into DODREAM.FOLLOW_TB (FOLLOW,FOLLOWER,FOLLOW_DATE,FOLLOWER_DATE) values (109,8,to_date('19/09/30','RR/MM/DD'),to_date('19/09/30','RR/MM/DD'));
Insert into DODREAM.FOLLOW_TB (FOLLOW,FOLLOWER,FOLLOW_DATE,FOLLOWER_DATE) values (109,9,to_date('19/09/30','RR/MM/DD'),to_date('19/09/30','RR/MM/DD'));
Insert into DODREAM.FOLLOW_TB (FOLLOW,FOLLOWER,FOLLOW_DATE,FOLLOWER_DATE) values (109,10,to_date('19/09/30','RR/MM/DD'),to_date('19/09/30','RR/MM/DD'));
Insert into DODREAM.FOLLOW_TB (FOLLOW,FOLLOWER,FOLLOW_DATE,FOLLOWER_DATE) values (109,11,to_date('19/09/30','RR/MM/DD'),to_date('19/09/30','RR/MM/DD'));
Insert into DODREAM.FOLLOW_TB (FOLLOW,FOLLOWER,FOLLOW_DATE,FOLLOWER_DATE) values (109,12,to_date('19/09/30','RR/MM/DD'),to_date('19/09/30','RR/MM/DD'));
Insert into DODREAM.FOLLOW_TB (FOLLOW,FOLLOWER,FOLLOW_DATE,FOLLOWER_DATE) values (109,13,to_date('19/09/30','RR/MM/DD'),to_date('19/09/30','RR/MM/DD'));
Insert into DODREAM.FOLLOW_TB (FOLLOW,FOLLOWER,FOLLOW_DATE,FOLLOWER_DATE) values (109,14,to_date('19/09/30','RR/MM/DD'),to_date('19/09/30','RR/MM/DD'));
Insert into DODREAM.FOLLOW_TB (FOLLOW,FOLLOWER,FOLLOW_DATE,FOLLOWER_DATE) values (109,15,to_date('19/09/30','RR/MM/DD'),to_date('19/09/30','RR/MM/DD'));
Insert into DODREAM.FOLLOW_TB (FOLLOW,FOLLOWER,FOLLOW_DATE,FOLLOWER_DATE) values (109,16,to_date('19/09/30','RR/MM/DD'),to_date('19/09/30','RR/MM/DD'));
Insert into DODREAM.FOLLOW_TB (FOLLOW,FOLLOWER,FOLLOW_DATE,FOLLOWER_DATE) values (109,17,to_date('19/09/30','RR/MM/DD'),to_date('19/09/30','RR/MM/DD'));
Insert into DODREAM.FOLLOW_TB (FOLLOW,FOLLOWER,FOLLOW_DATE,FOLLOWER_DATE) values (109,18,to_date('19/09/30','RR/MM/DD'),to_date('19/09/30','RR/MM/DD'));
Insert into DODREAM.FOLLOW_TB (FOLLOW,FOLLOWER,FOLLOW_DATE,FOLLOWER_DATE) values (109,19,to_date('19/09/30','RR/MM/DD'),to_date('19/09/30','RR/MM/DD'));
Insert into DODREAM.FOLLOW_TB (FOLLOW,FOLLOWER,FOLLOW_DATE,FOLLOWER_DATE) values (109,20,to_date('19/09/30','RR/MM/DD'),to_date('19/09/30','RR/MM/DD'));
Insert into DODREAM.FOLLOW_TB (FOLLOW,FOLLOWER,FOLLOW_DATE,FOLLOWER_DATE) values (109,21,to_date('19/09/30','RR/MM/DD'),to_date('19/09/30','RR/MM/DD'));
Insert into DODREAM.FOLLOW_TB (FOLLOW,FOLLOWER,FOLLOW_DATE,FOLLOWER_DATE) values (109,22,to_date('19/09/30','RR/MM/DD'),to_date('19/09/30','RR/MM/DD'));
Insert into DODREAM.FOLLOW_TB (FOLLOW,FOLLOWER,FOLLOW_DATE,FOLLOWER_DATE) values (109,23,to_date('19/09/30','RR/MM/DD'),to_date('19/09/30','RR/MM/DD'));
Insert into DODREAM.FOLLOW_TB (FOLLOW,FOLLOWER,FOLLOW_DATE,FOLLOWER_DATE) values (109,24,to_date('19/09/30','RR/MM/DD'),to_date('19/09/30','RR/MM/DD'));
Insert into DODREAM.FOLLOW_TB (FOLLOW,FOLLOWER,FOLLOW_DATE,FOLLOWER_DATE) values (109,25,to_date('19/09/30','RR/MM/DD'),to_date('19/09/30','RR/MM/DD'));
Insert into DODREAM.FOLLOW_TB (FOLLOW,FOLLOWER,FOLLOW_DATE,FOLLOWER_DATE) values (109,26,to_date('19/09/30','RR/MM/DD'),to_date('19/09/30','RR/MM/DD'));
Insert into DODREAM.FOLLOW_TB (FOLLOW,FOLLOWER,FOLLOW_DATE,FOLLOWER_DATE) values (109,27,to_date('19/09/30','RR/MM/DD'),to_date('19/09/30','RR/MM/DD'));
Insert into DODREAM.FOLLOW_TB (FOLLOW,FOLLOWER,FOLLOW_DATE,FOLLOWER_DATE) values (109,28,to_date('19/09/30','RR/MM/DD'),to_date('19/09/30','RR/MM/DD'));
Insert into DODREAM.FOLLOW_TB (FOLLOW,FOLLOWER,FOLLOW_DATE,FOLLOWER_DATE) values (109,29,to_date('19/09/30','RR/MM/DD'),to_date('19/09/30','RR/MM/DD'));
Insert into DODREAM.FOLLOW_TB (FOLLOW,FOLLOWER,FOLLOW_DATE,FOLLOWER_DATE) values (109,30,to_date('19/09/30','RR/MM/DD'),to_date('19/09/30','RR/MM/DD'));
Insert into DODREAM.FOLLOW_TB (FOLLOW,FOLLOWER,FOLLOW_DATE,FOLLOWER_DATE) values (109,31,to_date('19/09/30','RR/MM/DD'),to_date('19/09/30','RR/MM/DD'));
Insert into DODREAM.FOLLOW_TB (FOLLOW,FOLLOWER,FOLLOW_DATE,FOLLOWER_DATE) values (109,32,to_date('19/09/30','RR/MM/DD'),to_date('19/09/30','RR/MM/DD'));
Insert into DODREAM.FOLLOW_TB (FOLLOW,FOLLOWER,FOLLOW_DATE,FOLLOWER_DATE) values (109,33,to_date('19/09/30','RR/MM/DD'),to_date('19/09/30','RR/MM/DD'));
Insert into DODREAM.FOLLOW_TB (FOLLOW,FOLLOWER,FOLLOW_DATE,FOLLOWER_DATE) values (109,34,to_date('19/09/30','RR/MM/DD'),to_date('19/09/30','RR/MM/DD'));
Insert into DODREAM.FOLLOW_TB (FOLLOW,FOLLOWER,FOLLOW_DATE,FOLLOWER_DATE) values (109,35,to_date('19/09/30','RR/MM/DD'),to_date('19/09/30','RR/MM/DD'));
Insert into DODREAM.FOLLOW_TB (FOLLOW,FOLLOWER,FOLLOW_DATE,FOLLOWER_DATE) values (109,36,to_date('19/09/30','RR/MM/DD'),to_date('19/09/30','RR/MM/DD'));
Insert into DODREAM.FOLLOW_TB (FOLLOW,FOLLOWER,FOLLOW_DATE,FOLLOWER_DATE) values (109,37,to_date('19/09/30','RR/MM/DD'),to_date('19/09/30','RR/MM/DD'));
Insert into DODREAM.FOLLOW_TB (FOLLOW,FOLLOWER,FOLLOW_DATE,FOLLOWER_DATE) values (109,38,to_date('19/09/30','RR/MM/DD'),to_date('19/09/30','RR/MM/DD'));
Insert into DODREAM.FOLLOW_TB (FOLLOW,FOLLOWER,FOLLOW_DATE,FOLLOWER_DATE) values (109,39,to_date('19/09/30','RR/MM/DD'),to_date('19/09/30','RR/MM/DD'));
Insert into DODREAM.FOLLOW_TB (FOLLOW,FOLLOWER,FOLLOW_DATE,FOLLOWER_DATE) values (109,40,to_date('19/09/30','RR/MM/DD'),to_date('19/09/30','RR/MM/DD'));
Insert into DODREAM.FOLLOW_TB (FOLLOW,FOLLOWER,FOLLOW_DATE,FOLLOWER_DATE) values (109,41,to_date('19/09/30','RR/MM/DD'),to_date('19/09/30','RR/MM/DD'));
Insert into DODREAM.FOLLOW_TB (FOLLOW,FOLLOWER,FOLLOW_DATE,FOLLOWER_DATE) values (109,42,to_date('19/09/30','RR/MM/DD'),to_date('19/09/30','RR/MM/DD'));
Insert into DODREAM.FOLLOW_TB (FOLLOW,FOLLOWER,FOLLOW_DATE,FOLLOWER_DATE) values (109,43,to_date('19/09/30','RR/MM/DD'),to_date('19/09/30','RR/MM/DD'));
Insert into DODREAM.FOLLOW_TB (FOLLOW,FOLLOWER,FOLLOW_DATE,FOLLOWER_DATE) values (109,44,to_date('19/09/30','RR/MM/DD'),to_date('19/09/30','RR/MM/DD'));
Insert into DODREAM.FOLLOW_TB (FOLLOW,FOLLOWER,FOLLOW_DATE,FOLLOWER_DATE) values (109,45,to_date('19/09/30','RR/MM/DD'),to_date('19/09/30','RR/MM/DD'));
Insert into DODREAM.FOLLOW_TB (FOLLOW,FOLLOWER,FOLLOW_DATE,FOLLOWER_DATE) values (109,46,to_date('19/09/30','RR/MM/DD'),to_date('19/09/30','RR/MM/DD'));
Insert into DODREAM.FOLLOW_TB (FOLLOW,FOLLOWER,FOLLOW_DATE,FOLLOWER_DATE) values (109,47,to_date('19/09/30','RR/MM/DD'),to_date('19/09/30','RR/MM/DD'));
Insert into DODREAM.FOLLOW_TB (FOLLOW,FOLLOWER,FOLLOW_DATE,FOLLOWER_DATE) values (109,48,to_date('19/09/30','RR/MM/DD'),to_date('19/09/30','RR/MM/DD'));
Insert into DODREAM.FOLLOW_TB (FOLLOW,FOLLOWER,FOLLOW_DATE,FOLLOWER_DATE) values (109,49,to_date('19/09/30','RR/MM/DD'),to_date('19/09/30','RR/MM/DD'));
Insert into DODREAM.FOLLOW_TB (FOLLOW,FOLLOWER,FOLLOW_DATE,FOLLOWER_DATE) values (109,50,to_date('19/09/30','RR/MM/DD'),to_date('19/09/30','RR/MM/DD'));
Insert into DODREAM.FOLLOW_TB (FOLLOW,FOLLOWER,FOLLOW_DATE,FOLLOWER_DATE) values (109,51,to_date('19/09/30','RR/MM/DD'),to_date('19/09/30','RR/MM/DD'));
Insert into DODREAM.FOLLOW_TB (FOLLOW,FOLLOWER,FOLLOW_DATE,FOLLOWER_DATE) values (109,52,to_date('19/09/30','RR/MM/DD'),to_date('19/09/30','RR/MM/DD'));
Insert into DODREAM.FOLLOW_TB (FOLLOW,FOLLOWER,FOLLOW_DATE,FOLLOWER_DATE) values (109,53,to_date('19/09/30','RR/MM/DD'),to_date('19/09/30','RR/MM/DD'));
Insert into DODREAM.FOLLOW_TB (FOLLOW,FOLLOWER,FOLLOW_DATE,FOLLOWER_DATE) values (109,54,to_date('19/09/30','RR/MM/DD'),to_date('19/09/30','RR/MM/DD'));
Insert into DODREAM.FOLLOW_TB (FOLLOW,FOLLOWER,FOLLOW_DATE,FOLLOWER_DATE) values (109,55,to_date('19/09/30','RR/MM/DD'),to_date('19/09/30','RR/MM/DD'));
Insert into DODREAM.FOLLOW_TB (FOLLOW,FOLLOWER,FOLLOW_DATE,FOLLOWER_DATE) values (109,56,to_date('19/09/30','RR/MM/DD'),to_date('19/09/30','RR/MM/DD'));
Insert into DODREAM.FOLLOW_TB (FOLLOW,FOLLOWER,FOLLOW_DATE,FOLLOWER_DATE) values (109,57,to_date('19/09/30','RR/MM/DD'),to_date('19/09/30','RR/MM/DD'));
Insert into DODREAM.FOLLOW_TB (FOLLOW,FOLLOWER,FOLLOW_DATE,FOLLOWER_DATE) values (109,58,to_date('19/09/30','RR/MM/DD'),to_date('19/09/30','RR/MM/DD'));
Insert into DODREAM.FOLLOW_TB (FOLLOW,FOLLOWER,FOLLOW_DATE,FOLLOWER_DATE) values (109,59,to_date('19/09/30','RR/MM/DD'),to_date('19/09/30','RR/MM/DD'));
Insert into DODREAM.FOLLOW_TB (FOLLOW,FOLLOWER,FOLLOW_DATE,FOLLOWER_DATE) values (109,60,to_date('19/09/30','RR/MM/DD'),to_date('19/09/30','RR/MM/DD'));
Insert into DODREAM.FOLLOW_TB (FOLLOW,FOLLOWER,FOLLOW_DATE,FOLLOWER_DATE) values (109,61,to_date('19/09/30','RR/MM/DD'),to_date('19/09/30','RR/MM/DD'));
Insert into DODREAM.FOLLOW_TB (FOLLOW,FOLLOWER,FOLLOW_DATE,FOLLOWER_DATE) values (109,62,to_date('19/09/30','RR/MM/DD'),to_date('19/09/30','RR/MM/DD'));
Insert into DODREAM.FOLLOW_TB (FOLLOW,FOLLOWER,FOLLOW_DATE,FOLLOWER_DATE) values (109,63,to_date('19/09/30','RR/MM/DD'),to_date('19/09/30','RR/MM/DD'));
Insert into DODREAM.FOLLOW_TB (FOLLOW,FOLLOWER,FOLLOW_DATE,FOLLOWER_DATE) values (109,64,to_date('19/09/30','RR/MM/DD'),to_date('19/09/30','RR/MM/DD'));
Insert into DODREAM.FOLLOW_TB (FOLLOW,FOLLOWER,FOLLOW_DATE,FOLLOWER_DATE) values (109,65,to_date('19/09/30','RR/MM/DD'),to_date('19/09/30','RR/MM/DD'));
Insert into DODREAM.FOLLOW_TB (FOLLOW,FOLLOWER,FOLLOW_DATE,FOLLOWER_DATE) values (109,66,to_date('19/09/30','RR/MM/DD'),to_date('19/09/30','RR/MM/DD'));
Insert into DODREAM.FOLLOW_TB (FOLLOW,FOLLOWER,FOLLOW_DATE,FOLLOWER_DATE) values (109,67,to_date('19/09/30','RR/MM/DD'),to_date('19/09/30','RR/MM/DD'));
Insert into DODREAM.FOLLOW_TB (FOLLOW,FOLLOWER,FOLLOW_DATE,FOLLOWER_DATE) values (109,68,to_date('19/09/30','RR/MM/DD'),to_date('19/09/30','RR/MM/DD'));
Insert into DODREAM.FOLLOW_TB (FOLLOW,FOLLOWER,FOLLOW_DATE,FOLLOWER_DATE) values (109,69,to_date('19/09/30','RR/MM/DD'),to_date('19/09/30','RR/MM/DD'));
Insert into DODREAM.FOLLOW_TB (FOLLOW,FOLLOWER,FOLLOW_DATE,FOLLOWER_DATE) values (109,70,to_date('19/09/30','RR/MM/DD'),to_date('19/09/30','RR/MM/DD'));
Insert into DODREAM.FOLLOW_TB (FOLLOW,FOLLOWER,FOLLOW_DATE,FOLLOWER_DATE) values (109,71,to_date('19/09/30','RR/MM/DD'),to_date('19/09/30','RR/MM/DD'));
Insert into DODREAM.FOLLOW_TB (FOLLOW,FOLLOWER,FOLLOW_DATE,FOLLOWER_DATE) values (109,72,to_date('19/09/30','RR/MM/DD'),to_date('19/09/30','RR/MM/DD'));
Insert into DODREAM.FOLLOW_TB (FOLLOW,FOLLOWER,FOLLOW_DATE,FOLLOWER_DATE) values (109,73,to_date('19/09/30','RR/MM/DD'),to_date('19/09/30','RR/MM/DD'));
Insert into DODREAM.FOLLOW_TB (FOLLOW,FOLLOWER,FOLLOW_DATE,FOLLOWER_DATE) values (109,74,to_date('19/09/30','RR/MM/DD'),to_date('19/09/30','RR/MM/DD'));
Insert into DODREAM.FOLLOW_TB (FOLLOW,FOLLOWER,FOLLOW_DATE,FOLLOWER_DATE) values (109,75,to_date('19/09/30','RR/MM/DD'),to_date('19/09/30','RR/MM/DD'));
Insert into DODREAM.FOLLOW_TB (FOLLOW,FOLLOWER,FOLLOW_DATE,FOLLOWER_DATE) values (109,76,to_date('19/09/30','RR/MM/DD'),to_date('19/09/30','RR/MM/DD'));
Insert into DODREAM.FOLLOW_TB (FOLLOW,FOLLOWER,FOLLOW_DATE,FOLLOWER_DATE) values (109,77,to_date('19/09/30','RR/MM/DD'),to_date('19/09/30','RR/MM/DD'));
Insert into DODREAM.FOLLOW_TB (FOLLOW,FOLLOWER,FOLLOW_DATE,FOLLOWER_DATE) values (109,78,to_date('19/09/30','RR/MM/DD'),to_date('19/09/30','RR/MM/DD'));
Insert into DODREAM.FOLLOW_TB (FOLLOW,FOLLOWER,FOLLOW_DATE,FOLLOWER_DATE) values (109,79,to_date('19/09/30','RR/MM/DD'),to_date('19/09/30','RR/MM/DD'));
Insert into DODREAM.FOLLOW_TB (FOLLOW,FOLLOWER,FOLLOW_DATE,FOLLOWER_DATE) values (109,80,to_date('19/09/30','RR/MM/DD'),to_date('19/09/30','RR/MM/DD'));
Insert into DODREAM.FOLLOW_TB (FOLLOW,FOLLOWER,FOLLOW_DATE,FOLLOWER_DATE) values (109,81,to_date('19/09/30','RR/MM/DD'),to_date('19/09/30','RR/MM/DD'));
Insert into DODREAM.FOLLOW_TB (FOLLOW,FOLLOWER,FOLLOW_DATE,FOLLOWER_DATE) values (109,82,to_date('19/09/30','RR/MM/DD'),to_date('19/09/30','RR/MM/DD'));
Insert into DODREAM.FOLLOW_TB (FOLLOW,FOLLOWER,FOLLOW_DATE,FOLLOWER_DATE) values (109,83,to_date('19/09/30','RR/MM/DD'),to_date('19/09/30','RR/MM/DD'));
Insert into DODREAM.FOLLOW_TB (FOLLOW,FOLLOWER,FOLLOW_DATE,FOLLOWER_DATE) values (109,84,to_date('19/09/30','RR/MM/DD'),to_date('19/09/30','RR/MM/DD'));
Insert into DODREAM.FOLLOW_TB (FOLLOW,FOLLOWER,FOLLOW_DATE,FOLLOWER_DATE) values (109,85,to_date('19/09/30','RR/MM/DD'),to_date('19/09/30','RR/MM/DD'));
Insert into DODREAM.FOLLOW_TB (FOLLOW,FOLLOWER,FOLLOW_DATE,FOLLOWER_DATE) values (109,86,to_date('19/09/30','RR/MM/DD'),to_date('19/09/30','RR/MM/DD'));
Insert into DODREAM.FOLLOW_TB (FOLLOW,FOLLOWER,FOLLOW_DATE,FOLLOWER_DATE) values (109,87,to_date('19/09/30','RR/MM/DD'),to_date('19/09/30','RR/MM/DD'));
Insert into DODREAM.FOLLOW_TB (FOLLOW,FOLLOWER,FOLLOW_DATE,FOLLOWER_DATE) values (109,88,to_date('19/09/30','RR/MM/DD'),to_date('19/09/30','RR/MM/DD'));
Insert into DODREAM.FOLLOW_TB (FOLLOW,FOLLOWER,FOLLOW_DATE,FOLLOWER_DATE) values (109,89,to_date('19/09/30','RR/MM/DD'),to_date('19/09/30','RR/MM/DD'));
Insert into DODREAM.FOLLOW_TB (FOLLOW,FOLLOWER,FOLLOW_DATE,FOLLOWER_DATE) values (109,90,to_date('19/09/30','RR/MM/DD'),to_date('19/09/30','RR/MM/DD'));
Insert into DODREAM.FOLLOW_TB (FOLLOW,FOLLOWER,FOLLOW_DATE,FOLLOWER_DATE) values (109,91,to_date('19/09/30','RR/MM/DD'),to_date('19/09/30','RR/MM/DD'));
Insert into DODREAM.FOLLOW_TB (FOLLOW,FOLLOWER,FOLLOW_DATE,FOLLOWER_DATE) values (109,92,to_date('19/09/30','RR/MM/DD'),to_date('19/09/30','RR/MM/DD'));
Insert into DODREAM.FOLLOW_TB (FOLLOW,FOLLOWER,FOLLOW_DATE,FOLLOWER_DATE) values (109,93,to_date('19/09/30','RR/MM/DD'),to_date('19/09/30','RR/MM/DD'));
Insert into DODREAM.FOLLOW_TB (FOLLOW,FOLLOWER,FOLLOW_DATE,FOLLOWER_DATE) values (109,94,to_date('19/09/30','RR/MM/DD'),to_date('19/09/30','RR/MM/DD'));
Insert into DODREAM.FOLLOW_TB (FOLLOW,FOLLOWER,FOLLOW_DATE,FOLLOWER_DATE) values (109,95,to_date('19/09/30','RR/MM/DD'),to_date('19/09/30','RR/MM/DD'));
Insert into DODREAM.FOLLOW_TB (FOLLOW,FOLLOWER,FOLLOW_DATE,FOLLOWER_DATE) values (109,96,to_date('19/09/30','RR/MM/DD'),to_date('19/09/30','RR/MM/DD'));
Insert into DODREAM.FOLLOW_TB (FOLLOW,FOLLOWER,FOLLOW_DATE,FOLLOWER_DATE) values (109,97,to_date('19/09/30','RR/MM/DD'),to_date('19/09/30','RR/MM/DD'));
Insert into DODREAM.FOLLOW_TB (FOLLOW,FOLLOWER,FOLLOW_DATE,FOLLOWER_DATE) values (109,98,to_date('19/09/30','RR/MM/DD'),to_date('19/09/30','RR/MM/DD'));
Insert into DODREAM.FOLLOW_TB (FOLLOW,FOLLOWER,FOLLOW_DATE,FOLLOWER_DATE) values (109,99,to_date('19/09/30','RR/MM/DD'),to_date('19/09/30','RR/MM/DD'));
Insert into DODREAM.FOLLOW_TB (FOLLOW,FOLLOWER,FOLLOW_DATE,FOLLOWER_DATE) values (109,100,to_date('19/09/30','RR/MM/DD'),to_date('19/09/30','RR/MM/DD'));
Insert into DODREAM.FOLLOW_TB (FOLLOW,FOLLOWER,FOLLOW_DATE,FOLLOWER_DATE) values (12,3,to_date('19/10/16','RR/MM/DD'),to_date('19/10/16','RR/MM/DD'));
Insert into DODREAM.FOLLOW_TB (FOLLOW,FOLLOWER,FOLLOW_DATE,FOLLOWER_DATE) values (110,109,to_date('19/09/30','RR/MM/DD'),to_date('19/09/30','RR/MM/DD'));
Insert into DODREAM.FOLLOW_TB (FOLLOW,FOLLOWER,FOLLOW_DATE,FOLLOWER_DATE) values (23,110,to_date('19/09/30','RR/MM/DD'),to_date('19/09/30','RR/MM/DD'));
Insert into DODREAM.FOLLOW_TB (FOLLOW,FOLLOWER,FOLLOW_DATE,FOLLOWER_DATE) values (45,110,to_date('19/09/30','RR/MM/DD'),to_date('19/09/30','RR/MM/DD'));
Insert into DODREAM.FOLLOW_TB (FOLLOW,FOLLOWER,FOLLOW_DATE,FOLLOWER_DATE) values (17,115,to_date('19/10/15','RR/MM/DD'),to_date('19/10/15','RR/MM/DD'));
Insert into DODREAM.FOLLOW_TB (FOLLOW,FOLLOWER,FOLLOW_DATE,FOLLOWER_DATE) values (17,12,to_date('19/10/08','RR/MM/DD'),to_date('19/10/08','RR/MM/DD'));
Insert into DODREAM.FOLLOW_TB (FOLLOW,FOLLOWER,FOLLOW_DATE,FOLLOWER_DATE) values (3,115,to_date('19/10/10','RR/MM/DD'),to_date('19/10/10','RR/MM/DD'));
Insert into DODREAM.FOLLOW_TB (FOLLOW,FOLLOWER,FOLLOW_DATE,FOLLOWER_DATE) values (3,110,to_date('19/10/13','RR/MM/DD'),to_date('19/10/13','RR/MM/DD'));
Insert into DODREAM.FOLLOW_TB (FOLLOW,FOLLOWER,FOLLOW_DATE,FOLLOWER_DATE) values (3,27,to_date('19/10/10','RR/MM/DD'),to_date('19/10/10','RR/MM/DD'));
Insert into DODREAM.FOLLOW_TB (FOLLOW,FOLLOWER,FOLLOW_DATE,FOLLOWER_DATE) values (109,120,to_date('19/10/17','RR/MM/DD'),to_date('19/10/17','RR/MM/DD'));
Insert into DODREAM.FOLLOW_TB (FOLLOW,FOLLOWER,FOLLOW_DATE,FOLLOWER_DATE) values (12,126,to_date('19/10/17','RR/MM/DD'),to_date('19/10/17','RR/MM/DD'));
Insert into DODREAM.FOLLOW_TB (FOLLOW,FOLLOWER,FOLLOW_DATE,FOLLOWER_DATE) values (12,120,to_date('19/10/17','RR/MM/DD'),to_date('19/10/17','RR/MM/DD'));
Insert into DODREAM.FOLLOW_TB (FOLLOW,FOLLOWER,FOLLOW_DATE,FOLLOWER_DATE) values (3,17,to_date('19/10/17','RR/MM/DD'),to_date('19/10/17','RR/MM/DD'));
Insert into DODREAM.FOLLOW_TB (FOLLOW,FOLLOWER,FOLLOW_DATE,FOLLOWER_DATE) values (79,3,to_date('19/10/17','RR/MM/DD'),to_date('19/10/17','RR/MM/DD'));
REM INSERTING into DODREAM.HISTORY
SET DEFINE OFF;
Insert into DODREAM.HISTORY (RESERVE_NO,REWARD_NO,REWARD_SUM,REWARD_OPTION) values (55,162,100,null);
Insert into DODREAM.HISTORY (RESERVE_NO,REWARD_NO,REWARD_SUM,REWARD_OPTION) values (56,53,1,null);
Insert into DODREAM.HISTORY (RESERVE_NO,REWARD_NO,REWARD_SUM,REWARD_OPTION) values (79,393,1,null);
Insert into DODREAM.HISTORY (RESERVE_NO,REWARD_NO,REWARD_SUM,REWARD_OPTION) values (58,193,1,null);
Insert into DODREAM.HISTORY (RESERVE_NO,REWARD_NO,REWARD_SUM,REWARD_OPTION) values (58,194,1,null);
Insert into DODREAM.HISTORY (RESERVE_NO,REWARD_NO,REWARD_SUM,REWARD_OPTION) values (58,195,3,null);
Insert into DODREAM.HISTORY (RESERVE_NO,REWARD_NO,REWARD_SUM,REWARD_OPTION) values (59,178,30,null);
Insert into DODREAM.HISTORY (RESERVE_NO,REWARD_NO,REWARD_SUM,REWARD_OPTION) values (59,179,100,null);
Insert into DODREAM.HISTORY (RESERVE_NO,REWARD_NO,REWARD_SUM,REWARD_OPTION) values (60,247,1,null);
Insert into DODREAM.HISTORY (RESERVE_NO,REWARD_NO,REWARD_SUM,REWARD_OPTION) values (61,349,1,null);
Insert into DODREAM.HISTORY (RESERVE_NO,REWARD_NO,REWARD_SUM,REWARD_OPTION) values (62,335,40,null);
Insert into DODREAM.HISTORY (RESERVE_NO,REWARD_NO,REWARD_SUM,REWARD_OPTION) values (63,361,1,null);
Insert into DODREAM.HISTORY (RESERVE_NO,REWARD_NO,REWARD_SUM,REWARD_OPTION) values (64,381,1,null);
Insert into DODREAM.HISTORY (RESERVE_NO,REWARD_NO,REWARD_SUM,REWARD_OPTION) values (65,381,1,null);
Insert into DODREAM.HISTORY (RESERVE_NO,REWARD_NO,REWARD_SUM,REWARD_OPTION) values (66,381,1,null);
Insert into DODREAM.HISTORY (RESERVE_NO,REWARD_NO,REWARD_SUM,REWARD_OPTION) values (67,381,1,null);
Insert into DODREAM.HISTORY (RESERVE_NO,REWARD_NO,REWARD_SUM,REWARD_OPTION) values (68,393,1,null);
Insert into DODREAM.HISTORY (RESERVE_NO,REWARD_NO,REWARD_SUM,REWARD_OPTION) values (69,46,5,null);
Insert into DODREAM.HISTORY (RESERVE_NO,REWARD_NO,REWARD_SUM,REWARD_OPTION) values (70,328,1,null);
Insert into DODREAM.HISTORY (RESERVE_NO,REWARD_NO,REWARD_SUM,REWARD_OPTION) values (71,162,1,null);
Insert into DODREAM.HISTORY (RESERVE_NO,REWARD_NO,REWARD_SUM,REWARD_OPTION) values (72,335,1,null);
Insert into DODREAM.HISTORY (RESERVE_NO,REWARD_NO,REWARD_SUM,REWARD_OPTION) values (73,381,1,null);
Insert into DODREAM.HISTORY (RESERVE_NO,REWARD_NO,REWARD_SUM,REWARD_OPTION) values (74,393,1,null);
Insert into DODREAM.HISTORY (RESERVE_NO,REWARD_NO,REWARD_SUM,REWARD_OPTION) values (75,236,1,null);
Insert into DODREAM.HISTORY (RESERVE_NO,REWARD_NO,REWARD_SUM,REWARD_OPTION) values (77,195,1,null);
Insert into DODREAM.HISTORY (RESERVE_NO,REWARD_NO,REWARD_SUM,REWARD_OPTION) values (78,338,1,null);
Insert into DODREAM.HISTORY (RESERVE_NO,REWARD_NO,REWARD_SUM,REWARD_OPTION) values (53,16,100,null);
Insert into DODREAM.HISTORY (RESERVE_NO,REWARD_NO,REWARD_SUM,REWARD_OPTION) values (54,52,3,null);
REM INSERTING into DODREAM.LIKE_TB
SET DEFINE OFF;
Insert into DODREAM.LIKE_TB (LIKE_USER,LIKE_PRJ) values (1,1054);
Insert into DODREAM.LIKE_TB (LIKE_USER,LIKE_PRJ) values (1,1621);
Insert into DODREAM.LIKE_TB (LIKE_USER,LIKE_PRJ) values (4,54);
Insert into DODREAM.LIKE_TB (LIKE_USER,LIKE_PRJ) values (4,127);
Insert into DODREAM.LIKE_TB (LIKE_USER,LIKE_PRJ) values (4,129);
Insert into DODREAM.LIKE_TB (LIKE_USER,LIKE_PRJ) values (4,1559);
Insert into DODREAM.LIKE_TB (LIKE_USER,LIKE_PRJ) values (4,1565);
Insert into DODREAM.LIKE_TB (LIKE_USER,LIKE_PRJ) values (4,1582);
Insert into DODREAM.LIKE_TB (LIKE_USER,LIKE_PRJ) values (4,1599);
Insert into DODREAM.LIKE_TB (LIKE_USER,LIKE_PRJ) values (4,1621);
Insert into DODREAM.LIKE_TB (LIKE_USER,LIKE_PRJ) values (5,129);
Insert into DODREAM.LIKE_TB (LIKE_USER,LIKE_PRJ) values (7,127);
Insert into DODREAM.LIKE_TB (LIKE_USER,LIKE_PRJ) values (13,127);
Insert into DODREAM.LIKE_TB (LIKE_USER,LIKE_PRJ) values (13,909);
Insert into DODREAM.LIKE_TB (LIKE_USER,LIKE_PRJ) values (13,1013);
Insert into DODREAM.LIKE_TB (LIKE_USER,LIKE_PRJ) values (13,1022);
Insert into DODREAM.LIKE_TB (LIKE_USER,LIKE_PRJ) values (16,127);
Insert into DODREAM.LIKE_TB (LIKE_USER,LIKE_PRJ) values (16,1013);
Insert into DODREAM.LIKE_TB (LIKE_USER,LIKE_PRJ) values (16,1018);
Insert into DODREAM.LIKE_TB (LIKE_USER,LIKE_PRJ) values (17,54);
Insert into DODREAM.LIKE_TB (LIKE_USER,LIKE_PRJ) values (17,1592);
Insert into DODREAM.LIKE_TB (LIKE_USER,LIKE_PRJ) values (21,54);
Insert into DODREAM.LIKE_TB (LIKE_USER,LIKE_PRJ) values (21,128);
Insert into DODREAM.LIKE_TB (LIKE_USER,LIKE_PRJ) values (22,127);
Insert into DODREAM.LIKE_TB (LIKE_USER,LIKE_PRJ) values (22,129);
Insert into DODREAM.LIKE_TB (LIKE_USER,LIKE_PRJ) values (27,909);
Insert into DODREAM.LIKE_TB (LIKE_USER,LIKE_PRJ) values (28,54);
Insert into DODREAM.LIKE_TB (LIKE_USER,LIKE_PRJ) values (28,127);
Insert into DODREAM.LIKE_TB (LIKE_USER,LIKE_PRJ) values (29,54);
Insert into DODREAM.LIKE_TB (LIKE_USER,LIKE_PRJ) values (29,127);
Insert into DODREAM.LIKE_TB (LIKE_USER,LIKE_PRJ) values (29,1013);
Insert into DODREAM.LIKE_TB (LIKE_USER,LIKE_PRJ) values (29,1022);
Insert into DODREAM.LIKE_TB (LIKE_USER,LIKE_PRJ) values (30,128);
Insert into DODREAM.LIKE_TB (LIKE_USER,LIKE_PRJ) values (31,128);
Insert into DODREAM.LIKE_TB (LIKE_USER,LIKE_PRJ) values (33,1170);
Insert into DODREAM.LIKE_TB (LIKE_USER,LIKE_PRJ) values (70,127);
Insert into DODREAM.LIKE_TB (LIKE_USER,LIKE_PRJ) values (70,909);
Insert into DODREAM.LIKE_TB (LIKE_USER,LIKE_PRJ) values (75,127);
Insert into DODREAM.LIKE_TB (LIKE_USER,LIKE_PRJ) values (75,909);
Insert into DODREAM.LIKE_TB (LIKE_USER,LIKE_PRJ) values (79,127);
Insert into DODREAM.LIKE_TB (LIKE_USER,LIKE_PRJ) values (79,1013);
Insert into DODREAM.LIKE_TB (LIKE_USER,LIKE_PRJ) values (79,1022);
Insert into DODREAM.LIKE_TB (LIKE_USER,LIKE_PRJ) values (106,127);
Insert into DODREAM.LIKE_TB (LIKE_USER,LIKE_PRJ) values (106,1022);
Insert into DODREAM.LIKE_TB (LIKE_USER,LIKE_PRJ) values (106,1054);
Insert into DODREAM.LIKE_TB (LIKE_USER,LIKE_PRJ) values (106,1592);
Insert into DODREAM.LIKE_TB (LIKE_USER,LIKE_PRJ) values (110,127);
Insert into DODREAM.LIKE_TB (LIKE_USER,LIKE_PRJ) values (110,128);
Insert into DODREAM.LIKE_TB (LIKE_USER,LIKE_PRJ) values (110,909);
Insert into DODREAM.LIKE_TB (LIKE_USER,LIKE_PRJ) values (110,1013);
Insert into DODREAM.LIKE_TB (LIKE_USER,LIKE_PRJ) values (110,1022);
Insert into DODREAM.LIKE_TB (LIKE_USER,LIKE_PRJ) values (114,127);
Insert into DODREAM.LIKE_TB (LIKE_USER,LIKE_PRJ) values (114,1022);
Insert into DODREAM.LIKE_TB (LIKE_USER,LIKE_PRJ) values (114,1463);
Insert into DODREAM.LIKE_TB (LIKE_USER,LIKE_PRJ) values (115,127);
Insert into DODREAM.LIKE_TB (LIKE_USER,LIKE_PRJ) values (120,1018);
Insert into DODREAM.LIKE_TB (LIKE_USER,LIKE_PRJ) values (120,1022);
Insert into DODREAM.LIKE_TB (LIKE_USER,LIKE_PRJ) values (120,1054);
Insert into DODREAM.LIKE_TB (LIKE_USER,LIKE_PRJ) values (120,1170);
Insert into DODREAM.LIKE_TB (LIKE_USER,LIKE_PRJ) values (120,1493);
Insert into DODREAM.LIKE_TB (LIKE_USER,LIKE_PRJ) values (120,1554);
Insert into DODREAM.LIKE_TB (LIKE_USER,LIKE_PRJ) values (120,1559);
Insert into DODREAM.LIKE_TB (LIKE_USER,LIKE_PRJ) values (120,1592);
Insert into DODREAM.LIKE_TB (LIKE_USER,LIKE_PRJ) values (120,1606);
Insert into DODREAM.LIKE_TB (LIKE_USER,LIKE_PRJ) values (120,1620);
Insert into DODREAM.LIKE_TB (LIKE_USER,LIKE_PRJ) values (124,1463);
Insert into DODREAM.LIKE_TB (LIKE_USER,LIKE_PRJ) values (124,1693);
Insert into DODREAM.LIKE_TB (LIKE_USER,LIKE_PRJ) values (126,127);
Insert into DODREAM.LIKE_TB (LIKE_USER,LIKE_PRJ) values (126,1669);
Insert into DODREAM.LIKE_TB (LIKE_USER,LIKE_PRJ) values (127,1568);
Insert into DODREAM.LIKE_TB (LIKE_USER,LIKE_PRJ) values (128,127);
Insert into DODREAM.LIKE_TB (LIKE_USER,LIKE_PRJ) values (128,1054);
Insert into DODREAM.LIKE_TB (LIKE_USER,LIKE_PRJ) values (128,1463);
Insert into DODREAM.LIKE_TB (LIKE_USER,LIKE_PRJ) values (128,1619);
Insert into DODREAM.LIKE_TB (LIKE_USER,LIKE_PRJ) values (129,1619);
Insert into DODREAM.LIKE_TB (LIKE_USER,LIKE_PRJ) values (129,1669);
Insert into DODREAM.LIKE_TB (LIKE_USER,LIKE_PRJ) values (131,1463);
REM INSERTING into DODREAM.NOTICE
SET DEFINE OFF;
Insert into DODREAM.NOTICE (NOTICE_NO,NOTICE_TITLE,NOTICE_ER_DT,NOTICE_MF_DT,NOTICE_STATUS,NOTICE_WRITER) values (1,'공지사항제목',to_date('19/09/24','RR/MM/DD'),to_date('19/10/01','RR/MM/DD'),'N',2);
Insert into DODREAM.NOTICE (NOTICE_NO,NOTICE_TITLE,NOTICE_ER_DT,NOTICE_MF_DT,NOTICE_STATUS,NOTICE_WRITER) values (2,'공지사항제목1',to_date('19/09/24','RR/MM/DD'),to_date('19/10/01','RR/MM/DD'),'N',2);
Insert into DODREAM.NOTICE (NOTICE_NO,NOTICE_TITLE,NOTICE_ER_DT,NOTICE_MF_DT,NOTICE_STATUS,NOTICE_WRITER) values (3,'두드림 약관 개정 안내',to_date('19/09/24','RR/MM/DD'),to_date('19/10/17','RR/MM/DD'),'Y',2);
Insert into DODREAM.NOTICE (NOTICE_NO,NOTICE_TITLE,NOTICE_ER_DT,NOTICE_MF_DT,NOTICE_STATUS,NOTICE_WRITER) values (4,'공지사항제목1',to_date('19/09/24','RR/MM/DD'),to_date('19/10/01','RR/MM/DD'),'N',2);
Insert into DODREAM.NOTICE (NOTICE_NO,NOTICE_TITLE,NOTICE_ER_DT,NOTICE_MF_DT,NOTICE_STATUS,NOTICE_WRITER) values (5,'두드림 회원가입약관 개정 안내',to_date('19/09/24','RR/MM/DD'),to_date('19/10/16','RR/MM/DD'),'Y',2);
Insert into DODREAM.NOTICE (NOTICE_NO,NOTICE_TITLE,NOTICE_ER_DT,NOTICE_MF_DT,NOTICE_STATUS,NOTICE_WRITER) values (6,'투자/리워드 개인정보 처리방침 변경 안내',to_date('19/09/24','RR/MM/DD'),to_date('19/10/16','RR/MM/DD'),'Y',2);
Insert into DODREAM.NOTICE (NOTICE_NO,NOTICE_TITLE,NOTICE_ER_DT,NOTICE_MF_DT,NOTICE_STATUS,NOTICE_WRITER) values (7,'두드림 약관 개정 안내',to_date('19/09/24','RR/MM/DD'),to_date('19/10/16','RR/MM/DD'),'Y',2);
Insert into DODREAM.NOTICE (NOTICE_NO,NOTICE_TITLE,NOTICE_ER_DT,NOTICE_MF_DT,NOTICE_STATUS,NOTICE_WRITER) values (8,'투자/리워드 개인정보 처리방침 변경 안내',to_date('19/09/24','RR/MM/DD'),to_date('19/10/16','RR/MM/DD'),'Y',2);
Insert into DODREAM.NOTICE (NOTICE_NO,NOTICE_TITLE,NOTICE_ER_DT,NOTICE_MF_DT,NOTICE_STATUS,NOTICE_WRITER) values (9,'두드림 회원가입약관 개정 안내',to_date('19/09/24','RR/MM/DD'),to_date('19/10/16','RR/MM/DD'),'Y',2);
Insert into DODREAM.NOTICE (NOTICE_NO,NOTICE_TITLE,NOTICE_ER_DT,NOTICE_MF_DT,NOTICE_STATUS,NOTICE_WRITER) values (10,'두드림 약관 개정 안내',to_date('19/09/24','RR/MM/DD'),to_date('19/10/16','RR/MM/DD'),'Y',2);
Insert into DODREAM.NOTICE (NOTICE_NO,NOTICE_TITLE,NOTICE_ER_DT,NOTICE_MF_DT,NOTICE_STATUS,NOTICE_WRITER) values (11,'두드림 서비스 점검으로 인한 사이트 이용 일시 중단 안내',to_date('19/09/24','RR/MM/DD'),to_date('19/10/16','RR/MM/DD'),'Y',2);
Insert into DODREAM.NOTICE (NOTICE_NO,NOTICE_TITLE,NOTICE_ER_DT,NOTICE_MF_DT,NOTICE_STATUS,NOTICE_WRITER) values (12,'투자/리워드 개인정보 처리방침 변경 안내',to_date('19/09/24','RR/MM/DD'),to_date('19/10/16','RR/MM/DD'),'Y',2);
Insert into DODREAM.NOTICE (NOTICE_NO,NOTICE_TITLE,NOTICE_ER_DT,NOTICE_MF_DT,NOTICE_STATUS,NOTICE_WRITER) values (13,'두드림 약관 개정 안내',to_date('19/09/24','RR/MM/DD'),to_date('19/10/16','RR/MM/DD'),'Y',2);
Insert into DODREAM.NOTICE (NOTICE_NO,NOTICE_TITLE,NOTICE_ER_DT,NOTICE_MF_DT,NOTICE_STATUS,NOTICE_WRITER) values (14,'두드림 회원가입약관 개정 안내',to_date('19/09/24','RR/MM/DD'),to_date('19/10/16','RR/MM/DD'),'Y',2);
Insert into DODREAM.NOTICE (NOTICE_NO,NOTICE_TITLE,NOTICE_ER_DT,NOTICE_MF_DT,NOTICE_STATUS,NOTICE_WRITER) values (15,'두드림 약관 개정 안내',to_date('19/09/24','RR/MM/DD'),to_date('19/10/16','RR/MM/DD'),'Y',2);
Insert into DODREAM.NOTICE (NOTICE_NO,NOTICE_TITLE,NOTICE_ER_DT,NOTICE_MF_DT,NOTICE_STATUS,NOTICE_WRITER) values (16,'두드림 회원가입약관 개정 안내',to_date('19/09/24','RR/MM/DD'),to_date('19/10/16','RR/MM/DD'),'Y',2);
Insert into DODREAM.NOTICE (NOTICE_NO,NOTICE_TITLE,NOTICE_ER_DT,NOTICE_MF_DT,NOTICE_STATUS,NOTICE_WRITER) values (17,'투자/리워드 개인정보 처리방침 변경 안내',to_date('19/09/24','RR/MM/DD'),to_date('19/10/16','RR/MM/DD'),'Y',2);
Insert into DODREAM.NOTICE (NOTICE_NO,NOTICE_TITLE,NOTICE_ER_DT,NOTICE_MF_DT,NOTICE_STATUS,NOTICE_WRITER) values (18,'두드림 약관 개정 안내',to_date('19/09/24','RR/MM/DD'),to_date('19/10/16','RR/MM/DD'),'Y',2);
Insert into DODREAM.NOTICE (NOTICE_NO,NOTICE_TITLE,NOTICE_ER_DT,NOTICE_MF_DT,NOTICE_STATUS,NOTICE_WRITER) values (19,'두드림 회원가입약관 개정 안내',to_date('19/09/24','RR/MM/DD'),to_date('19/10/16','RR/MM/DD'),'Y',2);
Insert into DODREAM.NOTICE (NOTICE_NO,NOTICE_TITLE,NOTICE_ER_DT,NOTICE_MF_DT,NOTICE_STATUS,NOTICE_WRITER) values (20,'두드림 서비스 점검으로 인한 사이트 이용 일시 중단 안내',to_date('19/09/24','RR/MM/DD'),to_date('19/10/16','RR/MM/DD'),'Y',2);
Insert into DODREAM.NOTICE (NOTICE_NO,NOTICE_TITLE,NOTICE_ER_DT,NOTICE_MF_DT,NOTICE_STATUS,NOTICE_WRITER) values (21,'투자/리워드 개인정보 처리방침 변경 안내',to_date('19/09/24','RR/MM/DD'),to_date('19/10/16','RR/MM/DD'),'Y',2);
Insert into DODREAM.NOTICE (NOTICE_NO,NOTICE_TITLE,NOTICE_ER_DT,NOTICE_MF_DT,NOTICE_STATUS,NOTICE_WRITER) values (22,'두드림 약관 개정 안내',to_date('19/09/24','RR/MM/DD'),to_date('19/10/16','RR/MM/DD'),'Y',2);
Insert into DODREAM.NOTICE (NOTICE_NO,NOTICE_TITLE,NOTICE_ER_DT,NOTICE_MF_DT,NOTICE_STATUS,NOTICE_WRITER) values (23,'두드림 회원가입약관 개정 안내',to_date('19/09/24','RR/MM/DD'),to_date('19/10/16','RR/MM/DD'),'Y',2);
Insert into DODREAM.NOTICE (NOTICE_NO,NOTICE_TITLE,NOTICE_ER_DT,NOTICE_MF_DT,NOTICE_STATUS,NOTICE_WRITER) values (25,'투자/리워드 개인정보 처리방침 변경 안내',to_date('19/09/24','RR/MM/DD'),to_date('19/10/16','RR/MM/DD'),'Y',2);
Insert into DODREAM.NOTICE (NOTICE_NO,NOTICE_TITLE,NOTICE_ER_DT,NOTICE_MF_DT,NOTICE_STATUS,NOTICE_WRITER) values (26,'두드림 약관 개정 안내',to_date('19/09/24','RR/MM/DD'),to_date('19/10/16','RR/MM/DD'),'Y',2);
Insert into DODREAM.NOTICE (NOTICE_NO,NOTICE_TITLE,NOTICE_ER_DT,NOTICE_MF_DT,NOTICE_STATUS,NOTICE_WRITER) values (27,'공지사항제목1',to_date('19/09/24','RR/MM/DD'),to_date('19/09/24','RR/MM/DD'),'N',2);
Insert into DODREAM.NOTICE (NOTICE_NO,NOTICE_TITLE,NOTICE_ER_DT,NOTICE_MF_DT,NOTICE_STATUS,NOTICE_WRITER) values (28,'두드림 서비스 점검으로 인한 사이트 이용 일시 중단 안내',to_date('19/09/24','RR/MM/DD'),to_date('19/10/16','RR/MM/DD'),'Y',2);
Insert into DODREAM.NOTICE (NOTICE_NO,NOTICE_TITLE,NOTICE_ER_DT,NOTICE_MF_DT,NOTICE_STATUS,NOTICE_WRITER) values (30,'두드림 약관 개정 안내',to_date('19/09/24','RR/MM/DD'),to_date('19/10/16','RR/MM/DD'),'Y',2);
Insert into DODREAM.NOTICE (NOTICE_NO,NOTICE_TITLE,NOTICE_ER_DT,NOTICE_MF_DT,NOTICE_STATUS,NOTICE_WRITER) values (31,'두드림 회원가입약관 개정 안내',to_date('19/09/24','RR/MM/DD'),to_date('19/10/16','RR/MM/DD'),'Y',2);
Insert into DODREAM.NOTICE (NOTICE_NO,NOTICE_TITLE,NOTICE_ER_DT,NOTICE_MF_DT,NOTICE_STATUS,NOTICE_WRITER) values (32,'투자/리워드 개인정보 처리방침 변경 안내',to_date('19/09/24','RR/MM/DD'),to_date('19/10/16','RR/MM/DD'),'Y',2);
Insert into DODREAM.NOTICE (NOTICE_NO,NOTICE_TITLE,NOTICE_ER_DT,NOTICE_MF_DT,NOTICE_STATUS,NOTICE_WRITER) values (33,'두드림 약관 개정 안내',to_date('19/09/24','RR/MM/DD'),to_date('19/10/16','RR/MM/DD'),'Y',2);
Insert into DODREAM.NOTICE (NOTICE_NO,NOTICE_TITLE,NOTICE_ER_DT,NOTICE_MF_DT,NOTICE_STATUS,NOTICE_WRITER) values (34,'두드림 회원가입약관 개정 안내',to_date('19/10/02','RR/MM/DD'),to_date('19/10/16','RR/MM/DD'),'Y',2);
Insert into DODREAM.NOTICE (NOTICE_NO,NOTICE_TITLE,NOTICE_ER_DT,NOTICE_MF_DT,NOTICE_STATUS,NOTICE_WRITER) values (35,'두드림 서비스 점검으로 인한 사이트 이용 일시 중단 안내',to_date('19/10/02','RR/MM/DD'),to_date('19/10/16','RR/MM/DD'),'Y',2);
Insert into DODREAM.NOTICE (NOTICE_NO,NOTICE_TITLE,NOTICE_ER_DT,NOTICE_MF_DT,NOTICE_STATUS,NOTICE_WRITER) values (36,'두드림 약관 개정 안내',to_date('19/10/02','RR/MM/DD'),to_date('19/10/16','RR/MM/DD'),'Y',3);
Insert into DODREAM.NOTICE (NOTICE_NO,NOTICE_TITLE,NOTICE_ER_DT,NOTICE_MF_DT,NOTICE_STATUS,NOTICE_WRITER) values (37,'두드림 회원가입약관 개정 안내',to_date('19/10/03','RR/MM/DD'),to_date('19/10/16','RR/MM/DD'),'Y',3);
Insert into DODREAM.NOTICE (NOTICE_NO,NOTICE_TITLE,NOTICE_ER_DT,NOTICE_MF_DT,NOTICE_STATUS,NOTICE_WRITER) values (38,'투자/리워드 개인정보 처리방침 변경 안내',to_date('19/10/03','RR/MM/DD'),to_date('19/10/16','RR/MM/DD'),'Y',3);
Insert into DODREAM.NOTICE (NOTICE_NO,NOTICE_TITLE,NOTICE_ER_DT,NOTICE_MF_DT,NOTICE_STATUS,NOTICE_WRITER) values (39,'두드림 약관 개정 안내',to_date('19/10/05','RR/MM/DD'),to_date('19/10/16','RR/MM/DD'),'Y',3);
Insert into DODREAM.NOTICE (NOTICE_NO,NOTICE_TITLE,NOTICE_ER_DT,NOTICE_MF_DT,NOTICE_STATUS,NOTICE_WRITER) values (40,'투자/리워드 개인정보 처리방침 변경 안내',to_date('19/10/05','RR/MM/DD'),to_date('19/10/16','RR/MM/DD'),'Y',3);
Insert into DODREAM.NOTICE (NOTICE_NO,NOTICE_TITLE,NOTICE_ER_DT,NOTICE_MF_DT,NOTICE_STATUS,NOTICE_WRITER) values (41,'두드림 약관 개정 안내',to_date('19/10/05','RR/MM/DD'),to_date('19/10/16','RR/MM/DD'),'Y',3);
Insert into DODREAM.NOTICE (NOTICE_NO,NOTICE_TITLE,NOTICE_ER_DT,NOTICE_MF_DT,NOTICE_STATUS,NOTICE_WRITER) values (44,'두드림 회원가입약관 개정 안내',to_date('19/10/05','RR/MM/DD'),to_date('19/10/16','RR/MM/DD'),'Y',3);
Insert into DODREAM.NOTICE (NOTICE_NO,NOTICE_TITLE,NOTICE_ER_DT,NOTICE_MF_DT,NOTICE_STATUS,NOTICE_WRITER) values (52,'투자/리워드 개인정보 처리방침 변경 안내',to_date('19/10/10','RR/MM/DD'),to_date('19/10/16','RR/MM/DD'),'Y',3);
Insert into DODREAM.NOTICE (NOTICE_NO,NOTICE_TITLE,NOTICE_ER_DT,NOTICE_MF_DT,NOTICE_STATUS,NOTICE_WRITER) values (53,'투자/리워드 개인정보 처리방침 변경 안내',to_date('19/10/14','RR/MM/DD'),to_date('19/10/16','RR/MM/DD'),'Y',3);
Insert into DODREAM.NOTICE (NOTICE_NO,NOTICE_TITLE,NOTICE_ER_DT,NOTICE_MF_DT,NOTICE_STATUS,NOTICE_WRITER) values (54,'두드림 약관 개정 안내',to_date('19/10/16','RR/MM/DD'),to_date('19/10/16','RR/MM/DD'),'Y',3);
Insert into DODREAM.NOTICE (NOTICE_NO,NOTICE_TITLE,NOTICE_ER_DT,NOTICE_MF_DT,NOTICE_STATUS,NOTICE_WRITER) values (55,'두드림 회원가입약관 개정 안내',to_date('19/10/16','RR/MM/DD'),to_date('19/10/16','RR/MM/DD'),'Y',3);
Insert into DODREAM.NOTICE (NOTICE_NO,NOTICE_TITLE,NOTICE_ER_DT,NOTICE_MF_DT,NOTICE_STATUS,NOTICE_WRITER) values (56,'[리워드] 아티스트의 펀딩 조작 행위 관련 공지',to_date('19/10/16','RR/MM/DD'),to_date('19/10/16','RR/MM/DD'),'Y',3);
Insert into DODREAM.NOTICE (NOTICE_NO,NOTICE_TITLE,NOTICE_ER_DT,NOTICE_MF_DT,NOTICE_STATUS,NOTICE_WRITER) values (57,'투자/리워드 개인정보 처리방침 변경 안내',to_date('19/10/16','RR/MM/DD'),to_date('19/10/16','RR/MM/DD'),'Y',3);
Insert into DODREAM.NOTICE (NOTICE_NO,NOTICE_TITLE,NOTICE_ER_DT,NOTICE_MF_DT,NOTICE_STATUS,NOTICE_WRITER) values (58,'두드림 약관 개정 안내',to_date('19/10/16','RR/MM/DD'),to_date('19/10/16','RR/MM/DD'),'Y',3);
Insert into DODREAM.NOTICE (NOTICE_NO,NOTICE_TITLE,NOTICE_ER_DT,NOTICE_MF_DT,NOTICE_STATUS,NOTICE_WRITER) values (59,'두드림 회원가입약관 개정 안내',to_date('19/10/16','RR/MM/DD'),to_date('19/10/16','RR/MM/DD'),'Y',3);
Insert into DODREAM.NOTICE (NOTICE_NO,NOTICE_TITLE,NOTICE_ER_DT,NOTICE_MF_DT,NOTICE_STATUS,NOTICE_WRITER) values (60,'[모집] 어른이의 마음을 뺏어갈 취미 모음전을 진행합니다.',to_date('19/10/16','RR/MM/DD'),to_date('19/10/16','RR/MM/DD'),'Y',3);
Insert into DODREAM.NOTICE (NOTICE_NO,NOTICE_TITLE,NOTICE_ER_DT,NOTICE_MF_DT,NOTICE_STATUS,NOTICE_WRITER) values (61,'[리워드] 미리보는 11월의 <예상 인기 프로젝트>를 알려드립니다.',to_date('19/10/16','RR/MM/DD'),to_date('19/10/16','RR/MM/DD'),'Y',3);
Insert into DODREAM.NOTICE (NOTICE_NO,NOTICE_TITLE,NOTICE_ER_DT,NOTICE_MF_DT,NOTICE_STATUS,NOTICE_WRITER) values (62,'[모집] 생일파티 비용도 축의금도 크라우드펀딩으로 모아보세요!',to_date('19/10/16','RR/MM/DD'),to_date('19/10/16','RR/MM/DD'),'Y',3);
Insert into DODREAM.NOTICE (NOTICE_NO,NOTICE_TITLE,NOTICE_ER_DT,NOTICE_MF_DT,NOTICE_STATUS,NOTICE_WRITER) values (63,'메이커 어워즈 2018 : 두드림과 당신이 만든 변화',to_date('19/10/16','RR/MM/DD'),to_date('19/10/17','RR/MM/DD'),'Y',3);
Insert into DODREAM.NOTICE (NOTICE_NO,NOTICE_TITLE,NOTICE_ER_DT,NOTICE_MF_DT,NOTICE_STATUS,NOTICE_WRITER) values (64,'[모집마감] 패션뷰티 모음전에 참여할 메이커를 모집합니다.',to_date('19/10/16','RR/MM/DD'),to_date('19/10/16','RR/MM/DD'),'Y',3);
Insert into DODREAM.NOTICE (NOTICE_NO,NOTICE_TITLE,NOTICE_ER_DT,NOTICE_MF_DT,NOTICE_STATUS,NOTICE_WRITER) values (65,'두드림 서비스 점검으로 인한 사이트 이용 일시 중단 안내',to_date('19/10/16','RR/MM/DD'),to_date('19/10/16','RR/MM/DD'),'Y',3);
Insert into DODREAM.NOTICE (NOTICE_NO,NOTICE_TITLE,NOTICE_ER_DT,NOTICE_MF_DT,NOTICE_STATUS,NOTICE_WRITER) values (66,'내용 수정입니다.',to_date('19/10/16','RR/MM/DD'),to_date('19/10/16','RR/MM/DD'),'N',3);
Insert into DODREAM.NOTICE (NOTICE_NO,NOTICE_TITLE,NOTICE_ER_DT,NOTICE_MF_DT,NOTICE_STATUS,NOTICE_WRITER) values (24,'두드림 서비스 점검으로 인한 사이트 이용 일시 중단 안내',to_date('19/09/24','RR/MM/DD'),to_date('19/10/16','RR/MM/DD'),'Y',2);
Insert into DODREAM.NOTICE (NOTICE_NO,NOTICE_TITLE,NOTICE_ER_DT,NOTICE_MF_DT,NOTICE_STATUS,NOTICE_WRITER) values (29,'두드림 서비스 점검으로 인한 사이트 이용 일시 중단 안내',to_date('19/09/24','RR/MM/DD'),to_date('19/10/16','RR/MM/DD'),'Y',2);
Insert into DODREAM.NOTICE (NOTICE_NO,NOTICE_TITLE,NOTICE_ER_DT,NOTICE_MF_DT,NOTICE_STATUS,NOTICE_WRITER) values (51,'두드림 서비스 점검으로 인한 사이트 이용 일시 중단 안내',to_date('19/10/08','RR/MM/DD'),to_date('19/10/16','RR/MM/DD'),'Y',3);
Insert into DODREAM.NOTICE (NOTICE_NO,NOTICE_TITLE,NOTICE_ER_DT,NOTICE_MF_DT,NOTICE_STATUS,NOTICE_WRITER) values (67,'test',to_date('19/10/17','RR/MM/DD'),to_date('19/10/17','RR/MM/DD'),'N',3);
Insert into DODREAM.NOTICE (NOTICE_NO,NOTICE_TITLE,NOTICE_ER_DT,NOTICE_MF_DT,NOTICE_STATUS,NOTICE_WRITER) values (68,'테스트ㅎㅇ',to_date('19/10/17','RR/MM/DD'),to_date('19/10/17','RR/MM/DD'),'Y',3);
REM INSERTING into DODREAM.PROJECT_CG
SET DEFINE OFF;
Insert into DODREAM.PROJECT_CG (PROJECT_CT_NO,PROJECT_CT_NAME) values (1,'음악');
Insert into DODREAM.PROJECT_CG (PROJECT_CT_NO,PROJECT_CT_NAME) values (2,'영화');
Insert into DODREAM.PROJECT_CG (PROJECT_CT_NO,PROJECT_CT_NAME) values (3,'연극');
Insert into DODREAM.PROJECT_CG (PROJECT_CT_NO,PROJECT_CT_NAME) values (4,'미술');
Insert into DODREAM.PROJECT_CG (PROJECT_CT_NO,PROJECT_CT_NAME) values (9,'ETC');
Insert into DODREAM.PROJECT_CG (PROJECT_CT_NO,PROJECT_CT_NAME) values (0,'카테고리 미등록');
Insert into DODREAM.PROJECT_CG (PROJECT_CT_NO,PROJECT_CT_NAME) values (5,'공연');
REM INSERTING into DODREAM.PROJECT_STATUS
SET DEFINE OFF;
Insert into DODREAM.PROJECT_STATUS (PROJECT_ST_NO,PROJECT_ST_DETAIL) values (1,'임시저장');
Insert into DODREAM.PROJECT_STATUS (PROJECT_ST_NO,PROJECT_ST_DETAIL) values (2,'심사대기');
Insert into DODREAM.PROJECT_STATUS (PROJECT_ST_NO,PROJECT_ST_DETAIL) values (3,'심사완료');
Insert into DODREAM.PROJECT_STATUS (PROJECT_ST_NO,PROJECT_ST_DETAIL) values (4,'펀딩중');
Insert into DODREAM.PROJECT_STATUS (PROJECT_ST_NO,PROJECT_ST_DETAIL) values (5,'펀딩마감');
Insert into DODREAM.PROJECT_STATUS (PROJECT_ST_NO,PROJECT_ST_DETAIL) values (6,'심사탈락');
Insert into DODREAM.PROJECT_STATUS (PROJECT_ST_NO,PROJECT_ST_DETAIL) values (0,'임시생성');
Insert into DODREAM.PROJECT_STATUS (PROJECT_ST_NO,PROJECT_ST_DETAIL) values (7,'펀딩성공');
REM INSERTING into DODREAM.PROJECT_TB
SET DEFINE OFF;
Insert into DODREAM.PROJECT_TB (PROJECT_NO,PROJECT_TITLE,PROJECT_STITLE,PROJECT_GOAL,PROJECT_THUMB_IMG,PROJECT_START_DT,PROJECT_CLOSE_DT,PROJECT_HASHTAG,PROJECT_MAIN_IMG,PROJECT_SUMMARY,PROJECT_AT_NM,PROJECT_AT_PF,PROJECT_AT_SNS1,PROJECT_AT_SNS2,PROJECT_AT_CONT,PROJECT_AT_EM,PROJECT_ER_DT,PROJECT_MF_DT,PROJECT_WRITER,PROJECT_CT_NO,PROJECT_ST_NO,PROJECT_COUNT,PROJECT_AT_INT,PROJECT_TOTAL) values (1670,null,null,null,null,null,null,null,null,null,null,null,null,null,null,null,to_date('19/10/17','RR/MM/DD'),to_date('19/10/17','RR/MM/DD'),null,null,0,0,null,0);
Insert into DODREAM.PROJECT_TB (PROJECT_NO,PROJECT_TITLE,PROJECT_STITLE,PROJECT_GOAL,PROJECT_THUMB_IMG,PROJECT_START_DT,PROJECT_CLOSE_DT,PROJECT_HASHTAG,PROJECT_MAIN_IMG,PROJECT_SUMMARY,PROJECT_AT_NM,PROJECT_AT_PF,PROJECT_AT_SNS1,PROJECT_AT_SNS2,PROJECT_AT_CONT,PROJECT_AT_EM,PROJECT_ER_DT,PROJECT_MF_DT,PROJECT_WRITER,PROJECT_CT_NO,PROJECT_ST_NO,PROJECT_COUNT,PROJECT_AT_INT,PROJECT_TOTAL) values (1671,null,null,null,null,null,null,null,null,null,null,null,null,null,null,null,to_date('19/10/17','RR/MM/DD'),to_date('19/10/17','RR/MM/DD'),null,null,0,0,null,0);
Insert into DODREAM.PROJECT_TB (PROJECT_NO,PROJECT_TITLE,PROJECT_STITLE,PROJECT_GOAL,PROJECT_THUMB_IMG,PROJECT_START_DT,PROJECT_CLOSE_DT,PROJECT_HASHTAG,PROJECT_MAIN_IMG,PROJECT_SUMMARY,PROJECT_AT_NM,PROJECT_AT_PF,PROJECT_AT_SNS1,PROJECT_AT_SNS2,PROJECT_AT_CONT,PROJECT_AT_EM,PROJECT_ER_DT,PROJECT_MF_DT,PROJECT_WRITER,PROJECT_CT_NO,PROJECT_ST_NO,PROJECT_COUNT,PROJECT_AT_INT,PROJECT_TOTAL) values (1672,null,null,null,null,null,null,null,null,null,null,null,null,null,null,null,to_date('19/10/17','RR/MM/DD'),to_date('19/10/17','RR/MM/DD'),null,null,0,0,null,0);
Insert into DODREAM.PROJECT_TB (PROJECT_NO,PROJECT_TITLE,PROJECT_STITLE,PROJECT_GOAL,PROJECT_THUMB_IMG,PROJECT_START_DT,PROJECT_CLOSE_DT,PROJECT_HASHTAG,PROJECT_MAIN_IMG,PROJECT_SUMMARY,PROJECT_AT_NM,PROJECT_AT_PF,PROJECT_AT_SNS1,PROJECT_AT_SNS2,PROJECT_AT_CONT,PROJECT_AT_EM,PROJECT_ER_DT,PROJECT_MF_DT,PROJECT_WRITER,PROJECT_CT_NO,PROJECT_ST_NO,PROJECT_COUNT,PROJECT_AT_INT,PROJECT_TOTAL) values (1673,null,null,null,null,null,null,null,null,null,null,null,null,null,null,null,to_date('19/10/17','RR/MM/DD'),to_date('19/10/17','RR/MM/DD'),null,null,0,0,null,0);
Insert into DODREAM.PROJECT_TB (PROJECT_NO,PROJECT_TITLE,PROJECT_STITLE,PROJECT_GOAL,PROJECT_THUMB_IMG,PROJECT_START_DT,PROJECT_CLOSE_DT,PROJECT_HASHTAG,PROJECT_MAIN_IMG,PROJECT_SUMMARY,PROJECT_AT_NM,PROJECT_AT_PF,PROJECT_AT_SNS1,PROJECT_AT_SNS2,PROJECT_AT_CONT,PROJECT_AT_EM,PROJECT_ER_DT,PROJECT_MF_DT,PROJECT_WRITER,PROJECT_CT_NO,PROJECT_ST_NO,PROJECT_COUNT,PROJECT_AT_INT,PROJECT_TOTAL) values (1674,null,null,null,null,null,null,null,null,null,null,null,null,null,null,null,to_date('19/10/17','RR/MM/DD'),to_date('19/10/17','RR/MM/DD'),null,null,0,0,null,0);
Insert into DODREAM.PROJECT_TB (PROJECT_NO,PROJECT_TITLE,PROJECT_STITLE,PROJECT_GOAL,PROJECT_THUMB_IMG,PROJECT_START_DT,PROJECT_CLOSE_DT,PROJECT_HASHTAG,PROJECT_MAIN_IMG,PROJECT_SUMMARY,PROJECT_AT_NM,PROJECT_AT_PF,PROJECT_AT_SNS1,PROJECT_AT_SNS2,PROJECT_AT_CONT,PROJECT_AT_EM,PROJECT_ER_DT,PROJECT_MF_DT,PROJECT_WRITER,PROJECT_CT_NO,PROJECT_ST_NO,PROJECT_COUNT,PROJECT_AT_INT,PROJECT_TOTAL) values (1675,null,null,null,null,null,null,null,null,null,null,null,null,null,null,null,to_date('19/10/17','RR/MM/DD'),to_date('19/10/17','RR/MM/DD'),null,null,0,0,null,0);
Insert into DODREAM.PROJECT_TB (PROJECT_NO,PROJECT_TITLE,PROJECT_STITLE,PROJECT_GOAL,PROJECT_THUMB_IMG,PROJECT_START_DT,PROJECT_CLOSE_DT,PROJECT_HASHTAG,PROJECT_MAIN_IMG,PROJECT_SUMMARY,PROJECT_AT_NM,PROJECT_AT_PF,PROJECT_AT_SNS1,PROJECT_AT_SNS2,PROJECT_AT_CONT,PROJECT_AT_EM,PROJECT_ER_DT,PROJECT_MF_DT,PROJECT_WRITER,PROJECT_CT_NO,PROJECT_ST_NO,PROJECT_COUNT,PROJECT_AT_INT,PROJECT_TOTAL) values (1676,null,null,null,null,null,null,null,null,null,null,null,null,null,null,null,to_date('19/10/17','RR/MM/DD'),to_date('19/10/17','RR/MM/DD'),null,null,0,0,null,0);
Insert into DODREAM.PROJECT_TB (PROJECT_NO,PROJECT_TITLE,PROJECT_STITLE,PROJECT_GOAL,PROJECT_THUMB_IMG,PROJECT_START_DT,PROJECT_CLOSE_DT,PROJECT_HASHTAG,PROJECT_MAIN_IMG,PROJECT_SUMMARY,PROJECT_AT_NM,PROJECT_AT_PF,PROJECT_AT_SNS1,PROJECT_AT_SNS2,PROJECT_AT_CONT,PROJECT_AT_EM,PROJECT_ER_DT,PROJECT_MF_DT,PROJECT_WRITER,PROJECT_CT_NO,PROJECT_ST_NO,PROJECT_COUNT,PROJECT_AT_INT,PROJECT_TOTAL) values (1677,null,null,null,null,null,null,null,null,null,null,null,null,null,null,null,to_date('19/10/17','RR/MM/DD'),to_date('19/10/17','RR/MM/DD'),null,null,0,0,null,0);
Insert into DODREAM.PROJECT_TB (PROJECT_NO,PROJECT_TITLE,PROJECT_STITLE,PROJECT_GOAL,PROJECT_THUMB_IMG,PROJECT_START_DT,PROJECT_CLOSE_DT,PROJECT_HASHTAG,PROJECT_MAIN_IMG,PROJECT_SUMMARY,PROJECT_AT_NM,PROJECT_AT_PF,PROJECT_AT_SNS1,PROJECT_AT_SNS2,PROJECT_AT_CONT,PROJECT_AT_EM,PROJECT_ER_DT,PROJECT_MF_DT,PROJECT_WRITER,PROJECT_CT_NO,PROJECT_ST_NO,PROJECT_COUNT,PROJECT_AT_INT,PROJECT_TOTAL) values (1678,'김필X천단비X윤종신의 만남, 2019 월간 윤종신 8월호 ‘이별하긴 하겠지’','ㅁㄴㅇㅁㄴㅇ',50000,'1678_20191017121629_thumb.jpg',to_date('19/10/17','RR/MM/DD'),to_date('19/11/16','RR/MM/DD'),'1212','RN3EqcJfR5c','1212','ADOY (아도이)','1678_20191017122627_artist.jpg','crckrjck','crckrjck','010-3467-5082','adoy@kh.or.kr',to_date('19/10/17','RR/MM/DD'),to_date('19/10/17','RR/MM/DD'),1,1,1,1,'안녕하세요 ADOY입니다
<br>반갑습니다!!',0);
Insert into DODREAM.PROJECT_TB (PROJECT_NO,PROJECT_TITLE,PROJECT_STITLE,PROJECT_GOAL,PROJECT_THUMB_IMG,PROJECT_START_DT,PROJECT_CLOSE_DT,PROJECT_HASHTAG,PROJECT_MAIN_IMG,PROJECT_SUMMARY,PROJECT_AT_NM,PROJECT_AT_PF,PROJECT_AT_SNS1,PROJECT_AT_SNS2,PROJECT_AT_CONT,PROJECT_AT_EM,PROJECT_ER_DT,PROJECT_MF_DT,PROJECT_WRITER,PROJECT_CT_NO,PROJECT_ST_NO,PROJECT_COUNT,PROJECT_AT_INT,PROJECT_TOTAL) values (1679,null,null,null,null,null,null,null,null,null,null,null,null,null,null,null,to_date('19/10/17','RR/MM/DD'),to_date('19/10/17','RR/MM/DD'),null,null,0,0,null,0);
Insert into DODREAM.PROJECT_TB (PROJECT_NO,PROJECT_TITLE,PROJECT_STITLE,PROJECT_GOAL,PROJECT_THUMB_IMG,PROJECT_START_DT,PROJECT_CLOSE_DT,PROJECT_HASHTAG,PROJECT_MAIN_IMG,PROJECT_SUMMARY,PROJECT_AT_NM,PROJECT_AT_PF,PROJECT_AT_SNS1,PROJECT_AT_SNS2,PROJECT_AT_CONT,PROJECT_AT_EM,PROJECT_ER_DT,PROJECT_MF_DT,PROJECT_WRITER,PROJECT_CT_NO,PROJECT_ST_NO,PROJECT_COUNT,PROJECT_AT_INT,PROJECT_TOTAL) values (1694,null,null,0,null,to_date('19/10/17','RR/MM/DD'),to_date('19/10/27','RR/MM/DD'),'해시태그를, 다음과같이, 입력해주세요!',null,null,null,null,null,null,null,null,to_date('19/10/17','RR/MM/DD'),to_date('19/10/17','RR/MM/DD'),123,0,1,0,null,0);
Insert into DODREAM.PROJECT_TB (PROJECT_NO,PROJECT_TITLE,PROJECT_STITLE,PROJECT_GOAL,PROJECT_THUMB_IMG,PROJECT_START_DT,PROJECT_CLOSE_DT,PROJECT_HASHTAG,PROJECT_MAIN_IMG,PROJECT_SUMMARY,PROJECT_AT_NM,PROJECT_AT_PF,PROJECT_AT_SNS1,PROJECT_AT_SNS2,PROJECT_AT_CONT,PROJECT_AT_EM,PROJECT_ER_DT,PROJECT_MF_DT,PROJECT_WRITER,PROJECT_CT_NO,PROJECT_ST_NO,PROJECT_COUNT,PROJECT_AT_INT,PROJECT_TOTAL) values (1681,null,null,null,null,null,null,null,null,null,null,null,null,null,null,null,to_date('19/10/17','RR/MM/DD'),to_date('19/10/17','RR/MM/DD'),null,null,0,0,null,0);
Insert into DODREAM.PROJECT_TB (PROJECT_NO,PROJECT_TITLE,PROJECT_STITLE,PROJECT_GOAL,PROJECT_THUMB_IMG,PROJECT_START_DT,PROJECT_CLOSE_DT,PROJECT_HASHTAG,PROJECT_MAIN_IMG,PROJECT_SUMMARY,PROJECT_AT_NM,PROJECT_AT_PF,PROJECT_AT_SNS1,PROJECT_AT_SNS2,PROJECT_AT_CONT,PROJECT_AT_EM,PROJECT_ER_DT,PROJECT_MF_DT,PROJECT_WRITER,PROJECT_CT_NO,PROJECT_ST_NO,PROJECT_COUNT,PROJECT_AT_INT,PROJECT_TOTAL) values (1682,null,null,null,null,null,null,null,null,null,null,null,null,null,null,null,to_date('19/10/17','RR/MM/DD'),to_date('19/10/17','RR/MM/DD'),null,null,0,0,null,0);
Insert into DODREAM.PROJECT_TB (PROJECT_NO,PROJECT_TITLE,PROJECT_STITLE,PROJECT_GOAL,PROJECT_THUMB_IMG,PROJECT_START_DT,PROJECT_CLOSE_DT,PROJECT_HASHTAG,PROJECT_MAIN_IMG,PROJECT_SUMMARY,PROJECT_AT_NM,PROJECT_AT_PF,PROJECT_AT_SNS1,PROJECT_AT_SNS2,PROJECT_AT_CONT,PROJECT_AT_EM,PROJECT_ER_DT,PROJECT_MF_DT,PROJECT_WRITER,PROJECT_CT_NO,PROJECT_ST_NO,PROJECT_COUNT,PROJECT_AT_INT,PROJECT_TOTAL) values (1683,null,null,null,null,null,null,null,null,null,null,null,null,null,null,null,to_date('19/10/17','RR/MM/DD'),to_date('19/10/17','RR/MM/DD'),null,null,0,0,null,0);
Insert into DODREAM.PROJECT_TB (PROJECT_NO,PROJECT_TITLE,PROJECT_STITLE,PROJECT_GOAL,PROJECT_THUMB_IMG,PROJECT_START_DT,PROJECT_CLOSE_DT,PROJECT_HASHTAG,PROJECT_MAIN_IMG,PROJECT_SUMMARY,PROJECT_AT_NM,PROJECT_AT_PF,PROJECT_AT_SNS1,PROJECT_AT_SNS2,PROJECT_AT_CONT,PROJECT_AT_EM,PROJECT_ER_DT,PROJECT_MF_DT,PROJECT_WRITER,PROJECT_CT_NO,PROJECT_ST_NO,PROJECT_COUNT,PROJECT_AT_INT,PROJECT_TOTAL) values (1684,null,null,null,null,null,null,null,null,null,null,null,null,null,null,null,to_date('19/10/17','RR/MM/DD'),to_date('19/10/17','RR/MM/DD'),null,null,0,0,null,0);
Insert into DODREAM.PROJECT_TB (PROJECT_NO,PROJECT_TITLE,PROJECT_STITLE,PROJECT_GOAL,PROJECT_THUMB_IMG,PROJECT_START_DT,PROJECT_CLOSE_DT,PROJECT_HASHTAG,PROJECT_MAIN_IMG,PROJECT_SUMMARY,PROJECT_AT_NM,PROJECT_AT_PF,PROJECT_AT_SNS1,PROJECT_AT_SNS2,PROJECT_AT_CONT,PROJECT_AT_EM,PROJECT_ER_DT,PROJECT_MF_DT,PROJECT_WRITER,PROJECT_CT_NO,PROJECT_ST_NO,PROJECT_COUNT,PROJECT_AT_INT,PROJECT_TOTAL) values (1685,null,null,null,null,null,null,null,null,null,null,null,null,null,null,null,to_date('19/10/17','RR/MM/DD'),to_date('19/10/17','RR/MM/DD'),null,null,0,0,null,0);
Insert into DODREAM.PROJECT_TB (PROJECT_NO,PROJECT_TITLE,PROJECT_STITLE,PROJECT_GOAL,PROJECT_THUMB_IMG,PROJECT_START_DT,PROJECT_CLOSE_DT,PROJECT_HASHTAG,PROJECT_MAIN_IMG,PROJECT_SUMMARY,PROJECT_AT_NM,PROJECT_AT_PF,PROJECT_AT_SNS1,PROJECT_AT_SNS2,PROJECT_AT_CONT,PROJECT_AT_EM,PROJECT_ER_DT,PROJECT_MF_DT,PROJECT_WRITER,PROJECT_CT_NO,PROJECT_ST_NO,PROJECT_COUNT,PROJECT_AT_INT,PROJECT_TOTAL) values (1686,null,null,null,null,null,null,null,null,null,null,null,null,null,null,null,to_date('19/10/17','RR/MM/DD'),to_date('19/10/17','RR/MM/DD'),null,null,0,0,null,0);
Insert into DODREAM.PROJECT_TB (PROJECT_NO,PROJECT_TITLE,PROJECT_STITLE,PROJECT_GOAL,PROJECT_THUMB_IMG,PROJECT_START_DT,PROJECT_CLOSE_DT,PROJECT_HASHTAG,PROJECT_MAIN_IMG,PROJECT_SUMMARY,PROJECT_AT_NM,PROJECT_AT_PF,PROJECT_AT_SNS1,PROJECT_AT_SNS2,PROJECT_AT_CONT,PROJECT_AT_EM,PROJECT_ER_DT,PROJECT_MF_DT,PROJECT_WRITER,PROJECT_CT_NO,PROJECT_ST_NO,PROJECT_COUNT,PROJECT_AT_INT,PROJECT_TOTAL) values (1687,null,null,null,null,null,null,null,null,null,null,null,null,null,null,null,to_date('19/10/17','RR/MM/DD'),to_date('19/10/17','RR/MM/DD'),null,null,0,0,null,0);
Insert into DODREAM.PROJECT_TB (PROJECT_NO,PROJECT_TITLE,PROJECT_STITLE,PROJECT_GOAL,PROJECT_THUMB_IMG,PROJECT_START_DT,PROJECT_CLOSE_DT,PROJECT_HASHTAG,PROJECT_MAIN_IMG,PROJECT_SUMMARY,PROJECT_AT_NM,PROJECT_AT_PF,PROJECT_AT_SNS1,PROJECT_AT_SNS2,PROJECT_AT_CONT,PROJECT_AT_EM,PROJECT_ER_DT,PROJECT_MF_DT,PROJECT_WRITER,PROJECT_CT_NO,PROJECT_ST_NO,PROJECT_COUNT,PROJECT_AT_INT,PROJECT_TOTAL) values (1688,null,null,null,null,null,null,null,null,null,null,null,null,null,null,null,to_date('19/10/17','RR/MM/DD'),to_date('19/10/17','RR/MM/DD'),null,null,0,0,null,0);
Insert into DODREAM.PROJECT_TB (PROJECT_NO,PROJECT_TITLE,PROJECT_STITLE,PROJECT_GOAL,PROJECT_THUMB_IMG,PROJECT_START_DT,PROJECT_CLOSE_DT,PROJECT_HASHTAG,PROJECT_MAIN_IMG,PROJECT_SUMMARY,PROJECT_AT_NM,PROJECT_AT_PF,PROJECT_AT_SNS1,PROJECT_AT_SNS2,PROJECT_AT_CONT,PROJECT_AT_EM,PROJECT_ER_DT,PROJECT_MF_DT,PROJECT_WRITER,PROJECT_CT_NO,PROJECT_ST_NO,PROJECT_COUNT,PROJECT_AT_INT,PROJECT_TOTAL) values (1689,null,null,0,null,to_date('19/10/17','RR/MM/DD'),to_date('19/10/27','RR/MM/DD'),'해시태그를, 다음과같이, 입력해주세요!',null,null,null,null,null,null,null,null,to_date('19/10/17','RR/MM/DD'),to_date('19/10/17','RR/MM/DD'),1,0,1,1,null,0);
Insert into DODREAM.PROJECT_TB (PROJECT_NO,PROJECT_TITLE,PROJECT_STITLE,PROJECT_GOAL,PROJECT_THUMB_IMG,PROJECT_START_DT,PROJECT_CLOSE_DT,PROJECT_HASHTAG,PROJECT_MAIN_IMG,PROJECT_SUMMARY,PROJECT_AT_NM,PROJECT_AT_PF,PROJECT_AT_SNS1,PROJECT_AT_SNS2,PROJECT_AT_CONT,PROJECT_AT_EM,PROJECT_ER_DT,PROJECT_MF_DT,PROJECT_WRITER,PROJECT_CT_NO,PROJECT_ST_NO,PROJECT_COUNT,PROJECT_AT_INT,PROJECT_TOTAL) values (1695,null,null,null,null,null,null,null,null,null,null,null,null,null,null,null,to_date('19/10/17','RR/MM/DD'),to_date('19/10/17','RR/MM/DD'),null,null,0,0,null,0);
Insert into DODREAM.PROJECT_TB (PROJECT_NO,PROJECT_TITLE,PROJECT_STITLE,PROJECT_GOAL,PROJECT_THUMB_IMG,PROJECT_START_DT,PROJECT_CLOSE_DT,PROJECT_HASHTAG,PROJECT_MAIN_IMG,PROJECT_SUMMARY,PROJECT_AT_NM,PROJECT_AT_PF,PROJECT_AT_SNS1,PROJECT_AT_SNS2,PROJECT_AT_CONT,PROJECT_AT_EM,PROJECT_ER_DT,PROJECT_MF_DT,PROJECT_WRITER,PROJECT_CT_NO,PROJECT_ST_NO,PROJECT_COUNT,PROJECT_AT_INT,PROJECT_TOTAL) values (1691,null,null,null,null,null,null,null,null,null,null,null,null,null,null,null,to_date('19/10/17','RR/MM/DD'),to_date('19/10/17','RR/MM/DD'),null,null,0,0,null,0);
Insert into DODREAM.PROJECT_TB (PROJECT_NO,PROJECT_TITLE,PROJECT_STITLE,PROJECT_GOAL,PROJECT_THUMB_IMG,PROJECT_START_DT,PROJECT_CLOSE_DT,PROJECT_HASHTAG,PROJECT_MAIN_IMG,PROJECT_SUMMARY,PROJECT_AT_NM,PROJECT_AT_PF,PROJECT_AT_SNS1,PROJECT_AT_SNS2,PROJECT_AT_CONT,PROJECT_AT_EM,PROJECT_ER_DT,PROJECT_MF_DT,PROJECT_WRITER,PROJECT_CT_NO,PROJECT_ST_NO,PROJECT_COUNT,PROJECT_AT_INT,PROJECT_TOTAL) values (1692,null,null,null,null,null,null,null,null,null,null,null,null,null,null,null,to_date('19/10/17','RR/MM/DD'),to_date('19/10/17','RR/MM/DD'),null,null,0,0,null,0);
Insert into DODREAM.PROJECT_TB (PROJECT_NO,PROJECT_TITLE,PROJECT_STITLE,PROJECT_GOAL,PROJECT_THUMB_IMG,PROJECT_START_DT,PROJECT_CLOSE_DT,PROJECT_HASHTAG,PROJECT_MAIN_IMG,PROJECT_SUMMARY,PROJECT_AT_NM,PROJECT_AT_PF,PROJECT_AT_SNS1,PROJECT_AT_SNS2,PROJECT_AT_CONT,PROJECT_AT_EM,PROJECT_ER_DT,PROJECT_MF_DT,PROJECT_WRITER,PROJECT_CT_NO,PROJECT_ST_NO,PROJECT_COUNT,PROJECT_AT_INT,PROJECT_TOTAL) values (1693,'모두가 함께하는 음악 소통 콘서트','콘서트',5000000,'1693_20191017141856_thumb.jpg',to_date('19/10/17','RR/MM/DD'),to_date('19/11/16','RR/MM/DD'),'콘서트, 한마음, 음악, 공감, 소통','1693_20191017141856_main.jpg','안녕','정승화','1693_20191017141856_artist.jpg','없음','peacefix','01043266669','peacefix@naver.com',to_date('19/10/17','RR/MM/DD'),to_date('19/10/17','RR/MM/DD'),124,1,2,6,'안녕',0);
Insert into DODREAM.PROJECT_TB (PROJECT_NO,PROJECT_TITLE,PROJECT_STITLE,PROJECT_GOAL,PROJECT_THUMB_IMG,PROJECT_START_DT,PROJECT_CLOSE_DT,PROJECT_HASHTAG,PROJECT_MAIN_IMG,PROJECT_SUMMARY,PROJECT_AT_NM,PROJECT_AT_PF,PROJECT_AT_SNS1,PROJECT_AT_SNS2,PROJECT_AT_CONT,PROJECT_AT_EM,PROJECT_ER_DT,PROJECT_MF_DT,PROJECT_WRITER,PROJECT_CT_NO,PROJECT_ST_NO,PROJECT_COUNT,PROJECT_AT_INT,PROJECT_TOTAL) values (1696,'나는가수다','나는가수다',100000,'1696_20191017141841_thumb.jpg',to_date('21/12/13','RR/MM/DD'),to_date('22/01/12','RR/MM/DD'),'나는가수다,진짜다,진짜진짜',null,null,null,null,null,null,null,null,to_date('19/10/17','RR/MM/DD'),to_date('19/10/17','RR/MM/DD'),130,1,1,1,null,0);
Insert into DODREAM.PROJECT_TB (PROJECT_NO,PROJECT_TITLE,PROJECT_STITLE,PROJECT_GOAL,PROJECT_THUMB_IMG,PROJECT_START_DT,PROJECT_CLOSE_DT,PROJECT_HASHTAG,PROJECT_MAIN_IMG,PROJECT_SUMMARY,PROJECT_AT_NM,PROJECT_AT_PF,PROJECT_AT_SNS1,PROJECT_AT_SNS2,PROJECT_AT_CONT,PROJECT_AT_EM,PROJECT_ER_DT,PROJECT_MF_DT,PROJECT_WRITER,PROJECT_CT_NO,PROJECT_ST_NO,PROJECT_COUNT,PROJECT_AT_INT,PROJECT_TOTAL) values (1697,null,null,null,null,null,null,null,null,null,null,null,null,null,null,null,to_date('19/10/17','RR/MM/DD'),to_date('19/10/17','RR/MM/DD'),null,null,0,0,null,0);
Insert into DODREAM.PROJECT_TB (PROJECT_NO,PROJECT_TITLE,PROJECT_STITLE,PROJECT_GOAL,PROJECT_THUMB_IMG,PROJECT_START_DT,PROJECT_CLOSE_DT,PROJECT_HASHTAG,PROJECT_MAIN_IMG,PROJECT_SUMMARY,PROJECT_AT_NM,PROJECT_AT_PF,PROJECT_AT_SNS1,PROJECT_AT_SNS2,PROJECT_AT_CONT,PROJECT_AT_EM,PROJECT_ER_DT,PROJECT_MF_DT,PROJECT_WRITER,PROJECT_CT_NO,PROJECT_ST_NO,PROJECT_COUNT,PROJECT_AT_INT,PROJECT_TOTAL) values (1698,'Free Hongkong 자유 홍콩','홍콩반점',9999999,'1698_20191017142057_thumb.jpg',to_date('19/10/17','RR/MM/DD'),to_date('19/10/27','RR/MM/DD'),null,'1698_20191017142057_main.jpg','홍콩반점자장면맛잇다','시진핑핑이',null,null,null,'01077777777','xi@gmail.com',to_date('19/10/17','RR/MM/DD'),to_date('19/10/17','RR/MM/DD'),132,5,1,0,'공짜홍콩',0);
Insert into DODREAM.PROJECT_TB (PROJECT_NO,PROJECT_TITLE,PROJECT_STITLE,PROJECT_GOAL,PROJECT_THUMB_IMG,PROJECT_START_DT,PROJECT_CLOSE_DT,PROJECT_HASHTAG,PROJECT_MAIN_IMG,PROJECT_SUMMARY,PROJECT_AT_NM,PROJECT_AT_PF,PROJECT_AT_SNS1,PROJECT_AT_SNS2,PROJECT_AT_CONT,PROJECT_AT_EM,PROJECT_ER_DT,PROJECT_MF_DT,PROJECT_WRITER,PROJECT_CT_NO,PROJECT_ST_NO,PROJECT_COUNT,PROJECT_AT_INT,PROJECT_TOTAL) values (1699,null,null,null,null,null,null,null,null,null,null,null,null,null,null,null,to_date('19/10/17','RR/MM/DD'),to_date('19/10/17','RR/MM/DD'),null,null,0,0,null,0);
Insert into DODREAM.PROJECT_TB (PROJECT_NO,PROJECT_TITLE,PROJECT_STITLE,PROJECT_GOAL,PROJECT_THUMB_IMG,PROJECT_START_DT,PROJECT_CLOSE_DT,PROJECT_HASHTAG,PROJECT_MAIN_IMG,PROJECT_SUMMARY,PROJECT_AT_NM,PROJECT_AT_PF,PROJECT_AT_SNS1,PROJECT_AT_SNS2,PROJECT_AT_CONT,PROJECT_AT_EM,PROJECT_ER_DT,PROJECT_MF_DT,PROJECT_WRITER,PROJECT_CT_NO,PROJECT_ST_NO,PROJECT_COUNT,PROJECT_AT_INT,PROJECT_TOTAL) values (1700,null,null,null,null,null,null,null,null,null,null,null,null,null,null,null,to_date('19/10/17','RR/MM/DD'),to_date('19/10/17','RR/MM/DD'),null,null,0,0,null,0);
Insert into DODREAM.PROJECT_TB (PROJECT_NO,PROJECT_TITLE,PROJECT_STITLE,PROJECT_GOAL,PROJECT_THUMB_IMG,PROJECT_START_DT,PROJECT_CLOSE_DT,PROJECT_HASHTAG,PROJECT_MAIN_IMG,PROJECT_SUMMARY,PROJECT_AT_NM,PROJECT_AT_PF,PROJECT_AT_SNS1,PROJECT_AT_SNS2,PROJECT_AT_CONT,PROJECT_AT_EM,PROJECT_ER_DT,PROJECT_MF_DT,PROJECT_WRITER,PROJECT_CT_NO,PROJECT_ST_NO,PROJECT_COUNT,PROJECT_AT_INT,PROJECT_TOTAL) values (1701,null,null,null,null,null,null,null,null,null,null,null,null,null,null,null,to_date('19/10/17','RR/MM/DD'),to_date('19/10/17','RR/MM/DD'),null,null,0,0,null,0);
Insert into DODREAM.PROJECT_TB (PROJECT_NO,PROJECT_TITLE,PROJECT_STITLE,PROJECT_GOAL,PROJECT_THUMB_IMG,PROJECT_START_DT,PROJECT_CLOSE_DT,PROJECT_HASHTAG,PROJECT_MAIN_IMG,PROJECT_SUMMARY,PROJECT_AT_NM,PROJECT_AT_PF,PROJECT_AT_SNS1,PROJECT_AT_SNS2,PROJECT_AT_CONT,PROJECT_AT_EM,PROJECT_ER_DT,PROJECT_MF_DT,PROJECT_WRITER,PROJECT_CT_NO,PROJECT_ST_NO,PROJECT_COUNT,PROJECT_AT_INT,PROJECT_TOTAL) values (1702,null,null,0,'1702_20191017142809_thumb.jpg',to_date('19/10/17','RR/MM/DD'),to_date('19/10/27','RR/MM/DD'),'해시태그를, 다음과같이, 입력해주세요!','1702_20191017142809_main.jpg',null,null,null,null,null,null,null,to_date('19/10/17','RR/MM/DD'),to_date('19/10/17','RR/MM/DD'),128,1,1,0,null,0);
Insert into DODREAM.PROJECT_TB (PROJECT_NO,PROJECT_TITLE,PROJECT_STITLE,PROJECT_GOAL,PROJECT_THUMB_IMG,PROJECT_START_DT,PROJECT_CLOSE_DT,PROJECT_HASHTAG,PROJECT_MAIN_IMG,PROJECT_SUMMARY,PROJECT_AT_NM,PROJECT_AT_PF,PROJECT_AT_SNS1,PROJECT_AT_SNS2,PROJECT_AT_CONT,PROJECT_AT_EM,PROJECT_ER_DT,PROJECT_MF_DT,PROJECT_WRITER,PROJECT_CT_NO,PROJECT_ST_NO,PROJECT_COUNT,PROJECT_AT_INT,PROJECT_TOTAL) values (1703,'마치 기분 좋은 드라이브처럼, ADOY(아도이) Drive Vol.1 ','청춘의 정서를 안고 달리는 밴드, ADOY',10000000,'1703_20191017142824_thumb.jpg',to_date('19/10/17','RR/MM/DD'),to_date('19/10/27','RR/MM/DD'),'해시태그를,입력하면,다음과같이,출력됩니다,최대,10개까지만,저장,1,1,11','RN3EqcJfR5c','음악은 소리없는 배경에 모든 색깔을 입혀 준다.
<br>우리의 지금을 좀 더 활력 있고, 생생하게 만들어 준다.
<br>그렇게 음악은 즐거운 배경이 되기도, 나만 아는 비밀이 되기도 한다.
<br>마치 기분 좋은 드라이브처럼.','ADOY(아도이)','1703_20191017142824_artist.jpg','없음','없음','010-3467-5082','adoy@kh.or.kr',to_date('19/10/17','RR/MM/DD'),to_date('19/10/17','RR/MM/DD'),1,1,4,2,'안녕하세요
<br>아도이입니다.',0);
Insert into DODREAM.PROJECT_TB (PROJECT_NO,PROJECT_TITLE,PROJECT_STITLE,PROJECT_GOAL,PROJECT_THUMB_IMG,PROJECT_START_DT,PROJECT_CLOSE_DT,PROJECT_HASHTAG,PROJECT_MAIN_IMG,PROJECT_SUMMARY,PROJECT_AT_NM,PROJECT_AT_PF,PROJECT_AT_SNS1,PROJECT_AT_SNS2,PROJECT_AT_CONT,PROJECT_AT_EM,PROJECT_ER_DT,PROJECT_MF_DT,PROJECT_WRITER,PROJECT_CT_NO,PROJECT_ST_NO,PROJECT_COUNT,PROJECT_AT_INT,PROJECT_TOTAL) values (1704,null,null,null,null,null,null,null,null,null,null,null,null,null,null,null,to_date('19/10/17','RR/MM/DD'),to_date('19/10/17','RR/MM/DD'),null,null,0,0,null,0);
Insert into DODREAM.PROJECT_TB (PROJECT_NO,PROJECT_TITLE,PROJECT_STITLE,PROJECT_GOAL,PROJECT_THUMB_IMG,PROJECT_START_DT,PROJECT_CLOSE_DT,PROJECT_HASHTAG,PROJECT_MAIN_IMG,PROJECT_SUMMARY,PROJECT_AT_NM,PROJECT_AT_PF,PROJECT_AT_SNS1,PROJECT_AT_SNS2,PROJECT_AT_CONT,PROJECT_AT_EM,PROJECT_ER_DT,PROJECT_MF_DT,PROJECT_WRITER,PROJECT_CT_NO,PROJECT_ST_NO,PROJECT_COUNT,PROJECT_AT_INT,PROJECT_TOTAL) values (1705,null,null,null,null,null,null,null,null,null,null,null,null,null,null,null,to_date('19/10/17','RR/MM/DD'),to_date('19/10/17','RR/MM/DD'),null,null,0,0,null,0);
Insert into DODREAM.PROJECT_TB (PROJECT_NO,PROJECT_TITLE,PROJECT_STITLE,PROJECT_GOAL,PROJECT_THUMB_IMG,PROJECT_START_DT,PROJECT_CLOSE_DT,PROJECT_HASHTAG,PROJECT_MAIN_IMG,PROJECT_SUMMARY,PROJECT_AT_NM,PROJECT_AT_PF,PROJECT_AT_SNS1,PROJECT_AT_SNS2,PROJECT_AT_CONT,PROJECT_AT_EM,PROJECT_ER_DT,PROJECT_MF_DT,PROJECT_WRITER,PROJECT_CT_NO,PROJECT_ST_NO,PROJECT_COUNT,PROJECT_AT_INT,PROJECT_TOTAL) values (1706,null,null,0,null,to_date('19/10/17','RR/MM/DD'),to_date('19/10/27','RR/MM/DD'),null,null,null,null,null,null,null,null,null,to_date('19/10/17','RR/MM/DD'),to_date('19/10/17','RR/MM/DD'),123,0,1,1,null,0);
Insert into DODREAM.PROJECT_TB (PROJECT_NO,PROJECT_TITLE,PROJECT_STITLE,PROJECT_GOAL,PROJECT_THUMB_IMG,PROJECT_START_DT,PROJECT_CLOSE_DT,PROJECT_HASHTAG,PROJECT_MAIN_IMG,PROJECT_SUMMARY,PROJECT_AT_NM,PROJECT_AT_PF,PROJECT_AT_SNS1,PROJECT_AT_SNS2,PROJECT_AT_CONT,PROJECT_AT_EM,PROJECT_ER_DT,PROJECT_MF_DT,PROJECT_WRITER,PROJECT_CT_NO,PROJECT_ST_NO,PROJECT_COUNT,PROJECT_AT_INT,PROJECT_TOTAL) values (1707,null,null,null,null,null,null,null,null,null,null,null,null,null,null,null,to_date('19/10/17','RR/MM/DD'),to_date('19/10/17','RR/MM/DD'),null,null,0,0,null,0);
Insert into DODREAM.PROJECT_TB (PROJECT_NO,PROJECT_TITLE,PROJECT_STITLE,PROJECT_GOAL,PROJECT_THUMB_IMG,PROJECT_START_DT,PROJECT_CLOSE_DT,PROJECT_HASHTAG,PROJECT_MAIN_IMG,PROJECT_SUMMARY,PROJECT_AT_NM,PROJECT_AT_PF,PROJECT_AT_SNS1,PROJECT_AT_SNS2,PROJECT_AT_CONT,PROJECT_AT_EM,PROJECT_ER_DT,PROJECT_MF_DT,PROJECT_WRITER,PROJECT_CT_NO,PROJECT_ST_NO,PROJECT_COUNT,PROJECT_AT_INT,PROJECT_TOTAL) values (1708,null,null,null,null,null,null,null,null,null,null,null,null,null,null,null,to_date('19/10/17','RR/MM/DD'),to_date('19/10/17','RR/MM/DD'),null,null,0,0,null,0);
Insert into DODREAM.PROJECT_TB (PROJECT_NO,PROJECT_TITLE,PROJECT_STITLE,PROJECT_GOAL,PROJECT_THUMB_IMG,PROJECT_START_DT,PROJECT_CLOSE_DT,PROJECT_HASHTAG,PROJECT_MAIN_IMG,PROJECT_SUMMARY,PROJECT_AT_NM,PROJECT_AT_PF,PROJECT_AT_SNS1,PROJECT_AT_SNS2,PROJECT_AT_CONT,PROJECT_AT_EM,PROJECT_ER_DT,PROJECT_MF_DT,PROJECT_WRITER,PROJECT_CT_NO,PROJECT_ST_NO,PROJECT_COUNT,PROJECT_AT_INT,PROJECT_TOTAL) values (1709,null,null,null,null,null,null,null,null,null,null,null,null,null,null,null,to_date('19/10/17','RR/MM/DD'),to_date('19/10/17','RR/MM/DD'),null,null,0,0,null,0);
Insert into DODREAM.PROJECT_TB (PROJECT_NO,PROJECT_TITLE,PROJECT_STITLE,PROJECT_GOAL,PROJECT_THUMB_IMG,PROJECT_START_DT,PROJECT_CLOSE_DT,PROJECT_HASHTAG,PROJECT_MAIN_IMG,PROJECT_SUMMARY,PROJECT_AT_NM,PROJECT_AT_PF,PROJECT_AT_SNS1,PROJECT_AT_SNS2,PROJECT_AT_CONT,PROJECT_AT_EM,PROJECT_ER_DT,PROJECT_MF_DT,PROJECT_WRITER,PROJECT_CT_NO,PROJECT_ST_NO,PROJECT_COUNT,PROJECT_AT_INT,PROJECT_TOTAL) values (1710,null,null,null,null,null,null,null,null,null,null,null,null,null,null,null,to_date('19/10/17','RR/MM/DD'),to_date('19/10/17','RR/MM/DD'),null,null,0,0,null,0);
Insert into DODREAM.PROJECT_TB (PROJECT_NO,PROJECT_TITLE,PROJECT_STITLE,PROJECT_GOAL,PROJECT_THUMB_IMG,PROJECT_START_DT,PROJECT_CLOSE_DT,PROJECT_HASHTAG,PROJECT_MAIN_IMG,PROJECT_SUMMARY,PROJECT_AT_NM,PROJECT_AT_PF,PROJECT_AT_SNS1,PROJECT_AT_SNS2,PROJECT_AT_CONT,PROJECT_AT_EM,PROJECT_ER_DT,PROJECT_MF_DT,PROJECT_WRITER,PROJECT_CT_NO,PROJECT_ST_NO,PROJECT_COUNT,PROJECT_AT_INT,PROJECT_TOTAL) values (1711,null,null,null,null,null,null,null,null,null,null,null,null,null,null,null,to_date('19/10/17','RR/MM/DD'),to_date('19/10/17','RR/MM/DD'),null,null,0,0,null,0);
Insert into DODREAM.PROJECT_TB (PROJECT_NO,PROJECT_TITLE,PROJECT_STITLE,PROJECT_GOAL,PROJECT_THUMB_IMG,PROJECT_START_DT,PROJECT_CLOSE_DT,PROJECT_HASHTAG,PROJECT_MAIN_IMG,PROJECT_SUMMARY,PROJECT_AT_NM,PROJECT_AT_PF,PROJECT_AT_SNS1,PROJECT_AT_SNS2,PROJECT_AT_CONT,PROJECT_AT_EM,PROJECT_ER_DT,PROJECT_MF_DT,PROJECT_WRITER,PROJECT_CT_NO,PROJECT_ST_NO,PROJECT_COUNT,PROJECT_AT_INT,PROJECT_TOTAL) values (1712,null,null,null,null,null,null,null,null,null,null,null,null,null,null,null,to_date('19/10/17','RR/MM/DD'),to_date('19/10/17','RR/MM/DD'),null,null,0,0,null,0);
Insert into DODREAM.PROJECT_TB (PROJECT_NO,PROJECT_TITLE,PROJECT_STITLE,PROJECT_GOAL,PROJECT_THUMB_IMG,PROJECT_START_DT,PROJECT_CLOSE_DT,PROJECT_HASHTAG,PROJECT_MAIN_IMG,PROJECT_SUMMARY,PROJECT_AT_NM,PROJECT_AT_PF,PROJECT_AT_SNS1,PROJECT_AT_SNS2,PROJECT_AT_CONT,PROJECT_AT_EM,PROJECT_ER_DT,PROJECT_MF_DT,PROJECT_WRITER,PROJECT_CT_NO,PROJECT_ST_NO,PROJECT_COUNT,PROJECT_AT_INT,PROJECT_TOTAL) values (1713,null,null,null,null,null,null,null,null,null,null,null,null,null,null,null,to_date('19/10/17','RR/MM/DD'),to_date('19/10/17','RR/MM/DD'),null,null,0,0,null,0);
Insert into DODREAM.PROJECT_TB (PROJECT_NO,PROJECT_TITLE,PROJECT_STITLE,PROJECT_GOAL,PROJECT_THUMB_IMG,PROJECT_START_DT,PROJECT_CLOSE_DT,PROJECT_HASHTAG,PROJECT_MAIN_IMG,PROJECT_SUMMARY,PROJECT_AT_NM,PROJECT_AT_PF,PROJECT_AT_SNS1,PROJECT_AT_SNS2,PROJECT_AT_CONT,PROJECT_AT_EM,PROJECT_ER_DT,PROJECT_MF_DT,PROJECT_WRITER,PROJECT_CT_NO,PROJECT_ST_NO,PROJECT_COUNT,PROJECT_AT_INT,PROJECT_TOTAL) values (1714,null,null,null,null,null,null,null,null,null,null,null,null,null,null,null,to_date('19/10/17','RR/MM/DD'),to_date('19/10/17','RR/MM/DD'),null,null,0,0,null,0);
Insert into DODREAM.PROJECT_TB (PROJECT_NO,PROJECT_TITLE,PROJECT_STITLE,PROJECT_GOAL,PROJECT_THUMB_IMG,PROJECT_START_DT,PROJECT_CLOSE_DT,PROJECT_HASHTAG,PROJECT_MAIN_IMG,PROJECT_SUMMARY,PROJECT_AT_NM,PROJECT_AT_PF,PROJECT_AT_SNS1,PROJECT_AT_SNS2,PROJECT_AT_CONT,PROJECT_AT_EM,PROJECT_ER_DT,PROJECT_MF_DT,PROJECT_WRITER,PROJECT_CT_NO,PROJECT_ST_NO,PROJECT_COUNT,PROJECT_AT_INT,PROJECT_TOTAL) values (1715,null,null,null,null,null,null,null,null,null,null,null,null,null,null,null,to_date('19/10/17','RR/MM/DD'),to_date('19/10/17','RR/MM/DD'),null,null,0,0,null,0);
Insert into DODREAM.PROJECT_TB (PROJECT_NO,PROJECT_TITLE,PROJECT_STITLE,PROJECT_GOAL,PROJECT_THUMB_IMG,PROJECT_START_DT,PROJECT_CLOSE_DT,PROJECT_HASHTAG,PROJECT_MAIN_IMG,PROJECT_SUMMARY,PROJECT_AT_NM,PROJECT_AT_PF,PROJECT_AT_SNS1,PROJECT_AT_SNS2,PROJECT_AT_CONT,PROJECT_AT_EM,PROJECT_ER_DT,PROJECT_MF_DT,PROJECT_WRITER,PROJECT_CT_NO,PROJECT_ST_NO,PROJECT_COUNT,PROJECT_AT_INT,PROJECT_TOTAL) values (1716,null,null,null,null,null,null,null,null,null,null,null,null,null,null,null,to_date('19/10/17','RR/MM/DD'),to_date('19/10/17','RR/MM/DD'),null,null,0,0,null,0);
Insert into DODREAM.PROJECT_TB (PROJECT_NO,PROJECT_TITLE,PROJECT_STITLE,PROJECT_GOAL,PROJECT_THUMB_IMG,PROJECT_START_DT,PROJECT_CLOSE_DT,PROJECT_HASHTAG,PROJECT_MAIN_IMG,PROJECT_SUMMARY,PROJECT_AT_NM,PROJECT_AT_PF,PROJECT_AT_SNS1,PROJECT_AT_SNS2,PROJECT_AT_CONT,PROJECT_AT_EM,PROJECT_ER_DT,PROJECT_MF_DT,PROJECT_WRITER,PROJECT_CT_NO,PROJECT_ST_NO,PROJECT_COUNT,PROJECT_AT_INT,PROJECT_TOTAL) values (1717,null,null,null,null,null,null,null,null,null,null,null,null,null,null,null,to_date('19/10/17','RR/MM/DD'),to_date('19/10/17','RR/MM/DD'),null,null,0,0,null,0);
Insert into DODREAM.PROJECT_TB (PROJECT_NO,PROJECT_TITLE,PROJECT_STITLE,PROJECT_GOAL,PROJECT_THUMB_IMG,PROJECT_START_DT,PROJECT_CLOSE_DT,PROJECT_HASHTAG,PROJECT_MAIN_IMG,PROJECT_SUMMARY,PROJECT_AT_NM,PROJECT_AT_PF,PROJECT_AT_SNS1,PROJECT_AT_SNS2,PROJECT_AT_CONT,PROJECT_AT_EM,PROJECT_ER_DT,PROJECT_MF_DT,PROJECT_WRITER,PROJECT_CT_NO,PROJECT_ST_NO,PROJECT_COUNT,PROJECT_AT_INT,PROJECT_TOTAL) values (1718,null,null,null,null,null,null,null,null,null,null,null,null,null,null,null,to_date('19/10/17','RR/MM/DD'),to_date('19/10/17','RR/MM/DD'),null,null,0,0,null,0);
Insert into DODREAM.PROJECT_TB (PROJECT_NO,PROJECT_TITLE,PROJECT_STITLE,PROJECT_GOAL,PROJECT_THUMB_IMG,PROJECT_START_DT,PROJECT_CLOSE_DT,PROJECT_HASHTAG,PROJECT_MAIN_IMG,PROJECT_SUMMARY,PROJECT_AT_NM,PROJECT_AT_PF,PROJECT_AT_SNS1,PROJECT_AT_SNS2,PROJECT_AT_CONT,PROJECT_AT_EM,PROJECT_ER_DT,PROJECT_MF_DT,PROJECT_WRITER,PROJECT_CT_NO,PROJECT_ST_NO,PROJECT_COUNT,PROJECT_AT_INT,PROJECT_TOTAL) values (1719,null,null,null,null,null,null,null,null,null,null,null,null,null,null,null,to_date('19/10/17','RR/MM/DD'),to_date('19/10/17','RR/MM/DD'),null,null,0,0,null,0);
Insert into DODREAM.PROJECT_TB (PROJECT_NO,PROJECT_TITLE,PROJECT_STITLE,PROJECT_GOAL,PROJECT_THUMB_IMG,PROJECT_START_DT,PROJECT_CLOSE_DT,PROJECT_HASHTAG,PROJECT_MAIN_IMG,PROJECT_SUMMARY,PROJECT_AT_NM,PROJECT_AT_PF,PROJECT_AT_SNS1,PROJECT_AT_SNS2,PROJECT_AT_CONT,PROJECT_AT_EM,PROJECT_ER_DT,PROJECT_MF_DT,PROJECT_WRITER,PROJECT_CT_NO,PROJECT_ST_NO,PROJECT_COUNT,PROJECT_AT_INT,PROJECT_TOTAL) values (1720,null,null,null,null,null,null,null,null,null,null,null,null,null,null,null,to_date('19/10/17','RR/MM/DD'),to_date('19/10/17','RR/MM/DD'),null,null,0,0,null,0);
Insert into DODREAM.PROJECT_TB (PROJECT_NO,PROJECT_TITLE,PROJECT_STITLE,PROJECT_GOAL,PROJECT_THUMB_IMG,PROJECT_START_DT,PROJECT_CLOSE_DT,PROJECT_HASHTAG,PROJECT_MAIN_IMG,PROJECT_SUMMARY,PROJECT_AT_NM,PROJECT_AT_PF,PROJECT_AT_SNS1,PROJECT_AT_SNS2,PROJECT_AT_CONT,PROJECT_AT_EM,PROJECT_ER_DT,PROJECT_MF_DT,PROJECT_WRITER,PROJECT_CT_NO,PROJECT_ST_NO,PROJECT_COUNT,PROJECT_AT_INT,PROJECT_TOTAL) values (1721,null,null,null,null,null,null,null,null,null,null,null,null,null,null,null,to_date('19/10/17','RR/MM/DD'),to_date('19/10/17','RR/MM/DD'),null,null,0,0,null,0);
Insert into DODREAM.PROJECT_TB (PROJECT_NO,PROJECT_TITLE,PROJECT_STITLE,PROJECT_GOAL,PROJECT_THUMB_IMG,PROJECT_START_DT,PROJECT_CLOSE_DT,PROJECT_HASHTAG,PROJECT_MAIN_IMG,PROJECT_SUMMARY,PROJECT_AT_NM,PROJECT_AT_PF,PROJECT_AT_SNS1,PROJECT_AT_SNS2,PROJECT_AT_CONT,PROJECT_AT_EM,PROJECT_ER_DT,PROJECT_MF_DT,PROJECT_WRITER,PROJECT_CT_NO,PROJECT_ST_NO,PROJECT_COUNT,PROJECT_AT_INT,PROJECT_TOTAL) values (1722,null,null,null,null,null,null,null,null,null,null,null,null,null,null,null,to_date('19/10/17','RR/MM/DD'),to_date('19/10/17','RR/MM/DD'),null,null,0,0,null,0);
Insert into DODREAM.PROJECT_TB (PROJECT_NO,PROJECT_TITLE,PROJECT_STITLE,PROJECT_GOAL,PROJECT_THUMB_IMG,PROJECT_START_DT,PROJECT_CLOSE_DT,PROJECT_HASHTAG,PROJECT_MAIN_IMG,PROJECT_SUMMARY,PROJECT_AT_NM,PROJECT_AT_PF,PROJECT_AT_SNS1,PROJECT_AT_SNS2,PROJECT_AT_CONT,PROJECT_AT_EM,PROJECT_ER_DT,PROJECT_MF_DT,PROJECT_WRITER,PROJECT_CT_NO,PROJECT_ST_NO,PROJECT_COUNT,PROJECT_AT_INT,PROJECT_TOTAL) values (1723,null,null,null,null,null,null,null,null,null,null,null,null,null,null,null,to_date('19/10/17','RR/MM/DD'),to_date('19/10/17','RR/MM/DD'),null,null,0,0,null,0);
Insert into DODREAM.PROJECT_TB (PROJECT_NO,PROJECT_TITLE,PROJECT_STITLE,PROJECT_GOAL,PROJECT_THUMB_IMG,PROJECT_START_DT,PROJECT_CLOSE_DT,PROJECT_HASHTAG,PROJECT_MAIN_IMG,PROJECT_SUMMARY,PROJECT_AT_NM,PROJECT_AT_PF,PROJECT_AT_SNS1,PROJECT_AT_SNS2,PROJECT_AT_CONT,PROJECT_AT_EM,PROJECT_ER_DT,PROJECT_MF_DT,PROJECT_WRITER,PROJECT_CT_NO,PROJECT_ST_NO,PROJECT_COUNT,PROJECT_AT_INT,PROJECT_TOTAL) values (1724,'4딸라!','4딸라!',4000,'1724_20191017145537_thumb.jpg',to_date('19/10/17','RR/MM/DD'),to_date('19/10/27','RR/MM/DD'),'김두환,4달라,4딸라,four dollar,김영철,4딸라밈,심영,궁예,누가기침소리를내었어','1724_20191017145537_main.jpg','4딸라!','김두한','1724_20191017145537_artist.jpg','4dollar','4dollar','010-4000-4000','4dollar@naver.com',to_date('19/10/17','RR/MM/DD'),to_date('19/10/17','RR/MM/DD'),126,9,2,0,'4딸라!',0);
Insert into DODREAM.PROJECT_TB (PROJECT_NO,PROJECT_TITLE,PROJECT_STITLE,PROJECT_GOAL,PROJECT_THUMB_IMG,PROJECT_START_DT,PROJECT_CLOSE_DT,PROJECT_HASHTAG,PROJECT_MAIN_IMG,PROJECT_SUMMARY,PROJECT_AT_NM,PROJECT_AT_PF,PROJECT_AT_SNS1,PROJECT_AT_SNS2,PROJECT_AT_CONT,PROJECT_AT_EM,PROJECT_ER_DT,PROJECT_MF_DT,PROJECT_WRITER,PROJECT_CT_NO,PROJECT_ST_NO,PROJECT_COUNT,PROJECT_AT_INT,PROJECT_TOTAL) values (1725,null,null,null,null,null,null,null,null,null,null,null,null,null,null,null,to_date('19/10/17','RR/MM/DD'),to_date('19/10/17','RR/MM/DD'),null,null,0,0,null,0);
Insert into DODREAM.PROJECT_TB (PROJECT_NO,PROJECT_TITLE,PROJECT_STITLE,PROJECT_GOAL,PROJECT_THUMB_IMG,PROJECT_START_DT,PROJECT_CLOSE_DT,PROJECT_HASHTAG,PROJECT_MAIN_IMG,PROJECT_SUMMARY,PROJECT_AT_NM,PROJECT_AT_PF,PROJECT_AT_SNS1,PROJECT_AT_SNS2,PROJECT_AT_CONT,PROJECT_AT_EM,PROJECT_ER_DT,PROJECT_MF_DT,PROJECT_WRITER,PROJECT_CT_NO,PROJECT_ST_NO,PROJECT_COUNT,PROJECT_AT_INT,PROJECT_TOTAL) values (1603,'세계 3대 영화제가 인정한 영화 <살인소설>','악마를 보았다>, <신세계> 제작사 페퍼민트앤컴퍼니의 2018 기대작!',40000000,'1603_20191016195113_thumb.PNG',to_date('19/10/16','RR/MM/DD'),to_date('19/10/28','RR/MM/DD'),'살인소설, 세계 3대','1603_20191016195113_main.PNG','<악마를 보았다>, <신세계> 제작사
<br>페퍼민트앤컴퍼니의 2018 기대작!','소설 작가','1603_20191016195113_artist.PNG','958625','857424','010-2547-8526','ㅂㅈㄷㅂㅈㄷ',to_date('19/10/16','RR/MM/DD'),to_date('19/10/16','RR/MM/DD'),9,2,4,0,'585842155',0);
Insert into DODREAM.PROJECT_TB (PROJECT_NO,PROJECT_TITLE,PROJECT_STITLE,PROJECT_GOAL,PROJECT_THUMB_IMG,PROJECT_START_DT,PROJECT_CLOSE_DT,PROJECT_HASHTAG,PROJECT_MAIN_IMG,PROJECT_SUMMARY,PROJECT_AT_NM,PROJECT_AT_PF,PROJECT_AT_SNS1,PROJECT_AT_SNS2,PROJECT_AT_CONT,PROJECT_AT_EM,PROJECT_ER_DT,PROJECT_MF_DT,PROJECT_WRITER,PROJECT_CT_NO,PROJECT_ST_NO,PROJECT_COUNT,PROJECT_AT_INT,PROJECT_TOTAL) values (1606,'게임·취미 #올인원디제잉장비 프로젝트','게임·취미 #올인원디제잉장비 프로젝트',5000000,'1606_20191016201212_thumb.jpg',to_date('19/10/17','RR/MM/DD'),to_date('19/10/27','RR/MM/DD'),'디제잉,기계,디제잉기계,EDM','1606_20191016201212_main.jpg','야경이 잘 보이는 카페에서, 집으로 가는 지하철에서, 주말에 훌쩍 떠난 여행지에서. 언제, 어디서든 가방에서 꺼내서 음악 믹싱이 가능하도록.
<br>
<br>제품의 실제 사이즈는 282 mm x 210 mm x 40 mm 로 A4 사이즈 크기로 디자인 하였습니다. 무게도 1.2 kg로, 노트북처럼 평소에 휴대하기에 부담이 없습니다.','djEdm','1606_20191016201212_artist.jpg','djEdm','djEdm','010-5555-9999','djedm@kh.co.kr',to_date('19/10/16','RR/MM/DD'),to_date('19/10/16','RR/MM/DD'),120,9,4,1,'djEdm',0);
Insert into DODREAM.PROJECT_TB (PROJECT_NO,PROJECT_TITLE,PROJECT_STITLE,PROJECT_GOAL,PROJECT_THUMB_IMG,PROJECT_START_DT,PROJECT_CLOSE_DT,PROJECT_HASHTAG,PROJECT_MAIN_IMG,PROJECT_SUMMARY,PROJECT_AT_NM,PROJECT_AT_PF,PROJECT_AT_SNS1,PROJECT_AT_SNS2,PROJECT_AT_CONT,PROJECT_AT_EM,PROJECT_ER_DT,PROJECT_MF_DT,PROJECT_WRITER,PROJECT_CT_NO,PROJECT_ST_NO,PROJECT_COUNT,PROJECT_AT_INT,PROJECT_TOTAL) values (1608,'여성 공연 동아리 차오름의 첫 번째 공연, <알앤제이>','여성 공연 동아리 차오름의 첫 번째 공연, <알앤제이>',1000000,'1608_20191016200412_thumb.jpg',to_date('19/10/16','RR/MM/DD'),to_date('19/11/05','RR/MM/DD'),'여성공연,차오름,공연,연극,알앤제이','1608_20191016200412_main.jpg','차오름은 연극과 뮤지컬을 사랑하는 사람들이 젠더스왑, 혹은 젠더프리 극을 보고 싶다는 일념으로 모여 만든 아마추어 공연 동아리입니다.','차오름','1608_20191016200412_artist.jpg','chorm','chorm','010-5000-6111','test@test.co.kr',to_date('19/10/16','RR/MM/DD'),to_date('19/10/16','RR/MM/DD'),9,3,4,3,'오로지 여성으로만 이루어진 공연 동아리, 차오름입니다.',0);
Insert into DODREAM.PROJECT_TB (PROJECT_NO,PROJECT_TITLE,PROJECT_STITLE,PROJECT_GOAL,PROJECT_THUMB_IMG,PROJECT_START_DT,PROJECT_CLOSE_DT,PROJECT_HASHTAG,PROJECT_MAIN_IMG,PROJECT_SUMMARY,PROJECT_AT_NM,PROJECT_AT_PF,PROJECT_AT_SNS1,PROJECT_AT_SNS2,PROJECT_AT_CONT,PROJECT_AT_EM,PROJECT_ER_DT,PROJECT_MF_DT,PROJECT_WRITER,PROJECT_CT_NO,PROJECT_ST_NO,PROJECT_COUNT,PROJECT_AT_INT,PROJECT_TOTAL) values (1607,null,null,null,null,null,null,null,null,null,null,null,null,null,null,null,to_date('19/10/16','RR/MM/DD'),to_date('19/10/16','RR/MM/DD'),null,null,0,0,null,0);
Insert into DODREAM.PROJECT_TB (PROJECT_NO,PROJECT_TITLE,PROJECT_STITLE,PROJECT_GOAL,PROJECT_THUMB_IMG,PROJECT_START_DT,PROJECT_CLOSE_DT,PROJECT_HASHTAG,PROJECT_MAIN_IMG,PROJECT_SUMMARY,PROJECT_AT_NM,PROJECT_AT_PF,PROJECT_AT_SNS1,PROJECT_AT_SNS2,PROJECT_AT_CONT,PROJECT_AT_EM,PROJECT_ER_DT,PROJECT_MF_DT,PROJECT_WRITER,PROJECT_CT_NO,PROJECT_ST_NO,PROJECT_COUNT,PROJECT_AT_INT,PROJECT_TOTAL) values (1609,null,null,null,null,null,null,null,null,null,null,null,null,null,null,null,to_date('19/10/16','RR/MM/DD'),to_date('19/10/16','RR/MM/DD'),null,null,0,0,null,0);
Insert into DODREAM.PROJECT_TB (PROJECT_NO,PROJECT_TITLE,PROJECT_STITLE,PROJECT_GOAL,PROJECT_THUMB_IMG,PROJECT_START_DT,PROJECT_CLOSE_DT,PROJECT_HASHTAG,PROJECT_MAIN_IMG,PROJECT_SUMMARY,PROJECT_AT_NM,PROJECT_AT_PF,PROJECT_AT_SNS1,PROJECT_AT_SNS2,PROJECT_AT_CONT,PROJECT_AT_EM,PROJECT_ER_DT,PROJECT_MF_DT,PROJECT_WRITER,PROJECT_CT_NO,PROJECT_ST_NO,PROJECT_COUNT,PROJECT_AT_INT,PROJECT_TOTAL) values (1592,'지친 일상에 위로를 주는 작은 판타지,  <하품로드> 여행 일러스트 전시','지친 일상에 위로를 주는 작은 판타지,  <하품로드> 여행 일러스트 전시',1000000,'1592_20191016200343_thumb.jpg',to_date('19/10/16','RR/MM/DD'),to_date('19/10/26','RR/MM/DD'),'일러스트,여행,하품로드,전시,위로','1592_20191016200343_main.jpg','    <하품로드>는 파리, 뉴욕, 아이슬란드 등 하품의 열기구가 여행을 마치고 돌아와 선보이는 특별한 여행일기입니다. 동화적인 분위기의 일러스트 그림 전시에 당신을 초대합니다.
<br>    
<br>  ','채신영(하품)','1592_20191016200343_artist.jpg','없음','없음','010-000-0000','test@test.co.kr',to_date('19/10/16','RR/MM/DD'),to_date('19/10/16','RR/MM/DD'),3,4,4,38,'저는 편안한 그림을 그립니다',0);
Insert into DODREAM.PROJECT_TB (PROJECT_NO,PROJECT_TITLE,PROJECT_STITLE,PROJECT_GOAL,PROJECT_THUMB_IMG,PROJECT_START_DT,PROJECT_CLOSE_DT,PROJECT_HASHTAG,PROJECT_MAIN_IMG,PROJECT_SUMMARY,PROJECT_AT_NM,PROJECT_AT_PF,PROJECT_AT_SNS1,PROJECT_AT_SNS2,PROJECT_AT_CONT,PROJECT_AT_EM,PROJECT_ER_DT,PROJECT_MF_DT,PROJECT_WRITER,PROJECT_CT_NO,PROJECT_ST_NO,PROJECT_COUNT,PROJECT_AT_INT,PROJECT_TOTAL) values (1610,null,null,null,null,null,null,null,null,null,null,null,null,null,null,null,to_date('19/10/16','RR/MM/DD'),to_date('19/10/16','RR/MM/DD'),null,null,0,0,null,0);
Insert into DODREAM.PROJECT_TB (PROJECT_NO,PROJECT_TITLE,PROJECT_STITLE,PROJECT_GOAL,PROJECT_THUMB_IMG,PROJECT_START_DT,PROJECT_CLOSE_DT,PROJECT_HASHTAG,PROJECT_MAIN_IMG,PROJECT_SUMMARY,PROJECT_AT_NM,PROJECT_AT_PF,PROJECT_AT_SNS1,PROJECT_AT_SNS2,PROJECT_AT_CONT,PROJECT_AT_EM,PROJECT_ER_DT,PROJECT_MF_DT,PROJECT_WRITER,PROJECT_CT_NO,PROJECT_ST_NO,PROJECT_COUNT,PROJECT_AT_INT,PROJECT_TOTAL) values (1612,'[반고흐/클림트] 압도적인 입체감! 리얼하게 만나는 명화 아트패브릭 액자','[반고흐/클림트] 압도적인 입체감! 리얼하게 만나는 명화 아트패브릭 액자',1000000,'1612_20191016203514_thumb.jpg',to_date('19/10/16','RR/MM/DD'),to_date('19/10/26','RR/MM/DD'),'반고흐,액자,아트패브릭','1612_20191016203514_main.jpg','[반고흐/클림트] 압도적인 입체감! 리얼하게 만나는 명화 아트패브릭 액자','픽콘','1612_20191016203514_artist.jpg','없음','없음','010-123-1234','testp@test.co.kr',to_date('19/10/16','RR/MM/DD'),to_date('19/10/16','RR/MM/DD'),3,4,4,2,'저는 어릴적부터 액자를 제작해오신 아버지를 보며 다양한 그림 ,사진 작품들을 접할 기회가 많았습니다. 
<br>그러면서 자연스럽게 작품을 담는 바탕이 되는 종이, 표현방식이 정말 중요하다는 사실을 알게 되었어요. ',0);
Insert into DODREAM.PROJECT_TB (PROJECT_NO,PROJECT_TITLE,PROJECT_STITLE,PROJECT_GOAL,PROJECT_THUMB_IMG,PROJECT_START_DT,PROJECT_CLOSE_DT,PROJECT_HASHTAG,PROJECT_MAIN_IMG,PROJECT_SUMMARY,PROJECT_AT_NM,PROJECT_AT_PF,PROJECT_AT_SNS1,PROJECT_AT_SNS2,PROJECT_AT_CONT,PROJECT_AT_EM,PROJECT_ER_DT,PROJECT_MF_DT,PROJECT_WRITER,PROJECT_CT_NO,PROJECT_ST_NO,PROJECT_COUNT,PROJECT_AT_INT,PROJECT_TOTAL) values (54,'싱어송라이터 루리(RuLee) 정규1집 "당신의 노래들"and앨범쇼케이스','루리정규1집 프로젝트',1000000,'42553.png',to_date('19/09/23','RR/MM/DD'),to_date('19/10/05','RR/MM/DD'),'루리,RuLee,싱어송라이터,정규앨범,쇼케이스','42553_main.png','싱어송라이터 루리(RuLee)가 전하는 올 가을 가장 따뜻할 메세지. 첫번째 정규앨범과 쇼케이스를 나누고 싶습니다. 누군가의 처음을 함께 밝혀주세요.','루리(RuLee)','42553_artist.png','RuLeeeees','rulee_','01000000000','test5@test.co.kr',to_date('19/09/23','RR/MM/DD'),to_date('19/09/23','RR/MM/DD'),7,1,5,1563,null,null);
Insert into DODREAM.PROJECT_TB (PROJECT_NO,PROJECT_TITLE,PROJECT_STITLE,PROJECT_GOAL,PROJECT_THUMB_IMG,PROJECT_START_DT,PROJECT_CLOSE_DT,PROJECT_HASHTAG,PROJECT_MAIN_IMG,PROJECT_SUMMARY,PROJECT_AT_NM,PROJECT_AT_PF,PROJECT_AT_SNS1,PROJECT_AT_SNS2,PROJECT_AT_CONT,PROJECT_AT_EM,PROJECT_ER_DT,PROJECT_MF_DT,PROJECT_WRITER,PROJECT_CT_NO,PROJECT_ST_NO,PROJECT_COUNT,PROJECT_AT_INT,PROJECT_TOTAL) values (127,'영화 [좋아해, 너를] 상영관 확보 프로젝트','뉴이스트출연영화 프로젝트',3000000,'11785.jpg',to_date('19/09/25','RR/MM/DD'),to_date('19/10/24','RR/MM/DD'),'영화,좋아해 너를,NU’EST,뉴이스트,렌,일본영화,상영관','11785_main.jpg
','사랑에 빠지는 순간을 그린 NU’EST 렌 주연의 일본 영화 [좋아해, 너를] 후원자 분들의 많은 관심과 참여가 더 많은 관객과 함께 만날 수 있는 큰 원동력이 될 것 입니다','디오시네마','11785_artist.jpg','docinema.kr','docinema_kr','01000000000','test10@test.co.kr',to_date('19/09/25','RR/MM/DD'),to_date('19/09/25','RR/MM/DD'),12,2,4,3236,null,null);
Insert into DODREAM.PROJECT_TB (PROJECT_NO,PROJECT_TITLE,PROJECT_STITLE,PROJECT_GOAL,PROJECT_THUMB_IMG,PROJECT_START_DT,PROJECT_CLOSE_DT,PROJECT_HASHTAG,PROJECT_MAIN_IMG,PROJECT_SUMMARY,PROJECT_AT_NM,PROJECT_AT_PF,PROJECT_AT_SNS1,PROJECT_AT_SNS2,PROJECT_AT_CONT,PROJECT_AT_EM,PROJECT_ER_DT,PROJECT_MF_DT,PROJECT_WRITER,PROJECT_CT_NO,PROJECT_ST_NO,PROJECT_COUNT,PROJECT_AT_INT,PROJECT_TOTAL) values (128,'연극 <우주의 밖>','슬기로운 우주생활, 범우주적 SF 코미디',1000000,'49557.jpg',to_date('19/09/25','RR/MM/DD'),to_date('19/10/05','RR/MM/DD'),'우주의 밖,연극,슬기로운 우주생활,SF,코미디','49557_main.jpg','모든 배우, 스텝들의 작품에 대한 애정이 모여 제작되고 있는 이번 작품에 많은 분들이 함께 해 주시길 바랍니다. 더욱 좋은 공연으로 보답하겠습니다.','극단 비행술','49557_artist.jpg','temp','temp','01000000000','test11@test.co.kr',to_date('19/09/25','RR/MM/DD'),to_date('19/09/25','RR/MM/DD'),13,3,5,61,'극단 비행술은 사소한 일상과 평범한 삶을 낯설게 바라보고, 연극의 문학성이 드러나는 무대 표현을 통해 삶의 단면들을 이야기하는 작업을 이어가는 젊은 연극집단 입니다.',-2540000);
Insert into DODREAM.PROJECT_TB (PROJECT_NO,PROJECT_TITLE,PROJECT_STITLE,PROJECT_GOAL,PROJECT_THUMB_IMG,PROJECT_START_DT,PROJECT_CLOSE_DT,PROJECT_HASHTAG,PROJECT_MAIN_IMG,PROJECT_SUMMARY,PROJECT_AT_NM,PROJECT_AT_PF,PROJECT_AT_SNS1,PROJECT_AT_SNS2,PROJECT_AT_CONT,PROJECT_AT_EM,PROJECT_ER_DT,PROJECT_MF_DT,PROJECT_WRITER,PROJECT_CT_NO,PROJECT_ST_NO,PROJECT_COUNT,PROJECT_AT_INT,PROJECT_TOTAL) values (129,'예술로서의 초상화, 포트레이트 링크 나인','초상화주문제작 프로젝트',1650000,'39428.jpg',to_date('19/09/25','RR/MM/DD'),to_date('19/10/05','RR/MM/DD'),'초상화,현대미술,포트레이트 링크 나인,Portrait Link 9','39428_main.jpg','예술로서의 초상화 - 현대미술의 주인공이자 후원자가 되어주세요. 우리시대 미술가가 그리는 작품으로서의 인물화. 포트레이트 링크 나인 [ Portrait Link 9 ]','포트레이트 링크 나인 (Portrait Link 9)','39428_artist.gif','temp','portrait_link_9','01000000000','test12@test.co.kr',to_date('19/09/25','RR/MM/DD'),to_date('19/09/25','RR/MM/DD'),14,4,5,215,'예술로서의 초상화 Art Portraits on Art Level 포트레이트 링크 나인',-1650000);
Insert into DODREAM.PROJECT_TB (PROJECT_NO,PROJECT_TITLE,PROJECT_STITLE,PROJECT_GOAL,PROJECT_THUMB_IMG,PROJECT_START_DT,PROJECT_CLOSE_DT,PROJECT_HASHTAG,PROJECT_MAIN_IMG,PROJECT_SUMMARY,PROJECT_AT_NM,PROJECT_AT_PF,PROJECT_AT_SNS1,PROJECT_AT_SNS2,PROJECT_AT_CONT,PROJECT_AT_EM,PROJECT_ER_DT,PROJECT_MF_DT,PROJECT_WRITER,PROJECT_CT_NO,PROJECT_ST_NO,PROJECT_COUNT,PROJECT_AT_INT,PROJECT_TOTAL) values (1602,'#DIY인형만들기 프로젝트','#DIY인형만들기 프로젝트, 애착인형',2500000,'1602_20191016201800_thumb.jpg',to_date('19/10/16','RR/MM/DD'),to_date('19/10/26','RR/MM/DD'),'애착인형,인형,DIY','1602_20191016201800_main.jpg','애착인형','dollDIY','1602_20191016201800_artist.png','dollDIY','dollDIY','010-2222-3333','dolldiy@kh.co.kr',to_date('19/10/16','RR/MM/DD'),to_date('19/10/16','RR/MM/DD'),120,9,3,0,'dollDIY',0);
Insert into DODREAM.PROJECT_TB (PROJECT_NO,PROJECT_TITLE,PROJECT_STITLE,PROJECT_GOAL,PROJECT_THUMB_IMG,PROJECT_START_DT,PROJECT_CLOSE_DT,PROJECT_HASHTAG,PROJECT_MAIN_IMG,PROJECT_SUMMARY,PROJECT_AT_NM,PROJECT_AT_PF,PROJECT_AT_SNS1,PROJECT_AT_SNS2,PROJECT_AT_CONT,PROJECT_AT_EM,PROJECT_ER_DT,PROJECT_MF_DT,PROJECT_WRITER,PROJECT_CT_NO,PROJECT_ST_NO,PROJECT_COUNT,PROJECT_AT_INT,PROJECT_TOTAL) values (1601,null,null,null,null,null,null,null,null,null,null,null,null,null,null,null,to_date('19/10/16','RR/MM/DD'),to_date('19/10/16','RR/MM/DD'),null,null,0,0,null,0);
Insert into DODREAM.PROJECT_TB (PROJECT_NO,PROJECT_TITLE,PROJECT_STITLE,PROJECT_GOAL,PROJECT_THUMB_IMG,PROJECT_START_DT,PROJECT_CLOSE_DT,PROJECT_HASHTAG,PROJECT_MAIN_IMG,PROJECT_SUMMARY,PROJECT_AT_NM,PROJECT_AT_PF,PROJECT_AT_SNS1,PROJECT_AT_SNS2,PROJECT_AT_CONT,PROJECT_AT_EM,PROJECT_ER_DT,PROJECT_MF_DT,PROJECT_WRITER,PROJECT_CT_NO,PROJECT_ST_NO,PROJECT_COUNT,PROJECT_AT_INT,PROJECT_TOTAL) values (1599,'[BEP 28만명] 한국형 뮤지컬 영화의 시작, <어게인>','소한 지금 우리들의 이야기, 좌절하지만 다시 일어나는 우리들의 이야기, <어게인> 핵심포인트       상세내용   투자손익표 관객수(명) 이익배당율 10만원 투자시 50만원 투자',65000000,'1599_20191016194808_thumb.png',to_date('19/10/16','RR/MM/DD'),to_date('19/10/26','RR/MM/DD'),'뮤지컬 영화, 자체 제작, 뮤지컬, 영화','1599_20191016194808_main.png','김주한 대표님과는 2010년 <된장>을','어게인','1599_20191016194808_artist.png','84782','8752154','010-654-7259','어게인@djrpdls.co.kr',to_date('19/10/16','RR/MM/DD'),to_date('19/10/16','RR/MM/DD'),9,2,4,0,'wqdeq',0);
Insert into DODREAM.PROJECT_TB (PROJECT_NO,PROJECT_TITLE,PROJECT_STITLE,PROJECT_GOAL,PROJECT_THUMB_IMG,PROJECT_START_DT,PROJECT_CLOSE_DT,PROJECT_HASHTAG,PROJECT_MAIN_IMG,PROJECT_SUMMARY,PROJECT_AT_NM,PROJECT_AT_PF,PROJECT_AT_SNS1,PROJECT_AT_SNS2,PROJECT_AT_CONT,PROJECT_AT_EM,PROJECT_ER_DT,PROJECT_MF_DT,PROJECT_WRITER,PROJECT_CT_NO,PROJECT_ST_NO,PROJECT_COUNT,PROJECT_AT_INT,PROJECT_TOTAL) values (1604,null,null,null,null,null,null,null,null,null,null,null,null,null,null,null,to_date('19/10/16','RR/MM/DD'),to_date('19/10/16','RR/MM/DD'),null,null,0,0,null,0);
Insert into DODREAM.PROJECT_TB (PROJECT_NO,PROJECT_TITLE,PROJECT_STITLE,PROJECT_GOAL,PROJECT_THUMB_IMG,PROJECT_START_DT,PROJECT_CLOSE_DT,PROJECT_HASHTAG,PROJECT_MAIN_IMG,PROJECT_SUMMARY,PROJECT_AT_NM,PROJECT_AT_PF,PROJECT_AT_SNS1,PROJECT_AT_SNS2,PROJECT_AT_CONT,PROJECT_AT_EM,PROJECT_ER_DT,PROJECT_MF_DT,PROJECT_WRITER,PROJECT_CT_NO,PROJECT_ST_NO,PROJECT_COUNT,PROJECT_AT_INT,PROJECT_TOTAL) values (1605,null,null,null,null,null,null,null,null,null,null,null,null,null,null,null,to_date('19/10/16','RR/MM/DD'),to_date('19/10/16','RR/MM/DD'),null,null,0,0,null,0);
Insert into DODREAM.PROJECT_TB (PROJECT_NO,PROJECT_TITLE,PROJECT_STITLE,PROJECT_GOAL,PROJECT_THUMB_IMG,PROJECT_START_DT,PROJECT_CLOSE_DT,PROJECT_HASHTAG,PROJECT_MAIN_IMG,PROJECT_SUMMARY,PROJECT_AT_NM,PROJECT_AT_PF,PROJECT_AT_SNS1,PROJECT_AT_SNS2,PROJECT_AT_CONT,PROJECT_AT_EM,PROJECT_ER_DT,PROJECT_MF_DT,PROJECT_WRITER,PROJECT_CT_NO,PROJECT_ST_NO,PROJECT_COUNT,PROJECT_AT_INT,PROJECT_TOTAL) values (1638,'감성 가득 일러스트 패브릭 포스터?','감성 가득 일러스트 패브릭 포스터?',380000,'1638_20191017101231_thumb.jpg',to_date('19/10/17','RR/MM/DD'),to_date('19/12/16','RR/MM/DD'),'감성,일러스트,패브릭,포스터','1638_20191017101231_main.jpg','감성 가득 일러스트 패브릭 포스터?','hyunji','1638_20191017101231_artist.jpg','없음','없음','01088888888','testh@test.co.kr',to_date('19/10/17','RR/MM/DD'),to_date('19/10/17','RR/MM/DD'),17,4,4,0,'사랑을 디자인하고 그리는 일러스트레이터 hyunji입니다-? ? ? ??',0);
Insert into DODREAM.PROJECT_TB (PROJECT_NO,PROJECT_TITLE,PROJECT_STITLE,PROJECT_GOAL,PROJECT_THUMB_IMG,PROJECT_START_DT,PROJECT_CLOSE_DT,PROJECT_HASHTAG,PROJECT_MAIN_IMG,PROJECT_SUMMARY,PROJECT_AT_NM,PROJECT_AT_PF,PROJECT_AT_SNS1,PROJECT_AT_SNS2,PROJECT_AT_CONT,PROJECT_AT_EM,PROJECT_ER_DT,PROJECT_MF_DT,PROJECT_WRITER,PROJECT_CT_NO,PROJECT_ST_NO,PROJECT_COUNT,PROJECT_AT_INT,PROJECT_TOTAL) values (1639,null,null,null,null,null,null,null,null,null,null,null,null,null,null,null,to_date('19/10/17','RR/MM/DD'),to_date('19/10/17','RR/MM/DD'),null,null,0,0,null,0);
Insert into DODREAM.PROJECT_TB (PROJECT_NO,PROJECT_TITLE,PROJECT_STITLE,PROJECT_GOAL,PROJECT_THUMB_IMG,PROJECT_START_DT,PROJECT_CLOSE_DT,PROJECT_HASHTAG,PROJECT_MAIN_IMG,PROJECT_SUMMARY,PROJECT_AT_NM,PROJECT_AT_PF,PROJECT_AT_SNS1,PROJECT_AT_SNS2,PROJECT_AT_CONT,PROJECT_AT_EM,PROJECT_ER_DT,PROJECT_MF_DT,PROJECT_WRITER,PROJECT_CT_NO,PROJECT_ST_NO,PROJECT_COUNT,PROJECT_AT_INT,PROJECT_TOTAL) values (1640,null,null,null,null,null,null,null,null,null,null,null,null,null,null,null,to_date('19/10/17','RR/MM/DD'),to_date('19/10/17','RR/MM/DD'),null,null,0,0,null,0);
Insert into DODREAM.PROJECT_TB (PROJECT_NO,PROJECT_TITLE,PROJECT_STITLE,PROJECT_GOAL,PROJECT_THUMB_IMG,PROJECT_START_DT,PROJECT_CLOSE_DT,PROJECT_HASHTAG,PROJECT_MAIN_IMG,PROJECT_SUMMARY,PROJECT_AT_NM,PROJECT_AT_PF,PROJECT_AT_SNS1,PROJECT_AT_SNS2,PROJECT_AT_CONT,PROJECT_AT_EM,PROJECT_ER_DT,PROJECT_MF_DT,PROJECT_WRITER,PROJECT_CT_NO,PROJECT_ST_NO,PROJECT_COUNT,PROJECT_AT_INT,PROJECT_TOTAL) values (1641,null,null,null,null,null,null,null,null,null,null,null,null,null,null,null,to_date('19/10/17','RR/MM/DD'),to_date('19/10/17','RR/MM/DD'),null,null,0,0,null,0);
Insert into DODREAM.PROJECT_TB (PROJECT_NO,PROJECT_TITLE,PROJECT_STITLE,PROJECT_GOAL,PROJECT_THUMB_IMG,PROJECT_START_DT,PROJECT_CLOSE_DT,PROJECT_HASHTAG,PROJECT_MAIN_IMG,PROJECT_SUMMARY,PROJECT_AT_NM,PROJECT_AT_PF,PROJECT_AT_SNS1,PROJECT_AT_SNS2,PROJECT_AT_CONT,PROJECT_AT_EM,PROJECT_ER_DT,PROJECT_MF_DT,PROJECT_WRITER,PROJECT_CT_NO,PROJECT_ST_NO,PROJECT_COUNT,PROJECT_AT_INT,PROJECT_TOTAL) values (1642,null,null,null,null,null,null,null,null,null,null,null,null,null,null,null,to_date('19/10/17','RR/MM/DD'),to_date('19/10/17','RR/MM/DD'),null,null,0,0,null,0);
Insert into DODREAM.PROJECT_TB (PROJECT_NO,PROJECT_TITLE,PROJECT_STITLE,PROJECT_GOAL,PROJECT_THUMB_IMG,PROJECT_START_DT,PROJECT_CLOSE_DT,PROJECT_HASHTAG,PROJECT_MAIN_IMG,PROJECT_SUMMARY,PROJECT_AT_NM,PROJECT_AT_PF,PROJECT_AT_SNS1,PROJECT_AT_SNS2,PROJECT_AT_CONT,PROJECT_AT_EM,PROJECT_ER_DT,PROJECT_MF_DT,PROJECT_WRITER,PROJECT_CT_NO,PROJECT_ST_NO,PROJECT_COUNT,PROJECT_AT_INT,PROJECT_TOTAL) values (1643,null,null,null,null,null,null,null,null,null,null,null,null,null,null,null,to_date('19/10/17','RR/MM/DD'),to_date('19/10/17','RR/MM/DD'),null,null,0,0,null,0);
Insert into DODREAM.PROJECT_TB (PROJECT_NO,PROJECT_TITLE,PROJECT_STITLE,PROJECT_GOAL,PROJECT_THUMB_IMG,PROJECT_START_DT,PROJECT_CLOSE_DT,PROJECT_HASHTAG,PROJECT_MAIN_IMG,PROJECT_SUMMARY,PROJECT_AT_NM,PROJECT_AT_PF,PROJECT_AT_SNS1,PROJECT_AT_SNS2,PROJECT_AT_CONT,PROJECT_AT_EM,PROJECT_ER_DT,PROJECT_MF_DT,PROJECT_WRITER,PROJECT_CT_NO,PROJECT_ST_NO,PROJECT_COUNT,PROJECT_AT_INT,PROJECT_TOTAL) values (1644,null,null,null,null,null,null,null,null,null,null,null,null,null,null,null,to_date('19/10/17','RR/MM/DD'),to_date('19/10/17','RR/MM/DD'),null,null,0,0,null,0);
Insert into DODREAM.PROJECT_TB (PROJECT_NO,PROJECT_TITLE,PROJECT_STITLE,PROJECT_GOAL,PROJECT_THUMB_IMG,PROJECT_START_DT,PROJECT_CLOSE_DT,PROJECT_HASHTAG,PROJECT_MAIN_IMG,PROJECT_SUMMARY,PROJECT_AT_NM,PROJECT_AT_PF,PROJECT_AT_SNS1,PROJECT_AT_SNS2,PROJECT_AT_CONT,PROJECT_AT_EM,PROJECT_ER_DT,PROJECT_MF_DT,PROJECT_WRITER,PROJECT_CT_NO,PROJECT_ST_NO,PROJECT_COUNT,PROJECT_AT_INT,PROJECT_TOTAL) values (1661,'테스트 결제','테스트 결제',1000,'1661_20191017111957_thumb.jpg',to_date('19/10/17','RR/MM/DD'),to_date('19/10/18','RR/MM/DD'),'11','1661_20191017111957_main.jpg','11','11','1661_20191017111957_artist.jpg','11','11','11','11',to_date('19/10/17','RR/MM/DD'),to_date('19/10/17','RR/MM/DD'),3,1,4,12,'11',5000);
Insert into DODREAM.PROJECT_TB (PROJECT_NO,PROJECT_TITLE,PROJECT_STITLE,PROJECT_GOAL,PROJECT_THUMB_IMG,PROJECT_START_DT,PROJECT_CLOSE_DT,PROJECT_HASHTAG,PROJECT_MAIN_IMG,PROJECT_SUMMARY,PROJECT_AT_NM,PROJECT_AT_PF,PROJECT_AT_SNS1,PROJECT_AT_SNS2,PROJECT_AT_CONT,PROJECT_AT_EM,PROJECT_ER_DT,PROJECT_MF_DT,PROJECT_WRITER,PROJECT_CT_NO,PROJECT_ST_NO,PROJECT_COUNT,PROJECT_AT_INT,PROJECT_TOTAL) values (1662,'마치 기분 좋은 드라이브처럼, 〈ADOY(아도이) Drive Vol.1〉(이걸로)','청춘의 정서를 안고 달리는 밴드, ADOY(아도이)',10000000,'1662_20191017113108_thumb.jpg',to_date('19/10/17','RR/MM/DD'),to_date('19/10/27','RR/MM/DD'),'ADOY,아도이,ADOY Drive Vol.1, 콘서트','RN3EqcJfR5c','음악은 소리없는 배경에 모든 색깔을 입혀 준다.
<br>우리의 지금을 좀 더 활력 있고, 생생하게 만들어 준다.
<br>그렇게 음악은 즐거운 배경이 되기도, 나만 아는 비밀이 되기도 한다.
<br>마치 기분 좋은 드라이브처럼.','ADOY(아도이)','1662_20191017113108_artist.jpg','없음','없음','01034675082','adoy@kh.or.kr',to_date('19/10/17','RR/MM/DD'),to_date('19/10/17','RR/MM/DD'),79,1,1,1,'ADOY',0);
Insert into DODREAM.PROJECT_TB (PROJECT_NO,PROJECT_TITLE,PROJECT_STITLE,PROJECT_GOAL,PROJECT_THUMB_IMG,PROJECT_START_DT,PROJECT_CLOSE_DT,PROJECT_HASHTAG,PROJECT_MAIN_IMG,PROJECT_SUMMARY,PROJECT_AT_NM,PROJECT_AT_PF,PROJECT_AT_SNS1,PROJECT_AT_SNS2,PROJECT_AT_CONT,PROJECT_AT_EM,PROJECT_ER_DT,PROJECT_MF_DT,PROJECT_WRITER,PROJECT_CT_NO,PROJECT_ST_NO,PROJECT_COUNT,PROJECT_AT_INT,PROJECT_TOTAL) values (909,'벅스 X 놀면 뭐하니? <유플래쉬>  - 유재석 & 최정상급 뮤지션 벅스가 함께하는 유플래쉬!','놀면 뭐하니? <유플래쉬!>',10000000,'909_20191010094449_thumb.jpg',to_date('19/10/14','RR/MM/DD'),to_date('19/10/24','RR/MM/DD'),'벅스뮤직,유재석,놀면뭐하니?,유플래쉬','vnJM5burmuo','벅스 X 놀면 뭐하니? <유플래쉬>
<br>유재석 & 최정상급 뮤지션 벅스가 함께하는 유플래쉬!!','유플래쉬','909_20191014184259_artist.jpg','facebook','instagram','01022223333','test1@test.co.kr',to_date('19/10/14','RR/MM/DD'),to_date('19/10/14','RR/MM/DD'),3,1,4,14,'놀면 뭐하니?',-654000);
Insert into DODREAM.PROJECT_TB (PROJECT_NO,PROJECT_TITLE,PROJECT_STITLE,PROJECT_GOAL,PROJECT_THUMB_IMG,PROJECT_START_DT,PROJECT_CLOSE_DT,PROJECT_HASHTAG,PROJECT_MAIN_IMG,PROJECT_SUMMARY,PROJECT_AT_NM,PROJECT_AT_PF,PROJECT_AT_SNS1,PROJECT_AT_SNS2,PROJECT_AT_CONT,PROJECT_AT_EM,PROJECT_ER_DT,PROJECT_MF_DT,PROJECT_WRITER,PROJECT_CT_NO,PROJECT_ST_NO,PROJECT_COUNT,PROJECT_AT_INT,PROJECT_TOTAL) values (1647,null,null,0,null,to_date('19/10/17','RR/MM/DD'),to_date('19/10/27','RR/MM/DD'),'해시태그를, 다음과같이, 입력해주세요!',null,null,null,null,null,null,null,null,to_date('19/10/17','RR/MM/DD'),to_date('19/10/17','RR/MM/DD'),79,0,1,0,null,0);
Insert into DODREAM.PROJECT_TB (PROJECT_NO,PROJECT_TITLE,PROJECT_STITLE,PROJECT_GOAL,PROJECT_THUMB_IMG,PROJECT_START_DT,PROJECT_CLOSE_DT,PROJECT_HASHTAG,PROJECT_MAIN_IMG,PROJECT_SUMMARY,PROJECT_AT_NM,PROJECT_AT_PF,PROJECT_AT_SNS1,PROJECT_AT_SNS2,PROJECT_AT_CONT,PROJECT_AT_EM,PROJECT_ER_DT,PROJECT_MF_DT,PROJECT_WRITER,PROJECT_CT_NO,PROJECT_ST_NO,PROJECT_COUNT,PROJECT_AT_INT,PROJECT_TOTAL) values (1648,null,null,0,null,to_date('19/10/17','RR/MM/DD'),to_date('19/10/27','RR/MM/DD'),'해시태그를, 다음과같이, 입력해주세요!',null,null,null,null,null,null,null,null,to_date('19/10/17','RR/MM/DD'),to_date('19/10/17','RR/MM/DD'),79,0,1,0,null,0);
Insert into DODREAM.PROJECT_TB (PROJECT_NO,PROJECT_TITLE,PROJECT_STITLE,PROJECT_GOAL,PROJECT_THUMB_IMG,PROJECT_START_DT,PROJECT_CLOSE_DT,PROJECT_HASHTAG,PROJECT_MAIN_IMG,PROJECT_SUMMARY,PROJECT_AT_NM,PROJECT_AT_PF,PROJECT_AT_SNS1,PROJECT_AT_SNS2,PROJECT_AT_CONT,PROJECT_AT_EM,PROJECT_ER_DT,PROJECT_MF_DT,PROJECT_WRITER,PROJECT_CT_NO,PROJECT_ST_NO,PROJECT_COUNT,PROJECT_AT_INT,PROJECT_TOTAL) values (1649,null,null,0,null,to_date('19/10/17','RR/MM/DD'),to_date('19/10/27','RR/MM/DD'),'해시태그를, 다음과같이, 입력해주세요!',null,null,null,null,null,null,null,null,to_date('19/10/17','RR/MM/DD'),to_date('19/10/17','RR/MM/DD'),3,0,1,0,null,0);
Insert into DODREAM.PROJECT_TB (PROJECT_NO,PROJECT_TITLE,PROJECT_STITLE,PROJECT_GOAL,PROJECT_THUMB_IMG,PROJECT_START_DT,PROJECT_CLOSE_DT,PROJECT_HASHTAG,PROJECT_MAIN_IMG,PROJECT_SUMMARY,PROJECT_AT_NM,PROJECT_AT_PF,PROJECT_AT_SNS1,PROJECT_AT_SNS2,PROJECT_AT_CONT,PROJECT_AT_EM,PROJECT_ER_DT,PROJECT_MF_DT,PROJECT_WRITER,PROJECT_CT_NO,PROJECT_ST_NO,PROJECT_COUNT,PROJECT_AT_INT,PROJECT_TOTAL) values (1650,null,null,null,null,null,null,null,null,null,null,null,null,null,null,null,to_date('19/10/17','RR/MM/DD'),to_date('19/10/17','RR/MM/DD'),null,null,0,0,null,0);
Insert into DODREAM.PROJECT_TB (PROJECT_NO,PROJECT_TITLE,PROJECT_STITLE,PROJECT_GOAL,PROJECT_THUMB_IMG,PROJECT_START_DT,PROJECT_CLOSE_DT,PROJECT_HASHTAG,PROJECT_MAIN_IMG,PROJECT_SUMMARY,PROJECT_AT_NM,PROJECT_AT_PF,PROJECT_AT_SNS1,PROJECT_AT_SNS2,PROJECT_AT_CONT,PROJECT_AT_EM,PROJECT_ER_DT,PROJECT_MF_DT,PROJECT_WRITER,PROJECT_CT_NO,PROJECT_ST_NO,PROJECT_COUNT,PROJECT_AT_INT,PROJECT_TOTAL) values (1651,null,null,null,null,null,null,null,null,null,null,null,null,null,null,null,to_date('19/10/17','RR/MM/DD'),to_date('19/10/17','RR/MM/DD'),null,null,0,0,null,0);
Insert into DODREAM.PROJECT_TB (PROJECT_NO,PROJECT_TITLE,PROJECT_STITLE,PROJECT_GOAL,PROJECT_THUMB_IMG,PROJECT_START_DT,PROJECT_CLOSE_DT,PROJECT_HASHTAG,PROJECT_MAIN_IMG,PROJECT_SUMMARY,PROJECT_AT_NM,PROJECT_AT_PF,PROJECT_AT_SNS1,PROJECT_AT_SNS2,PROJECT_AT_CONT,PROJECT_AT_EM,PROJECT_ER_DT,PROJECT_MF_DT,PROJECT_WRITER,PROJECT_CT_NO,PROJECT_ST_NO,PROJECT_COUNT,PROJECT_AT_INT,PROJECT_TOTAL) values (1652,'213123213123','123',123,'1652_20191017105945_thumb.jpg',to_date('19/10/17','RR/MM/DD'),to_date('19/10/27','RR/MM/DD'),'123213','1652_20191017105945_main.jpg','123','123','1652_20191017105945_artist.jpg','213','213','123','213',to_date('19/10/17','RR/MM/DD'),to_date('19/10/17','RR/MM/DD'),3,1,1,0,'123',0);
Insert into DODREAM.PROJECT_TB (PROJECT_NO,PROJECT_TITLE,PROJECT_STITLE,PROJECT_GOAL,PROJECT_THUMB_IMG,PROJECT_START_DT,PROJECT_CLOSE_DT,PROJECT_HASHTAG,PROJECT_MAIN_IMG,PROJECT_SUMMARY,PROJECT_AT_NM,PROJECT_AT_PF,PROJECT_AT_SNS1,PROJECT_AT_SNS2,PROJECT_AT_CONT,PROJECT_AT_EM,PROJECT_ER_DT,PROJECT_MF_DT,PROJECT_WRITER,PROJECT_CT_NO,PROJECT_ST_NO,PROJECT_COUNT,PROJECT_AT_INT,PROJECT_TOTAL) values (1653,'결제 테스트용','결제 테스트용',1000,'1653_20191017105650_thumb.jpg',to_date('19/10/17','RR/MM/DD'),to_date('19/10/18','RR/MM/DD'),'ㅁㅁ','1653_20191017105650_main.jpg','11','11','1653_20191017105650_artist.webp','11','11','11','11',to_date('19/10/17','RR/MM/DD'),to_date('19/10/17','RR/MM/DD'),109,9,6,2,'11',1000);
Insert into DODREAM.PROJECT_TB (PROJECT_NO,PROJECT_TITLE,PROJECT_STITLE,PROJECT_GOAL,PROJECT_THUMB_IMG,PROJECT_START_DT,PROJECT_CLOSE_DT,PROJECT_HASHTAG,PROJECT_MAIN_IMG,PROJECT_SUMMARY,PROJECT_AT_NM,PROJECT_AT_PF,PROJECT_AT_SNS1,PROJECT_AT_SNS2,PROJECT_AT_CONT,PROJECT_AT_EM,PROJECT_ER_DT,PROJECT_MF_DT,PROJECT_WRITER,PROJECT_CT_NO,PROJECT_ST_NO,PROJECT_COUNT,PROJECT_AT_INT,PROJECT_TOTAL) values (1654,'제목','제목',0,null,to_date('19/10/17','RR/MM/DD'),to_date('19/10/27','RR/MM/DD'),'해시태그를, 다음과같이, 입력해주세요!',null,null,null,null,null,null,null,null,to_date('19/10/17','RR/MM/DD'),to_date('19/10/17','RR/MM/DD'),3,2,1,0,null,0);
Insert into DODREAM.PROJECT_TB (PROJECT_NO,PROJECT_TITLE,PROJECT_STITLE,PROJECT_GOAL,PROJECT_THUMB_IMG,PROJECT_START_DT,PROJECT_CLOSE_DT,PROJECT_HASHTAG,PROJECT_MAIN_IMG,PROJECT_SUMMARY,PROJECT_AT_NM,PROJECT_AT_PF,PROJECT_AT_SNS1,PROJECT_AT_SNS2,PROJECT_AT_CONT,PROJECT_AT_EM,PROJECT_ER_DT,PROJECT_MF_DT,PROJECT_WRITER,PROJECT_CT_NO,PROJECT_ST_NO,PROJECT_COUNT,PROJECT_AT_INT,PROJECT_TOTAL) values (1655,null,null,null,null,null,null,null,null,null,null,null,null,null,null,null,to_date('19/10/17','RR/MM/DD'),to_date('19/10/17','RR/MM/DD'),null,null,0,0,null,0);
Insert into DODREAM.PROJECT_TB (PROJECT_NO,PROJECT_TITLE,PROJECT_STITLE,PROJECT_GOAL,PROJECT_THUMB_IMG,PROJECT_START_DT,PROJECT_CLOSE_DT,PROJECT_HASHTAG,PROJECT_MAIN_IMG,PROJECT_SUMMARY,PROJECT_AT_NM,PROJECT_AT_PF,PROJECT_AT_SNS1,PROJECT_AT_SNS2,PROJECT_AT_CONT,PROJECT_AT_EM,PROJECT_ER_DT,PROJECT_MF_DT,PROJECT_WRITER,PROJECT_CT_NO,PROJECT_ST_NO,PROJECT_COUNT,PROJECT_AT_INT,PROJECT_TOTAL) values (1656,null,null,0,null,to_date('19/10/17','RR/MM/DD'),to_date('19/10/27','RR/MM/DD'),'해시태그를, 다음과같이, 입력해주세요!',null,null,null,null,null,null,null,null,to_date('19/10/17','RR/MM/DD'),to_date('19/10/17','RR/MM/DD'),3,0,1,1,null,0);
Insert into DODREAM.PROJECT_TB (PROJECT_NO,PROJECT_TITLE,PROJECT_STITLE,PROJECT_GOAL,PROJECT_THUMB_IMG,PROJECT_START_DT,PROJECT_CLOSE_DT,PROJECT_HASHTAG,PROJECT_MAIN_IMG,PROJECT_SUMMARY,PROJECT_AT_NM,PROJECT_AT_PF,PROJECT_AT_SNS1,PROJECT_AT_SNS2,PROJECT_AT_CONT,PROJECT_AT_EM,PROJECT_ER_DT,PROJECT_MF_DT,PROJECT_WRITER,PROJECT_CT_NO,PROJECT_ST_NO,PROJECT_COUNT,PROJECT_AT_INT,PROJECT_TOTAL) values (1657,null,null,null,null,null,null,null,null,null,null,null,null,null,null,null,to_date('19/10/17','RR/MM/DD'),to_date('19/10/17','RR/MM/DD'),null,null,0,0,null,0);
Insert into DODREAM.PROJECT_TB (PROJECT_NO,PROJECT_TITLE,PROJECT_STITLE,PROJECT_GOAL,PROJECT_THUMB_IMG,PROJECT_START_DT,PROJECT_CLOSE_DT,PROJECT_HASHTAG,PROJECT_MAIN_IMG,PROJECT_SUMMARY,PROJECT_AT_NM,PROJECT_AT_PF,PROJECT_AT_SNS1,PROJECT_AT_SNS2,PROJECT_AT_CONT,PROJECT_AT_EM,PROJECT_ER_DT,PROJECT_MF_DT,PROJECT_WRITER,PROJECT_CT_NO,PROJECT_ST_NO,PROJECT_COUNT,PROJECT_AT_INT,PROJECT_TOTAL) values (1658,null,null,null,null,null,null,null,null,null,null,null,null,null,null,null,to_date('19/10/17','RR/MM/DD'),to_date('19/10/17','RR/MM/DD'),null,null,0,0,null,0);
Insert into DODREAM.PROJECT_TB (PROJECT_NO,PROJECT_TITLE,PROJECT_STITLE,PROJECT_GOAL,PROJECT_THUMB_IMG,PROJECT_START_DT,PROJECT_CLOSE_DT,PROJECT_HASHTAG,PROJECT_MAIN_IMG,PROJECT_SUMMARY,PROJECT_AT_NM,PROJECT_AT_PF,PROJECT_AT_SNS1,PROJECT_AT_SNS2,PROJECT_AT_CONT,PROJECT_AT_EM,PROJECT_ER_DT,PROJECT_MF_DT,PROJECT_WRITER,PROJECT_CT_NO,PROJECT_ST_NO,PROJECT_COUNT,PROJECT_AT_INT,PROJECT_TOTAL) values (1663,null,null,null,null,null,null,null,null,null,null,null,null,null,null,null,to_date('19/10/17','RR/MM/DD'),to_date('19/10/17','RR/MM/DD'),null,null,0,0,null,0);
Insert into DODREAM.PROJECT_TB (PROJECT_NO,PROJECT_TITLE,PROJECT_STITLE,PROJECT_GOAL,PROJECT_THUMB_IMG,PROJECT_START_DT,PROJECT_CLOSE_DT,PROJECT_HASHTAG,PROJECT_MAIN_IMG,PROJECT_SUMMARY,PROJECT_AT_NM,PROJECT_AT_PF,PROJECT_AT_SNS1,PROJECT_AT_SNS2,PROJECT_AT_CONT,PROJECT_AT_EM,PROJECT_ER_DT,PROJECT_MF_DT,PROJECT_WRITER,PROJECT_CT_NO,PROJECT_ST_NO,PROJECT_COUNT,PROJECT_AT_INT,PROJECT_TOTAL) values (1660,'한살차이 - 매력적인 음색과 설렘 가득한 어쿠스틱 음악','스웩',500000,'1660_20191017111251_thumb.jpg',to_date('19/10/17','RR/MM/DD'),to_date('19/10/27','RR/MM/DD'),'해시태그, 입력, 이상하지,않아요~','DrNfeMSr3Xg','반갑스빈다',null,null,null,null,null,null,to_date('19/10/17','RR/MM/DD'),to_date('19/10/17','RR/MM/DD'),1,4,1,0,null,0);
Insert into DODREAM.PROJECT_TB (PROJECT_NO,PROJECT_TITLE,PROJECT_STITLE,PROJECT_GOAL,PROJECT_THUMB_IMG,PROJECT_START_DT,PROJECT_CLOSE_DT,PROJECT_HASHTAG,PROJECT_MAIN_IMG,PROJECT_SUMMARY,PROJECT_AT_NM,PROJECT_AT_PF,PROJECT_AT_SNS1,PROJECT_AT_SNS2,PROJECT_AT_CONT,PROJECT_AT_EM,PROJECT_ER_DT,PROJECT_MF_DT,PROJECT_WRITER,PROJECT_CT_NO,PROJECT_ST_NO,PROJECT_COUNT,PROJECT_AT_INT,PROJECT_TOTAL) values (1664,'123','213',123,'1664_20191017113531_thumb.jpg',to_date('19/10/17','RR/MM/DD'),to_date('19/10/27','RR/MM/DD'),'213123','1664_20191017113531_main.jpg','123','123','1664_20191017113531_artist.jpg','213','2133','123','123',to_date('19/10/17','RR/MM/DD'),to_date('19/10/17','RR/MM/DD'),31,2,6,0,'2133',0);
Insert into DODREAM.PROJECT_TB (PROJECT_NO,PROJECT_TITLE,PROJECT_STITLE,PROJECT_GOAL,PROJECT_THUMB_IMG,PROJECT_START_DT,PROJECT_CLOSE_DT,PROJECT_HASHTAG,PROJECT_MAIN_IMG,PROJECT_SUMMARY,PROJECT_AT_NM,PROJECT_AT_PF,PROJECT_AT_SNS1,PROJECT_AT_SNS2,PROJECT_AT_CONT,PROJECT_AT_EM,PROJECT_ER_DT,PROJECT_MF_DT,PROJECT_WRITER,PROJECT_CT_NO,PROJECT_ST_NO,PROJECT_COUNT,PROJECT_AT_INT,PROJECT_TOTAL) values (1665,null,null,null,null,null,null,null,null,null,null,null,null,null,null,null,to_date('19/10/17','RR/MM/DD'),to_date('19/10/17','RR/MM/DD'),null,null,0,0,null,0);
Insert into DODREAM.PROJECT_TB (PROJECT_NO,PROJECT_TITLE,PROJECT_STITLE,PROJECT_GOAL,PROJECT_THUMB_IMG,PROJECT_START_DT,PROJECT_CLOSE_DT,PROJECT_HASHTAG,PROJECT_MAIN_IMG,PROJECT_SUMMARY,PROJECT_AT_NM,PROJECT_AT_PF,PROJECT_AT_SNS1,PROJECT_AT_SNS2,PROJECT_AT_CONT,PROJECT_AT_EM,PROJECT_ER_DT,PROJECT_MF_DT,PROJECT_WRITER,PROJECT_CT_NO,PROJECT_ST_NO,PROJECT_COUNT,PROJECT_AT_INT,PROJECT_TOTAL) values (1666,null,null,null,null,null,null,null,null,null,null,null,null,null,null,null,to_date('19/10/17','RR/MM/DD'),to_date('19/10/17','RR/MM/DD'),null,null,0,0,null,0);
Insert into DODREAM.PROJECT_TB (PROJECT_NO,PROJECT_TITLE,PROJECT_STITLE,PROJECT_GOAL,PROJECT_THUMB_IMG,PROJECT_START_DT,PROJECT_CLOSE_DT,PROJECT_HASHTAG,PROJECT_MAIN_IMG,PROJECT_SUMMARY,PROJECT_AT_NM,PROJECT_AT_PF,PROJECT_AT_SNS1,PROJECT_AT_SNS2,PROJECT_AT_CONT,PROJECT_AT_EM,PROJECT_ER_DT,PROJECT_MF_DT,PROJECT_WRITER,PROJECT_CT_NO,PROJECT_ST_NO,PROJECT_COUNT,PROJECT_AT_INT,PROJECT_TOTAL) values (1667,'test','tset',1111,'1667_20191017114228_thumb.jpg',to_date('19/10/17','RR/MM/DD'),to_date('19/10/27','RR/MM/DD'),'tset','1667_20191017114228_main.jpg','test','test','1667_20191017114228_artist.jpg','test','test','00000000000','test',to_date('19/10/17','RR/MM/DD'),to_date('19/10/17','RR/MM/DD'),3,1,6,0,'tset',0);
Insert into DODREAM.PROJECT_TB (PROJECT_NO,PROJECT_TITLE,PROJECT_STITLE,PROJECT_GOAL,PROJECT_THUMB_IMG,PROJECT_START_DT,PROJECT_CLOSE_DT,PROJECT_HASHTAG,PROJECT_MAIN_IMG,PROJECT_SUMMARY,PROJECT_AT_NM,PROJECT_AT_PF,PROJECT_AT_SNS1,PROJECT_AT_SNS2,PROJECT_AT_CONT,PROJECT_AT_EM,PROJECT_ER_DT,PROJECT_MF_DT,PROJECT_WRITER,PROJECT_CT_NO,PROJECT_ST_NO,PROJECT_COUNT,PROJECT_AT_INT,PROJECT_TOTAL) values (1668,null,null,null,null,null,null,null,null,null,null,null,null,null,null,null,to_date('19/10/17','RR/MM/DD'),to_date('19/10/17','RR/MM/DD'),null,null,0,0,null,0);
Insert into DODREAM.PROJECT_TB (PROJECT_NO,PROJECT_TITLE,PROJECT_STITLE,PROJECT_GOAL,PROJECT_THUMB_IMG,PROJECT_START_DT,PROJECT_CLOSE_DT,PROJECT_HASHTAG,PROJECT_MAIN_IMG,PROJECT_SUMMARY,PROJECT_AT_NM,PROJECT_AT_PF,PROJECT_AT_SNS1,PROJECT_AT_SNS2,PROJECT_AT_CONT,PROJECT_AT_EM,PROJECT_ER_DT,PROJECT_MF_DT,PROJECT_WRITER,PROJECT_CT_NO,PROJECT_ST_NO,PROJECT_COUNT,PROJECT_AT_INT,PROJECT_TOTAL) values (1669,'너는 이미 펀딩하고 있다','너는 이미 펀딩하고 있다',1000,'1669_20191017115702_thumb.jpg',to_date('19/10/17','RR/MM/DD'),to_date('19/10/19','RR/MM/DD'),'너는이미 펀딩하고 있다,결제당하고싶다면,어서결제결제,켄시로,북두의권,너는이미죽어있다,결제결제,결제테스트,KB국민카드는 안됨','JvGsR0_isyg','결제의 맛을 보고싶은 당신께 강력추천하는 프로젝트!','랄랄라','1669_20191017115702_artist.jpg','없음','없음','12312341234','test@test.co.kr',to_date('19/10/17','RR/MM/DD'),to_date('19/10/17','RR/MM/DD'),109,9,7,44,'콜롬비아나 마스터',null);
Insert into DODREAM.PROJECT_TB (PROJECT_NO,PROJECT_TITLE,PROJECT_STITLE,PROJECT_GOAL,PROJECT_THUMB_IMG,PROJECT_START_DT,PROJECT_CLOSE_DT,PROJECT_HASHTAG,PROJECT_MAIN_IMG,PROJECT_SUMMARY,PROJECT_AT_NM,PROJECT_AT_PF,PROJECT_AT_SNS1,PROJECT_AT_SNS2,PROJECT_AT_CONT,PROJECT_AT_EM,PROJECT_ER_DT,PROJECT_MF_DT,PROJECT_WRITER,PROJECT_CT_NO,PROJECT_ST_NO,PROJECT_COUNT,PROJECT_AT_INT,PROJECT_TOTAL) values (1013,'K-HIPHOP 영국도전기 #2, 키모사비, U.K 라이브 투어 가다','키모사비, U.K 라이브 투어 가다',10000000,'1013_20191010212153_thumb.jpg',to_date('19/10/11','RR/MM/DD'),to_date('19/11/15','RR/MM/DD'),'키보사비,KIMOXAVI,K-HIPHOP,K-POP,영국투어,U.K 라이브투어,벅스커넥트','bH6MNaeQayA','팝의 본고장 U.K로 떠난 키모사비
<br>현지의 뜨거운 반응과 함께, 영국의 유명 음악매거진 ''뮤직 위크''가 공식 발표하는 클럽 커머셜 팝 차트에서 22위를 기록한 키모사비를 만나보세요','KIMOXAVI(키모사비)',null,'kimoxavi11','ki_moxa__vi','010-3467-5082','kimoxavi11@test.te.st',to_date('19/10/10','RR/MM/DD'),to_date('19/10/10','RR/MM/DD'),3,1,4,89,'안녕하세요 래퍼 키모사비입니다.
<br>수웩~!',440000);
Insert into DODREAM.PROJECT_TB (PROJECT_NO,PROJECT_TITLE,PROJECT_STITLE,PROJECT_GOAL,PROJECT_THUMB_IMG,PROJECT_START_DT,PROJECT_CLOSE_DT,PROJECT_HASHTAG,PROJECT_MAIN_IMG,PROJECT_SUMMARY,PROJECT_AT_NM,PROJECT_AT_PF,PROJECT_AT_SNS1,PROJECT_AT_SNS2,PROJECT_AT_CONT,PROJECT_AT_EM,PROJECT_ER_DT,PROJECT_MF_DT,PROJECT_WRITER,PROJECT_CT_NO,PROJECT_ST_NO,PROJECT_COUNT,PROJECT_AT_INT,PROJECT_TOTAL) values (1022,'달빛천사15주년기념 국내정식OST발매','풀문, 15년 후 이야기 ',33000000,'1022_20191012131423_thumb.jpg',to_date('19/10/12','RR/MM/DD'),to_date('19/10/24','RR/MM/DD'),'달빛천사, 이용신, 15주년기념앨범,OST,FULL MOON,커버앨범,김장,이자명,올보이스','1022_20191012131423_main.jpg','달빛천사의 삽입곡을 정식으로 리메이크해 2019년 새로운 달빛천사OST를 선보이고자 합니다 어린시절 달빛천사에 울고웃던 달천세대에게 추억을 일깨워주는 아름다운 선물이 될 것입니다.','올보이스(주)',null,'allV','allV','010-5000-9000','testmail@test.co.kr',to_date('19/10/12','RR/MM/DD'),to_date('19/10/12','RR/MM/DD'),109,1,4,1022,'올보이스는 국내최초 성우협회소속 성우들의 보이스 플랫폼입니다. 성우들의 목소리 직거래부터 비상업용 멘트 거래까지 모든 보이스 작업이 가능한 플랫폼입니다. 또한 170여명의 소속 성우분들과 함께 다양한 콘텐츠를 제작해 나가고 있습니다.',2000125000);
Insert into DODREAM.PROJECT_TB (PROJECT_NO,PROJECT_TITLE,PROJECT_STITLE,PROJECT_GOAL,PROJECT_THUMB_IMG,PROJECT_START_DT,PROJECT_CLOSE_DT,PROJECT_HASHTAG,PROJECT_MAIN_IMG,PROJECT_SUMMARY,PROJECT_AT_NM,PROJECT_AT_PF,PROJECT_AT_SNS1,PROJECT_AT_SNS2,PROJECT_AT_CONT,PROJECT_AT_EM,PROJECT_ER_DT,PROJECT_MF_DT,PROJECT_WRITER,PROJECT_CT_NO,PROJECT_ST_NO,PROJECT_COUNT,PROJECT_AT_INT,PROJECT_TOTAL) values (1018,'과감한뮤지컬 : Kick The Bucket','여러분의 버킷리스트는 무엇인가요? ',500000,'1018_20191010225258_thumb.jpg',to_date('19/10/11','RR/MM/DD'),to_date('19/10/21','RR/MM/DD'),'과감한 뮤지컬,킥더버킷,과감한 인생,뮤지컬,버킷리스트,Kick The Bucket','1018_20191010225258_main.jpg','여기 자살이 버킷리스트인 사람이 있습니다.
<br>버킷리스트란 목을 매달아 자살하기 전,
<br>즉 죽기 전에 해보고 싶은 것들을 적은 리스트를 말합니다.
<br>그런데 자살 자체가 버킷리스트라고..?','과감한인생',null,'testF','testI','010-5000-6000','test@test.co.kr',to_date('19/10/10','RR/MM/DD'),to_date('19/10/10','RR/MM/DD'),86,3,4,59,'안녕하세요. 과정에서 감동이오는 과감한인생입니다. 저희는 문화예술 기획 팀으로 사람들의 버킷리스트와 꿈을 함께 이뤄나가는 팀 입니다. 그리고 그 과정을 영상과 다른 콘텐츠로 제작하여 유튜브, 인스타그램, 페이스북을 통해 공유하며, 이를 통해 보다 더 많은 사람들에게 도전할 수 있는 용기와 동기를 주는것을 목표로 하고 있습니다. 많은 응원 부탁드립니다. 인생뭐있어? 과감하게!',480000);
Insert into DODREAM.PROJECT_TB (PROJECT_NO,PROJECT_TITLE,PROJECT_STITLE,PROJECT_GOAL,PROJECT_THUMB_IMG,PROJECT_START_DT,PROJECT_CLOSE_DT,PROJECT_HASHTAG,PROJECT_MAIN_IMG,PROJECT_SUMMARY,PROJECT_AT_NM,PROJECT_AT_PF,PROJECT_AT_SNS1,PROJECT_AT_SNS2,PROJECT_AT_CONT,PROJECT_AT_EM,PROJECT_ER_DT,PROJECT_MF_DT,PROJECT_WRITER,PROJECT_CT_NO,PROJECT_ST_NO,PROJECT_COUNT,PROJECT_AT_INT,PROJECT_TOTAL) values (1048,'Pieter Wispelwey(피터 비스펠베이) - 가을을 타는 당신을 위한 슈베르트 선율','가을을 타는 당신을 위한 슈베르트 선율',10000000,'1048_20191013144630_thumb.jpg',to_date('19/10/14','RR/MM/DD'),to_date('19/11/23','RR/MM/DD'),'피터 비스펠베이, Pieter Wispelwey,가을공연,슈베르트 , 첼리스트, 공연,페스티벌, 콘서트','I8vjG3D7OQ8','21세기 첼로의 거장 피터 비스펠베이가 슈베르트의 듀오 작품들을 첼로 곡으로 편곡하여 5년만에 한국을 찾아옵니다.
<br>','피터 비스펠베이','1048_20191013144630_artist.jpg','mrpeter','chelloking','010-4444-5555','peterbb@test@te.st',to_date('19/10/13','RR/MM/DD'),to_date('19/10/13','RR/MM/DD'),3,1,4,11,'반갑다 휴먼
<br>피터 비스펠베이다 첼로들으러 와',0);
Insert into DODREAM.PROJECT_TB (PROJECT_NO,PROJECT_TITLE,PROJECT_STITLE,PROJECT_GOAL,PROJECT_THUMB_IMG,PROJECT_START_DT,PROJECT_CLOSE_DT,PROJECT_HASHTAG,PROJECT_MAIN_IMG,PROJECT_SUMMARY,PROJECT_AT_NM,PROJECT_AT_PF,PROJECT_AT_SNS1,PROJECT_AT_SNS2,PROJECT_AT_CONT,PROJECT_AT_EM,PROJECT_ER_DT,PROJECT_MF_DT,PROJECT_WRITER,PROJECT_CT_NO,PROJECT_ST_NO,PROJECT_COUNT,PROJECT_AT_INT,PROJECT_TOTAL) values (1054,'2019 윤종신 콘서트 ''이방인''- 김필 X 천단비 두 남녀가 전하는 버티는 이별에 대한 노래','김필 X 천단비 두 남녀가 전하는 버티는 이별에 대한 노래1',10000000,'1054_20191013150855_thumb.jpg',to_date('19/10/16','RR/MM/DD'),to_date('19/10/26','RR/MM/DD'),'2019윤종신콘서트, 윤종신, 이방인, 김필, 천단비, 발라드','-B3HvFhHsIM?t=19','가장 현실적이기에 가장 아픈 윤종신표 이별 발라드.
<br>2019 윤종신 8월호 ‘이별하긴 하겠지’가 공개되었습니다.
<br>1','윤종신1','1054_20191013150855_artist.png','jonggod','yoonjonggod','010-2211-3344','yoonjongsin@test.te.st',to_date('19/10/15','RR/MM/DD'),to_date('19/10/15','RR/MM/DD'),3,1,4,3505,'가수 겸 제작자 윤종신입니다.
<br>반가워요~!',9280000);
Insert into DODREAM.PROJECT_TB (PROJECT_NO,PROJECT_TITLE,PROJECT_STITLE,PROJECT_GOAL,PROJECT_THUMB_IMG,PROJECT_START_DT,PROJECT_CLOSE_DT,PROJECT_HASHTAG,PROJECT_MAIN_IMG,PROJECT_SUMMARY,PROJECT_AT_NM,PROJECT_AT_PF,PROJECT_AT_SNS1,PROJECT_AT_SNS2,PROJECT_AT_CONT,PROJECT_AT_EM,PROJECT_ER_DT,PROJECT_MF_DT,PROJECT_WRITER,PROJECT_CT_NO,PROJECT_ST_NO,PROJECT_COUNT,PROJECT_AT_INT,PROJECT_TOTAL) values (1577,'나의기록을책으로 프로젝트','네이야기를들려줘 기획전 파트너와 함께합니다.',1000000,'1577_20191016201615_thumb.PNG',to_date('19/10/16','RR/MM/DD'),to_date('19/10/26','RR/MM/DD'),'나의기록을책으로 프로젝트,내책,내책,프로젝트','1577_20191016201615_main.PNG','100명 이상의 개인 출판 작가와 함께한 ''노마드로그'' 2년간 모아 온 ''나의 기록을 한 권의 책으로'' 만드는 방법을 담은 책을 만들어 더 많은 사람들에게 전달하고 싶습니다.','노마드로그','1577_20191016201615_artist.png','노마드로그','노마드로그','010-2222-3333','노마드로그',to_date('19/10/16','RR/MM/DD'),to_date('19/10/16','RR/MM/DD'),120,9,3,0,'노마드로그',0);
Insert into DODREAM.PROJECT_TB (PROJECT_NO,PROJECT_TITLE,PROJECT_STITLE,PROJECT_GOAL,PROJECT_THUMB_IMG,PROJECT_START_DT,PROJECT_CLOSE_DT,PROJECT_HASHTAG,PROJECT_MAIN_IMG,PROJECT_SUMMARY,PROJECT_AT_NM,PROJECT_AT_PF,PROJECT_AT_SNS1,PROJECT_AT_SNS2,PROJECT_AT_CONT,PROJECT_AT_EM,PROJECT_ER_DT,PROJECT_MF_DT,PROJECT_WRITER,PROJECT_CT_NO,PROJECT_ST_NO,PROJECT_COUNT,PROJECT_AT_INT,PROJECT_TOTAL) values (1613,null,null,null,null,null,null,null,null,null,null,null,null,null,null,null,to_date('19/10/16','RR/MM/DD'),to_date('19/10/16','RR/MM/DD'),null,null,0,0,null,0);
Insert into DODREAM.PROJECT_TB (PROJECT_NO,PROJECT_TITLE,PROJECT_STITLE,PROJECT_GOAL,PROJECT_THUMB_IMG,PROJECT_START_DT,PROJECT_CLOSE_DT,PROJECT_HASHTAG,PROJECT_MAIN_IMG,PROJECT_SUMMARY,PROJECT_AT_NM,PROJECT_AT_PF,PROJECT_AT_SNS1,PROJECT_AT_SNS2,PROJECT_AT_CONT,PROJECT_AT_EM,PROJECT_ER_DT,PROJECT_MF_DT,PROJECT_WRITER,PROJECT_CT_NO,PROJECT_ST_NO,PROJECT_COUNT,PROJECT_AT_INT,PROJECT_TOTAL) values (1614,null,null,null,null,null,null,null,null,null,null,null,null,null,null,null,to_date('19/10/16','RR/MM/DD'),to_date('19/10/16','RR/MM/DD'),null,null,0,0,null,0);
Insert into DODREAM.PROJECT_TB (PROJECT_NO,PROJECT_TITLE,PROJECT_STITLE,PROJECT_GOAL,PROJECT_THUMB_IMG,PROJECT_START_DT,PROJECT_CLOSE_DT,PROJECT_HASHTAG,PROJECT_MAIN_IMG,PROJECT_SUMMARY,PROJECT_AT_NM,PROJECT_AT_PF,PROJECT_AT_SNS1,PROJECT_AT_SNS2,PROJECT_AT_CONT,PROJECT_AT_EM,PROJECT_ER_DT,PROJECT_MF_DT,PROJECT_WRITER,PROJECT_CT_NO,PROJECT_ST_NO,PROJECT_COUNT,PROJECT_AT_INT,PROJECT_TOTAL) values (1615,null,null,null,null,null,null,null,null,null,null,null,null,null,null,null,to_date('19/10/16','RR/MM/DD'),to_date('19/10/16','RR/MM/DD'),null,null,0,0,null,0);
Insert into DODREAM.PROJECT_TB (PROJECT_NO,PROJECT_TITLE,PROJECT_STITLE,PROJECT_GOAL,PROJECT_THUMB_IMG,PROJECT_START_DT,PROJECT_CLOSE_DT,PROJECT_HASHTAG,PROJECT_MAIN_IMG,PROJECT_SUMMARY,PROJECT_AT_NM,PROJECT_AT_PF,PROJECT_AT_SNS1,PROJECT_AT_SNS2,PROJECT_AT_CONT,PROJECT_AT_EM,PROJECT_ER_DT,PROJECT_MF_DT,PROJECT_WRITER,PROJECT_CT_NO,PROJECT_ST_NO,PROJECT_COUNT,PROJECT_AT_INT,PROJECT_TOTAL) values (1616,null,null,null,null,null,null,null,null,null,null,null,null,null,null,null,to_date('19/10/16','RR/MM/DD'),to_date('19/10/16','RR/MM/DD'),null,null,0,0,null,0);
Insert into DODREAM.PROJECT_TB (PROJECT_NO,PROJECT_TITLE,PROJECT_STITLE,PROJECT_GOAL,PROJECT_THUMB_IMG,PROJECT_START_DT,PROJECT_CLOSE_DT,PROJECT_HASHTAG,PROJECT_MAIN_IMG,PROJECT_SUMMARY,PROJECT_AT_NM,PROJECT_AT_PF,PROJECT_AT_SNS1,PROJECT_AT_SNS2,PROJECT_AT_CONT,PROJECT_AT_EM,PROJECT_ER_DT,PROJECT_MF_DT,PROJECT_WRITER,PROJECT_CT_NO,PROJECT_ST_NO,PROJECT_COUNT,PROJECT_AT_INT,PROJECT_TOTAL) values (1617,null,null,null,null,null,null,null,null,null,null,null,null,null,null,null,to_date('19/10/16','RR/MM/DD'),to_date('19/10/16','RR/MM/DD'),null,null,0,0,null,0);
Insert into DODREAM.PROJECT_TB (PROJECT_NO,PROJECT_TITLE,PROJECT_STITLE,PROJECT_GOAL,PROJECT_THUMB_IMG,PROJECT_START_DT,PROJECT_CLOSE_DT,PROJECT_HASHTAG,PROJECT_MAIN_IMG,PROJECT_SUMMARY,PROJECT_AT_NM,PROJECT_AT_PF,PROJECT_AT_SNS1,PROJECT_AT_SNS2,PROJECT_AT_CONT,PROJECT_AT_EM,PROJECT_ER_DT,PROJECT_MF_DT,PROJECT_WRITER,PROJECT_CT_NO,PROJECT_ST_NO,PROJECT_COUNT,PROJECT_AT_INT,PROJECT_TOTAL) values (1618,null,null,null,null,null,null,null,null,null,null,null,null,null,null,null,to_date('19/10/16','RR/MM/DD'),to_date('19/10/16','RR/MM/DD'),null,null,0,0,null,0);
Insert into DODREAM.PROJECT_TB (PROJECT_NO,PROJECT_TITLE,PROJECT_STITLE,PROJECT_GOAL,PROJECT_THUMB_IMG,PROJECT_START_DT,PROJECT_CLOSE_DT,PROJECT_HASHTAG,PROJECT_MAIN_IMG,PROJECT_SUMMARY,PROJECT_AT_NM,PROJECT_AT_PF,PROJECT_AT_SNS1,PROJECT_AT_SNS2,PROJECT_AT_CONT,PROJECT_AT_EM,PROJECT_ER_DT,PROJECT_MF_DT,PROJECT_WRITER,PROJECT_CT_NO,PROJECT_ST_NO,PROJECT_COUNT,PROJECT_AT_INT,PROJECT_TOTAL) values (1611,'크라잉넛과 함께하는 주크박스 뮤지컬','크라잉 넛과 함께 하는 주크박스 뮤지컬  ‘알랑가 모르겄SHOW’ 그 웃기지도 않는 이야기!',12000000,'1611_20191016203034_thumb.jpg',to_date('19/10/16','RR/MM/DD'),to_date('19/11/30','RR/MM/DD'),'크라잉넛, 주크박스 뮤지컬,  알랑가모르것SHOW, 상상캠퍼스, 웃기지도 않는 이야기','1611_20191016203034_main.jpg','- 크라잉 넛과 함께 하는 주크박스 뮤지컬
<br> ‘알랑가 모르겄SHOW’ 그 웃기지도 않는 이야기!
<br>가수의 꿈을 가지고 있는 용왕의 아들 빨대맨,
<br>하지만 아버지인 용왕의 반대로 기억을 잃은 채 육지로 쫓겨나게 된다.
<br>결국 한 순간에 모든 것을 잃고 육지를 방랑하던 빨대맨은 우연한 계기로 서커스매직유랑단을 만나게 되고 그들과 함께 유랑한다.
<br>
<br>서커스단의 가수가 된 빨대맨. 그 곳에서 기생 ‘양귀비’를 만나 사랑에 빠진다.
<br>하지만 양귀비는 어떠한 구실로 인해 ''나쁜 놈''과 그의 무리들에게 괴롭힘을 당하고
<br>이 사실을 알게 된 빨대맨은 양귀비와 도망을 꾀한다.
<br>
<br>결국, 도망을 결심하는 두 사람.
<br>하지만 이 사랑의 도피는 서커스단의 밀고로 인해 얼마 가지 못하게 되는데....!!','크라잉넛','1611_20191016203034_artist.jpg','cryingnut','cryingnut','010-3467-5082','cryingnut@kh.co.kr',to_date('19/10/16','RR/MM/DD'),to_date('19/10/16','RR/MM/DD'),79,1,4,4,'나무가 사라져간 산길 주인 없는 바다
<br>그래도 좋지 아니한가',0);
Insert into DODREAM.PROJECT_TB (PROJECT_NO,PROJECT_TITLE,PROJECT_STITLE,PROJECT_GOAL,PROJECT_THUMB_IMG,PROJECT_START_DT,PROJECT_CLOSE_DT,PROJECT_HASHTAG,PROJECT_MAIN_IMG,PROJECT_SUMMARY,PROJECT_AT_NM,PROJECT_AT_PF,PROJECT_AT_SNS1,PROJECT_AT_SNS2,PROJECT_AT_CONT,PROJECT_AT_EM,PROJECT_ER_DT,PROJECT_MF_DT,PROJECT_WRITER,PROJECT_CT_NO,PROJECT_ST_NO,PROJECT_COUNT,PROJECT_AT_INT,PROJECT_TOTAL) values (1619,'[팝아트]사랑하는 얼굴을 캔버스로 간직하세요! 크리스마스 전시도 합니다!','[팝아트]사랑하는 얼굴을 캔버스로 간직하세요! 크리스마스 전시도 합니다!',2000000,'1619_20191016205703_thumb.png',to_date('19/10/17','RR/MM/DD'),to_date('19/10/27','RR/MM/DD'),'팝아트,크리스마스,사랑하는얼굴,캔버스','1619_20191016205703_main.png','[팝아트]사랑하는 얼굴을 캔버스로 간직하세요! 크리스마스 전시도 합니다!','릭킴 Rickk','1619_20191016205703_artist.png','없음','없음','010-0000-0000','testr@test.co.kr',to_date('19/10/16','RR/MM/DD'),to_date('19/10/16','RR/MM/DD'),3,4,4,14,'안녕하세요. 저는 그래픽 아티스트 겸 프로젝트 디자이너로 전시와 기업 콜라보레이션 등의 활동을 하고 있는 "릭킴(Rickk)"이라고 합니다.',494500);
Insert into DODREAM.PROJECT_TB (PROJECT_NO,PROJECT_TITLE,PROJECT_STITLE,PROJECT_GOAL,PROJECT_THUMB_IMG,PROJECT_START_DT,PROJECT_CLOSE_DT,PROJECT_HASHTAG,PROJECT_MAIN_IMG,PROJECT_SUMMARY,PROJECT_AT_NM,PROJECT_AT_PF,PROJECT_AT_SNS1,PROJECT_AT_SNS2,PROJECT_AT_CONT,PROJECT_AT_EM,PROJECT_ER_DT,PROJECT_MF_DT,PROJECT_WRITER,PROJECT_CT_NO,PROJECT_ST_NO,PROJECT_COUNT,PROJECT_AT_INT,PROJECT_TOTAL) values (1620,'Someday Festival 2019 설레는 어느 멋진날','당신의 감성을 채워줄 단 하나의 뮤직 페스티벌, Someday Festival 2019',1500000,'1620_20191016210246_thumb.png',to_date('19/10/16','RR/MM/DD'),to_date('19/10/26','RR/MM/DD'),'Someday Festival 2019, 설레는 어느 멋진 날, 음악, 공연, 페스티벌, 난지 한강공원','1620_20191016210246_main.png','음악에 진심을 더하고, 힘들고 지친 일상 속에서 스트레스는 빼내어 당신과 아름다운 추억을 나누려 합니다.
<br>당신의 감성을 채워줄 단 하나의 뮤직 페스티벌, Someday Festival 2019에 두드림 가족 여러분을 초대합니다!','Someday Festival','1620_20191016210246_artist.png','없음','없음','010-3467-5082','somedayfestival@kh.or.kr',to_date('19/10/16','RR/MM/DD'),to_date('19/10/16','RR/MM/DD'),79,1,4,6,'2019 Someday Festival',0);
Insert into DODREAM.PROJECT_TB (PROJECT_NO,PROJECT_TITLE,PROJECT_STITLE,PROJECT_GOAL,PROJECT_THUMB_IMG,PROJECT_START_DT,PROJECT_CLOSE_DT,PROJECT_HASHTAG,PROJECT_MAIN_IMG,PROJECT_SUMMARY,PROJECT_AT_NM,PROJECT_AT_PF,PROJECT_AT_SNS1,PROJECT_AT_SNS2,PROJECT_AT_CONT,PROJECT_AT_EM,PROJECT_ER_DT,PROJECT_MF_DT,PROJECT_WRITER,PROJECT_CT_NO,PROJECT_ST_NO,PROJECT_COUNT,PROJECT_AT_INT,PROJECT_TOTAL) values (1621,'웨지의 <꽃피우다> 일러스트북','웨지의 <꽃피우다> 일러스트북',3000000,'1621_20191016210535_thumb.jpg',to_date('19/10/17','RR/MM/DD'),to_date('19/10/27','RR/MM/DD'),'일러스트북,꽃피우다,웨지','1621_20191016210535_main.jpg','웨지의 <꽃피우다> 일러스트북','웨지','1621_20191016210535_artist.jpg','없음','없음','010-7777-7777','testw@test.co.kr',to_date('19/10/16','RR/MM/DD'),to_date('19/10/16','RR/MM/DD'),3,4,4,27,'안녕하세요, 일러스트레이터 웨지입니다. 꽃과 소녀를 소재로 동화적이고 때로는 몽환적인 이야기를 담아낸 일러스트를 그립니다.',1984000);
Insert into DODREAM.PROJECT_TB (PROJECT_NO,PROJECT_TITLE,PROJECT_STITLE,PROJECT_GOAL,PROJECT_THUMB_IMG,PROJECT_START_DT,PROJECT_CLOSE_DT,PROJECT_HASHTAG,PROJECT_MAIN_IMG,PROJECT_SUMMARY,PROJECT_AT_NM,PROJECT_AT_PF,PROJECT_AT_SNS1,PROJECT_AT_SNS2,PROJECT_AT_CONT,PROJECT_AT_EM,PROJECT_ER_DT,PROJECT_MF_DT,PROJECT_WRITER,PROJECT_CT_NO,PROJECT_ST_NO,PROJECT_COUNT,PROJECT_AT_INT,PROJECT_TOTAL) values (1170,'연극<철수와 영희> 도시를 떠나 여행을 하다','이야기의 힘은 사람을 뭉치게 할 수도 또는 흩어지게 할 수도 있습니다.',500000,'1170_20191014110026_thumb.jpg',to_date('19/10/14','RR/MM/DD'),to_date('19/10/30','RR/MM/DD'),'연극,철수와 영희,김현민,윤초희,박정현','1170_20191014110026_main.jpg','1001일 동안 재미있는 이야기로 폭군을 멈추게 한 세헤라자데. 이야기의 힘은 사람을 뭉치게 할 수도 또는 흩어지게 할 수도 있습니다.','박정현','1170_20191014110026_artist.png','faceB','inSTAR','010-5555-5666','test3@test.co.kr',to_date('19/10/14','RR/MM/DD'),to_date('19/10/14','RR/MM/DD'),17,3,4,23,'박민준(필명) 데뷔 : 2014년 오페라 <피가로의 결혼> 배우 및 조연출 - 영산아트홀오페라 <아이다1963> 배우 - 예술의전당 오페라극장2015년 오페라 <리골레토> 배우 - 영산아트홀2018년 연극 <햄릿-The Actor> 조연출낭독공연 <지금까지의 회고18 앞으로 의 전망 19> 기획 및 연출 2019년연극 <작은 할머니> 배우 - 공간아울,소극장커튼콜생활연극협회 전국단막극공모대회 <통닭> 작,연출,출연연극 <햄릿-The Actor> 조연출 - 대학로예술극장 대극장',-300000);
Insert into DODREAM.PROJECT_TB (PROJECT_NO,PROJECT_TITLE,PROJECT_STITLE,PROJECT_GOAL,PROJECT_THUMB_IMG,PROJECT_START_DT,PROJECT_CLOSE_DT,PROJECT_HASHTAG,PROJECT_MAIN_IMG,PROJECT_SUMMARY,PROJECT_AT_NM,PROJECT_AT_PF,PROJECT_AT_SNS1,PROJECT_AT_SNS2,PROJECT_AT_CONT,PROJECT_AT_EM,PROJECT_ER_DT,PROJECT_MF_DT,PROJECT_WRITER,PROJECT_CT_NO,PROJECT_ST_NO,PROJECT_COUNT,PROJECT_AT_INT,PROJECT_TOTAL) values (1140,'카즈미 타테이시 트리오 - 지브리, 재즈를 만나다 & 크리스마스, 재즈를 만나다','지브리, 재즈를 만나다 & 크리스마스, 재즈를 만나다',8000000,'1140_20191014092709_thumb.jpg',to_date('19/10/15','RR/MM/DD'),to_date('19/10/25','RR/MM/DD'),'카지므 타테이시 트리오, 내한공연, 재즈, 크리스마스, 하울의 움직이는 성, 이웃집 토토로','1140_20191014170248_main.jpg','하울의 움직이는 성 
<br> 갸악 갸악
<br>ggㅎㅎㅎ',null,null,null,null,null,null,to_date('19/10/15','RR/MM/DD'),to_date('19/10/15','RR/MM/DD'),3,1,1,0,null,0);
Insert into DODREAM.PROJECT_TB (PROJECT_NO,PROJECT_TITLE,PROJECT_STITLE,PROJECT_GOAL,PROJECT_THUMB_IMG,PROJECT_START_DT,PROJECT_CLOSE_DT,PROJECT_HASHTAG,PROJECT_MAIN_IMG,PROJECT_SUMMARY,PROJECT_AT_NM,PROJECT_AT_PF,PROJECT_AT_SNS1,PROJECT_AT_SNS2,PROJECT_AT_CONT,PROJECT_AT_EM,PROJECT_ER_DT,PROJECT_MF_DT,PROJECT_WRITER,PROJECT_CT_NO,PROJECT_ST_NO,PROJECT_COUNT,PROJECT_AT_INT,PROJECT_TOTAL) values (1622,'전문적인 냥이 지식을 쉽게 만화로 보여주는 ''2020달력''','전문적인 냥이 지식을 쉽게 만화로 보여주는 ''2020달력''',500000,'1622_20191016211934_thumb.jpg',to_date('19/10/17','RR/MM/DD'),to_date('19/10/27','RR/MM/DD'),'냥이,만화,일러스트레이션','1622_20191016211934_main.jpg','안녕하세요! ''고양이 그림 공부''의 첫 프로젝트, ''고양이 달력''입니다.','고양이그림공부 - 고그공','1622_20191016211934_artist.jpg','없음','없음','010-7788-8888','testc@test.co.kr',to_date('19/10/16','RR/MM/DD'),to_date('19/10/16','RR/MM/DD'),17,4,4,4,'수의사님들과 전문 서적들의 자문을 받아 고양이에 대한 전문지식을 재밌게 그려내는 서울대학교 수의학도입니다.',0);
Insert into DODREAM.PROJECT_TB (PROJECT_NO,PROJECT_TITLE,PROJECT_STITLE,PROJECT_GOAL,PROJECT_THUMB_IMG,PROJECT_START_DT,PROJECT_CLOSE_DT,PROJECT_HASHTAG,PROJECT_MAIN_IMG,PROJECT_SUMMARY,PROJECT_AT_NM,PROJECT_AT_PF,PROJECT_AT_SNS1,PROJECT_AT_SNS2,PROJECT_AT_CONT,PROJECT_AT_EM,PROJECT_ER_DT,PROJECT_MF_DT,PROJECT_WRITER,PROJECT_CT_NO,PROJECT_ST_NO,PROJECT_COUNT,PROJECT_AT_INT,PROJECT_TOTAL) values (1623,null,null,null,null,null,null,null,null,null,null,null,null,null,null,null,to_date('19/10/16','RR/MM/DD'),to_date('19/10/16','RR/MM/DD'),null,null,0,0,null,0);
Insert into DODREAM.PROJECT_TB (PROJECT_NO,PROJECT_TITLE,PROJECT_STITLE,PROJECT_GOAL,PROJECT_THUMB_IMG,PROJECT_START_DT,PROJECT_CLOSE_DT,PROJECT_HASHTAG,PROJECT_MAIN_IMG,PROJECT_SUMMARY,PROJECT_AT_NM,PROJECT_AT_PF,PROJECT_AT_SNS1,PROJECT_AT_SNS2,PROJECT_AT_CONT,PROJECT_AT_EM,PROJECT_ER_DT,PROJECT_MF_DT,PROJECT_WRITER,PROJECT_CT_NO,PROJECT_ST_NO,PROJECT_COUNT,PROJECT_AT_INT,PROJECT_TOTAL) values (1624,null,null,null,null,null,null,null,null,null,null,null,null,null,null,null,to_date('19/10/17','RR/MM/DD'),to_date('19/10/17','RR/MM/DD'),null,null,0,0,null,0);
Insert into DODREAM.PROJECT_TB (PROJECT_NO,PROJECT_TITLE,PROJECT_STITLE,PROJECT_GOAL,PROJECT_THUMB_IMG,PROJECT_START_DT,PROJECT_CLOSE_DT,PROJECT_HASHTAG,PROJECT_MAIN_IMG,PROJECT_SUMMARY,PROJECT_AT_NM,PROJECT_AT_PF,PROJECT_AT_SNS1,PROJECT_AT_SNS2,PROJECT_AT_CONT,PROJECT_AT_EM,PROJECT_ER_DT,PROJECT_MF_DT,PROJECT_WRITER,PROJECT_CT_NO,PROJECT_ST_NO,PROJECT_COUNT,PROJECT_AT_INT,PROJECT_TOTAL) values (1625,null,null,null,null,null,null,null,null,null,null,null,null,null,null,null,to_date('19/10/17','RR/MM/DD'),to_date('19/10/17','RR/MM/DD'),null,null,0,0,null,0);
Insert into DODREAM.PROJECT_TB (PROJECT_NO,PROJECT_TITLE,PROJECT_STITLE,PROJECT_GOAL,PROJECT_THUMB_IMG,PROJECT_START_DT,PROJECT_CLOSE_DT,PROJECT_HASHTAG,PROJECT_MAIN_IMG,PROJECT_SUMMARY,PROJECT_AT_NM,PROJECT_AT_PF,PROJECT_AT_SNS1,PROJECT_AT_SNS2,PROJECT_AT_CONT,PROJECT_AT_EM,PROJECT_ER_DT,PROJECT_MF_DT,PROJECT_WRITER,PROJECT_CT_NO,PROJECT_ST_NO,PROJECT_COUNT,PROJECT_AT_INT,PROJECT_TOTAL) values (1626,null,null,null,null,null,null,null,null,null,null,null,null,null,null,null,to_date('19/10/17','RR/MM/DD'),to_date('19/10/17','RR/MM/DD'),null,null,0,0,null,0);
Insert into DODREAM.PROJECT_TB (PROJECT_NO,PROJECT_TITLE,PROJECT_STITLE,PROJECT_GOAL,PROJECT_THUMB_IMG,PROJECT_START_DT,PROJECT_CLOSE_DT,PROJECT_HASHTAG,PROJECT_MAIN_IMG,PROJECT_SUMMARY,PROJECT_AT_NM,PROJECT_AT_PF,PROJECT_AT_SNS1,PROJECT_AT_SNS2,PROJECT_AT_CONT,PROJECT_AT_EM,PROJECT_ER_DT,PROJECT_MF_DT,PROJECT_WRITER,PROJECT_CT_NO,PROJECT_ST_NO,PROJECT_COUNT,PROJECT_AT_INT,PROJECT_TOTAL) values (1627,null,null,null,null,null,null,null,null,null,null,null,null,null,null,null,to_date('19/10/17','RR/MM/DD'),to_date('19/10/17','RR/MM/DD'),null,null,0,0,null,0);
Insert into DODREAM.PROJECT_TB (PROJECT_NO,PROJECT_TITLE,PROJECT_STITLE,PROJECT_GOAL,PROJECT_THUMB_IMG,PROJECT_START_DT,PROJECT_CLOSE_DT,PROJECT_HASHTAG,PROJECT_MAIN_IMG,PROJECT_SUMMARY,PROJECT_AT_NM,PROJECT_AT_PF,PROJECT_AT_SNS1,PROJECT_AT_SNS2,PROJECT_AT_CONT,PROJECT_AT_EM,PROJECT_ER_DT,PROJECT_MF_DT,PROJECT_WRITER,PROJECT_CT_NO,PROJECT_ST_NO,PROJECT_COUNT,PROJECT_AT_INT,PROJECT_TOTAL) values (1628,null,null,null,null,null,null,null,null,null,null,null,null,null,null,null,to_date('19/10/17','RR/MM/DD'),to_date('19/10/17','RR/MM/DD'),null,null,0,0,null,0);
Insert into DODREAM.PROJECT_TB (PROJECT_NO,PROJECT_TITLE,PROJECT_STITLE,PROJECT_GOAL,PROJECT_THUMB_IMG,PROJECT_START_DT,PROJECT_CLOSE_DT,PROJECT_HASHTAG,PROJECT_MAIN_IMG,PROJECT_SUMMARY,PROJECT_AT_NM,PROJECT_AT_PF,PROJECT_AT_SNS1,PROJECT_AT_SNS2,PROJECT_AT_CONT,PROJECT_AT_EM,PROJECT_ER_DT,PROJECT_MF_DT,PROJECT_WRITER,PROJECT_CT_NO,PROJECT_ST_NO,PROJECT_COUNT,PROJECT_AT_INT,PROJECT_TOTAL) values (1629,null,null,null,null,null,null,null,null,null,null,null,null,null,null,null,to_date('19/10/17','RR/MM/DD'),to_date('19/10/17','RR/MM/DD'),null,null,0,0,null,0);
Insert into DODREAM.PROJECT_TB (PROJECT_NO,PROJECT_TITLE,PROJECT_STITLE,PROJECT_GOAL,PROJECT_THUMB_IMG,PROJECT_START_DT,PROJECT_CLOSE_DT,PROJECT_HASHTAG,PROJECT_MAIN_IMG,PROJECT_SUMMARY,PROJECT_AT_NM,PROJECT_AT_PF,PROJECT_AT_SNS1,PROJECT_AT_SNS2,PROJECT_AT_CONT,PROJECT_AT_EM,PROJECT_ER_DT,PROJECT_MF_DT,PROJECT_WRITER,PROJECT_CT_NO,PROJECT_ST_NO,PROJECT_COUNT,PROJECT_AT_INT,PROJECT_TOTAL) values (1630,'레이디스 코드 - [CODE#03 SET ME FREE] 재킷 촬영 현장 최초 공개!','레이디스 코드 - [CODE#03 SET ME FREE] 재킷 촬영 현장 최초 공개!',2500000,'1630_20191017093117_thumb.jpg',to_date('19/10/17','RR/MM/DD'),to_date('19/10/27','RR/MM/DD'),'레이디스코드, SET ME FREE, CODE03, 재킷촬영현장,이벤트','loHbu4m5YfQ','LADIES'' CODE(레이디스 코드) - SET ME FREE
<br>
<br>LADIES'' CODE''s New Mini Album [CODE#03 SET ME FREE]','레이디스 코드','1630_20191017093117_artist.jpg','없음','없음','010-3467-5082','ladycode@kh.or.kr',to_date('19/10/17','RR/MM/DD'),to_date('19/10/17','RR/MM/DD'),1,1,4,2,'레이디스 코드입니다
<br>[CODE#03 SET ME FREE]',0);
Insert into DODREAM.PROJECT_TB (PROJECT_NO,PROJECT_TITLE,PROJECT_STITLE,PROJECT_GOAL,PROJECT_THUMB_IMG,PROJECT_START_DT,PROJECT_CLOSE_DT,PROJECT_HASHTAG,PROJECT_MAIN_IMG,PROJECT_SUMMARY,PROJECT_AT_NM,PROJECT_AT_PF,PROJECT_AT_SNS1,PROJECT_AT_SNS2,PROJECT_AT_CONT,PROJECT_AT_EM,PROJECT_ER_DT,PROJECT_MF_DT,PROJECT_WRITER,PROJECT_CT_NO,PROJECT_ST_NO,PROJECT_COUNT,PROJECT_AT_INT,PROJECT_TOTAL) values (1631,'웃는 고래, 귀여운 상괭이 뱃지 ''상괭스''','웃는 고래, 귀여운 상괭이 뱃지 ''상괭스''',600000,'1631_20191017094402_thumb.jpg',to_date('19/10/17','RR/MM/DD'),to_date('19/11/16','RR/MM/DD'),'상괭이,웃는고래,일러스트레이션','1631_20191017094402_main.jpg','웃는 고래, 귀여운 상괭이 뱃지 ''상괭스''','JD STUDIO','1631_20191017094402_artist.jpg','없음','없음','01055555555','testj@test.co.kr',to_date('19/10/17','RR/MM/DD'),to_date('19/10/17','RR/MM/DD'),17,4,4,6,'JD STUDIO는 2명의 일러스트레이터로 이루어진 디자인 팀입니다.',0);
Insert into DODREAM.PROJECT_TB (PROJECT_NO,PROJECT_TITLE,PROJECT_STITLE,PROJECT_GOAL,PROJECT_THUMB_IMG,PROJECT_START_DT,PROJECT_CLOSE_DT,PROJECT_HASHTAG,PROJECT_MAIN_IMG,PROJECT_SUMMARY,PROJECT_AT_NM,PROJECT_AT_PF,PROJECT_AT_SNS1,PROJECT_AT_SNS2,PROJECT_AT_CONT,PROJECT_AT_EM,PROJECT_ER_DT,PROJECT_MF_DT,PROJECT_WRITER,PROJECT_CT_NO,PROJECT_ST_NO,PROJECT_COUNT,PROJECT_AT_INT,PROJECT_TOTAL) values (1632,null,null,null,null,null,null,null,null,null,null,null,null,null,null,null,to_date('19/10/17','RR/MM/DD'),to_date('19/10/17','RR/MM/DD'),null,null,0,0,null,0);
Insert into DODREAM.PROJECT_TB (PROJECT_NO,PROJECT_TITLE,PROJECT_STITLE,PROJECT_GOAL,PROJECT_THUMB_IMG,PROJECT_START_DT,PROJECT_CLOSE_DT,PROJECT_HASHTAG,PROJECT_MAIN_IMG,PROJECT_SUMMARY,PROJECT_AT_NM,PROJECT_AT_PF,PROJECT_AT_SNS1,PROJECT_AT_SNS2,PROJECT_AT_CONT,PROJECT_AT_EM,PROJECT_ER_DT,PROJECT_MF_DT,PROJECT_WRITER,PROJECT_CT_NO,PROJECT_ST_NO,PROJECT_COUNT,PROJECT_AT_INT,PROJECT_TOTAL) values (1633,null,null,null,null,null,null,null,null,null,null,null,null,null,null,null,to_date('19/10/17','RR/MM/DD'),to_date('19/10/17','RR/MM/DD'),null,null,0,0,null,0);
Insert into DODREAM.PROJECT_TB (PROJECT_NO,PROJECT_TITLE,PROJECT_STITLE,PROJECT_GOAL,PROJECT_THUMB_IMG,PROJECT_START_DT,PROJECT_CLOSE_DT,PROJECT_HASHTAG,PROJECT_MAIN_IMG,PROJECT_SUMMARY,PROJECT_AT_NM,PROJECT_AT_PF,PROJECT_AT_SNS1,PROJECT_AT_SNS2,PROJECT_AT_CONT,PROJECT_AT_EM,PROJECT_ER_DT,PROJECT_MF_DT,PROJECT_WRITER,PROJECT_CT_NO,PROJECT_ST_NO,PROJECT_COUNT,PROJECT_AT_INT,PROJECT_TOTAL) values (1634,'테스트','청춘의 정서를 안고 달리는 밴드, ADOY(아도이)',10000000,'1634_20191017113138_thumb.jpg',to_date('19/10/17','RR/MM/DD'),to_date('19/10/27','RR/MM/DD'),'ADOY,아도이,ADOY Drive Vol.1, 콘서트','RN3EqcJfR5c','음악은 소리없는 배경에 모든 색깔을 입혀 준다.
<br>우리의 지금을 좀 더 활력 있고, 생생하게 만들어 준다.
<br>그렇게 음악은 즐거운 배경이 되기도, 나만 아는 비밀이 되기도 한다.
<br>마치 기분 좋은 드라이브처럼.','ADOY(아도이)','1634_20191017094520_artist.jpg','없음','없음','01034675082','adoy@kh.or.kr',to_date('19/10/17','RR/MM/DD'),to_date('19/10/17','RR/MM/DD'),79,1,1,0,'ADOY
<br>',0);
Insert into DODREAM.PROJECT_TB (PROJECT_NO,PROJECT_TITLE,PROJECT_STITLE,PROJECT_GOAL,PROJECT_THUMB_IMG,PROJECT_START_DT,PROJECT_CLOSE_DT,PROJECT_HASHTAG,PROJECT_MAIN_IMG,PROJECT_SUMMARY,PROJECT_AT_NM,PROJECT_AT_PF,PROJECT_AT_SNS1,PROJECT_AT_SNS2,PROJECT_AT_CONT,PROJECT_AT_EM,PROJECT_ER_DT,PROJECT_MF_DT,PROJECT_WRITER,PROJECT_CT_NO,PROJECT_ST_NO,PROJECT_COUNT,PROJECT_AT_INT,PROJECT_TOTAL) values (1635,'Last chance to see 멸종위기동물 엽서북+굿즈','Last chance to see 멸종위기동물 엽서북+굿즈',1000000,'1635_20191017095823_thumb.jpg',to_date('19/10/17','RR/MM/DD'),to_date('19/12/06','RR/MM/DD'),'멸종위기동물,일러스트레이션,엽서','1635_20191017095823_main.jpg','안녕하세요. 꿈날다입니다. 저는 그래픽 디자이너 겸 일러스트레이터로, 제가 좋아하는 것들을 그리면서 문구류도 만들고 있습니다. 이번에 첫번째 프로젝트에 이어 두번째 엽서북인 사라져가는 멸종위기 동물들에 대한로 다시 인사드립니다!','꿈날다','1635_20191017095823_artist.jpg','없음','없음','01066666666','testd@test.co.kr',to_date('19/10/17','RR/MM/DD'),to_date('19/10/17','RR/MM/DD'),17,4,4,0,'그래픽디자이너 겸 일러스트레이터입니다. 자연, 동물, 사람에 대한 이야기를 그리고 있습니다 :)',0);
Insert into DODREAM.PROJECT_TB (PROJECT_NO,PROJECT_TITLE,PROJECT_STITLE,PROJECT_GOAL,PROJECT_THUMB_IMG,PROJECT_START_DT,PROJECT_CLOSE_DT,PROJECT_HASHTAG,PROJECT_MAIN_IMG,PROJECT_SUMMARY,PROJECT_AT_NM,PROJECT_AT_PF,PROJECT_AT_SNS1,PROJECT_AT_SNS2,PROJECT_AT_CONT,PROJECT_AT_EM,PROJECT_ER_DT,PROJECT_MF_DT,PROJECT_WRITER,PROJECT_CT_NO,PROJECT_ST_NO,PROJECT_COUNT,PROJECT_AT_INT,PROJECT_TOTAL) values (1636,'Tori story_반려동물 커스텀일러스트 굿즈','Tori story_반려동물 커스텀일러스트 굿즈',2000000,'1636_20191017100620_thumb.jpg',to_date('19/10/17','RR/MM/DD'),to_date('19/11/16','RR/MM/DD'),'반려동물,굿즈,커스텀일러스트','1636_20191017100620_main.jpg','Tori story_반려동물 커스텀일러스트 굿즈','tori story','1636_20191017100620_artist.jpg','없음','없음','01088888888','testt@test.co.kr',to_date('19/10/17','RR/MM/DD'),to_date('19/10/17','RR/MM/DD'),17,4,4,0,'안녕하세요 저는반려동물을 사랑하는 마음으로 소소한 그림을 그리고 디자인 하는 창작자 이며, 3살 암컷 비숑프리제 토리와 행복한 날들을 보내고있는 댕집사 입니다.',0);
Insert into DODREAM.PROJECT_TB (PROJECT_NO,PROJECT_TITLE,PROJECT_STITLE,PROJECT_GOAL,PROJECT_THUMB_IMG,PROJECT_START_DT,PROJECT_CLOSE_DT,PROJECT_HASHTAG,PROJECT_MAIN_IMG,PROJECT_SUMMARY,PROJECT_AT_NM,PROJECT_AT_PF,PROJECT_AT_SNS1,PROJECT_AT_SNS2,PROJECT_AT_CONT,PROJECT_AT_EM,PROJECT_ER_DT,PROJECT_MF_DT,PROJECT_WRITER,PROJECT_CT_NO,PROJECT_ST_NO,PROJECT_COUNT,PROJECT_AT_INT,PROJECT_TOTAL) values (1637,'2019 렛츠락 페스티벌 - 동년배들 다 가는 인싸 필참 페스티벌','2019 렛츠락 페스티벌 - 동년배들 다 가는 인싸 필참 페스티벌',10000000,'1637_20191017100636_thumb.jpg',to_date('19/10/17','RR/MM/DD'),to_date('19/11/21','RR/MM/DD'),'2019 렛츠락 페스티벌, 인싸 필참, 락페,렛츠락','1637_20191017100636_main.jpg','이제는 공식이 되어버린 가을엔? 렛츠락!
<br>국내 최고의 뮤지션들이 총출동하는 대표 가을 음악 축제 ''렛츠락 페스티벌''이 돌아왔습니다!','렛츠락 페스티벌','1637_20191017100636_artist.jpg','없음','없음','01034675082','letsrock@kh.or.kr',to_date('19/10/17','RR/MM/DD'),to_date('19/10/17','RR/MM/DD'),79,1,4,0,'렛츠락 페스티벌',0);
Insert into DODREAM.PROJECT_TB (PROJECT_NO,PROJECT_TITLE,PROJECT_STITLE,PROJECT_GOAL,PROJECT_THUMB_IMG,PROJECT_START_DT,PROJECT_CLOSE_DT,PROJECT_HASHTAG,PROJECT_MAIN_IMG,PROJECT_SUMMARY,PROJECT_AT_NM,PROJECT_AT_PF,PROJECT_AT_SNS1,PROJECT_AT_SNS2,PROJECT_AT_CONT,PROJECT_AT_EM,PROJECT_ER_DT,PROJECT_MF_DT,PROJECT_WRITER,PROJECT_CT_NO,PROJECT_ST_NO,PROJECT_COUNT,PROJECT_AT_INT,PROJECT_TOTAL) values (1459,'<홍대광 밴드의 빅스마일 프로젝트> 음악으로 전하는 큰 웃음','#홍대광버스킹투어 프로젝트',1000000,'1459_20191015214516_thumb.jpg',to_date('19/10/16','RR/MM/DD'),to_date('19/11/05','RR/MM/DD'),'홍대광밴드,빅 스마일 프로젝트,버스킹 투어,공연','1459_20191015214516_main.jpg','문화소외지역 아이들을 위한
<br><홍대광 밴드>의 찾아가는 공연,
<br>빅 스마일 프로젝트','디어라이트뮤직','1459_20191015214516_artist.jpg','faceBook','instar','500-4000-5111','test@email.com',to_date('19/10/15','RR/MM/DD'),to_date('19/10/15','RR/MM/DD'),26,1,4,7,'디어라이트 뮤직입니다.',5800000);
Insert into DODREAM.PROJECT_TB (PROJECT_NO,PROJECT_TITLE,PROJECT_STITLE,PROJECT_GOAL,PROJECT_THUMB_IMG,PROJECT_START_DT,PROJECT_CLOSE_DT,PROJECT_HASHTAG,PROJECT_MAIN_IMG,PROJECT_SUMMARY,PROJECT_AT_NM,PROJECT_AT_PF,PROJECT_AT_SNS1,PROJECT_AT_SNS2,PROJECT_AT_CONT,PROJECT_AT_EM,PROJECT_ER_DT,PROJECT_MF_DT,PROJECT_WRITER,PROJECT_CT_NO,PROJECT_ST_NO,PROJECT_COUNT,PROJECT_AT_INT,PROJECT_TOTAL) values (1461,'네이버 웹툰 <시타를 위하여> 애니메이션 제작','네이버 웹툰 <시타를 위하여> 애니메이션 제작',5000000,'1461_20191015215716_thumb.jpg',to_date('19/10/16','RR/MM/DD'),to_date('19/11/05','RR/MM/DD'),'시타를 위하여,애니메이션,네이버 웹툰,웹툰,슥스튜디오','1461_20191015215716_main.jpg','이번 프로젝트가 한국의 애니메이션이 새로운 시대로 도약할 수 있는 기회가 되도록 노력하겠습니다!','쇽스튜디오','1461_20191015215716_artist.png','sstu','ssut','027-679-548','test@test.co.kr',to_date('19/10/15','RR/MM/DD'),to_date('19/10/15','RR/MM/DD'),27,2,4,0,'젊은 제작자들이 모여 한국 애니메이션에 대한 뜻을 실현하고자 만든 팀이 바로 ’쇽스튜디오’ 입니다. 쇽스튜디오는 올해 3월에 법인 등록을 하였으며, 첫 데뷔 작품으로 <시타를 위하여> 애니메이션을 제작하고 있습니다.',0);
Insert into DODREAM.PROJECT_TB (PROJECT_NO,PROJECT_TITLE,PROJECT_STITLE,PROJECT_GOAL,PROJECT_THUMB_IMG,PROJECT_START_DT,PROJECT_CLOSE_DT,PROJECT_HASHTAG,PROJECT_MAIN_IMG,PROJECT_SUMMARY,PROJECT_AT_NM,PROJECT_AT_PF,PROJECT_AT_SNS1,PROJECT_AT_SNS2,PROJECT_AT_CONT,PROJECT_AT_EM,PROJECT_ER_DT,PROJECT_MF_DT,PROJECT_WRITER,PROJECT_CT_NO,PROJECT_ST_NO,PROJECT_COUNT,PROJECT_AT_INT,PROJECT_TOTAL) values (1462,'숨겨야 하는 세상에서, 단편영화 <살인마 숨기기>','숨겨야 하는 세상에서, 단편영화 <살인마 숨기기>',1500000,'1462_20191015220525_thumb.jpg',to_date('19/10/16','RR/MM/DD'),to_date('19/11/04','RR/MM/DD'),'살인마 숨기기, 단편영화, 정은수,가천대학교,영화','1462_20191015220525_main.jpg','왜 우리는 비난하지 않아도 될 일로 상대방을 비난하고, 비난받아야 하는 걸까요? 그런 풍토를 욕하면서도 왜 우리는 다시 서로를 비난하게 되는 걸까요?','정은수','1462_20191015220525_artist.jpg','face','instar','101-5000-6000','testtest@test.co.kr',to_date('19/10/15','RR/MM/DD'),to_date('19/10/15','RR/MM/DD'),28,2,4,2,'창작자는 2017 <피의> 연출부, 2017 <코발트블루> 조연출, 2018 <완벽한 연기> 각본, 감독, 2018 <술오른 밤> 조연출로 활동했습니다. 팀원들 모두 영화에 관심이 많고 저희만의 훌륭한 작품을 만들어보자는 하나의 목표를 가지고 모인 16명의 가천대학교 미디어커뮤니케이션학과 학생들입니다.',0);
Insert into DODREAM.PROJECT_TB (PROJECT_NO,PROJECT_TITLE,PROJECT_STITLE,PROJECT_GOAL,PROJECT_THUMB_IMG,PROJECT_START_DT,PROJECT_CLOSE_DT,PROJECT_HASHTAG,PROJECT_MAIN_IMG,PROJECT_SUMMARY,PROJECT_AT_NM,PROJECT_AT_PF,PROJECT_AT_SNS1,PROJECT_AT_SNS2,PROJECT_AT_CONT,PROJECT_AT_EM,PROJECT_ER_DT,PROJECT_MF_DT,PROJECT_WRITER,PROJECT_CT_NO,PROJECT_ST_NO,PROJECT_COUNT,PROJECT_AT_INT,PROJECT_TOTAL) values (1463,'우리 행성 지구에 대한 메시지를 담은 단편영화, 화성','우리 행성 지구에 대한 메시지를 담은 단편영화, 화성',700000,'1463_20191015223626_thumb.jpg',to_date('19/10/16','RR/MM/DD'),to_date('19/11/05','RR/MM/DD'),'화성,단편영화,영화,SF','1463_20191015223626_main.jpg','인류에게 화성 이주는 탈출일까요, 도망일까요?','단편영화 화성','1463_20191015223626_artist.jpg','mars','mars','010-2222-3333','mars@test.co.kr',to_date('19/10/15','RR/MM/DD'),to_date('19/10/15','RR/MM/DD'),29,2,4,4001,'안녕하세요 단편영화 화성 제작팀입니다. 우리 행성 지구에 대한 메시지를 담은 영화를 소개해드릴 수 있어 기쁩니다. 후원에 보답하여 보다 좋은 영화를 완성시킬 것을 약속드리며, <화성>을 소개합니다.',698000);
Insert into DODREAM.PROJECT_TB (PROJECT_NO,PROJECT_TITLE,PROJECT_STITLE,PROJECT_GOAL,PROJECT_THUMB_IMG,PROJECT_START_DT,PROJECT_CLOSE_DT,PROJECT_HASHTAG,PROJECT_MAIN_IMG,PROJECT_SUMMARY,PROJECT_AT_NM,PROJECT_AT_PF,PROJECT_AT_SNS1,PROJECT_AT_SNS2,PROJECT_AT_CONT,PROJECT_AT_EM,PROJECT_ER_DT,PROJECT_MF_DT,PROJECT_WRITER,PROJECT_CT_NO,PROJECT_ST_NO,PROJECT_COUNT,PROJECT_AT_INT,PROJECT_TOTAL) values (1390,'맛집탐방 프로젝트','진짜 맛집은 어디에 있을까요? 맛집탐방 고민 끝!',500000,'1390_20191015174659_thumb.jpg',to_date('19/10/16','RR/MM/DD'),to_date('19/10/26','RR/MM/DD'),'맛집,한식,맛집탐방,출판프로젝트,출판','1390_20191015174659_main.jpg','''행복한 경험을 좋은 사람들과 함께'' 블루북이 당신의 일상에 선물하고자 하는 모습입니다. 가이드북의 역할을 하는 매거진과 모바일 바우처로 믿을 수 있는 정보와 혜택을 누려보세요','맛집제','1390_20191015174659_artist.jpg','맛집제','jmtJE','010-0000-0000','jesangran@gmail.com',to_date('19/10/15','RR/MM/DD'),to_date('19/10/15','RR/MM/DD'),110,9,1,10,'맛집을 엄선하여 추천해드립니다.',0);
Insert into DODREAM.PROJECT_TB (PROJECT_NO,PROJECT_TITLE,PROJECT_STITLE,PROJECT_GOAL,PROJECT_THUMB_IMG,PROJECT_START_DT,PROJECT_CLOSE_DT,PROJECT_HASHTAG,PROJECT_MAIN_IMG,PROJECT_SUMMARY,PROJECT_AT_NM,PROJECT_AT_PF,PROJECT_AT_SNS1,PROJECT_AT_SNS2,PROJECT_AT_CONT,PROJECT_AT_EM,PROJECT_ER_DT,PROJECT_MF_DT,PROJECT_WRITER,PROJECT_CT_NO,PROJECT_ST_NO,PROJECT_COUNT,PROJECT_AT_INT,PROJECT_TOTAL) values (1493,'[요즘 대세남:일공구] 뻔한 공연 말고, 특별한 할로윈 콘서트로 오시죠','뻔한 공연은 질리셨나요? 특별한 할로윈을 보내고 싶나요?',2500000,'1493_20191016120221_thumb.jpg',to_date('19/10/16','RR/MM/DD'),to_date('19/10/26','RR/MM/DD'),'대세남,109,일공구,할로윈,콘서트,공연,싱어송라이터,테마공연','MisDh9eJH5w','일반적인 공연이 아닌 특별한 공연을 만들어보고 싶었어요. ''할로윈의 테마와 함께 109의 색깔을 보여주는 이벤트를 공연에 녹여보면 어떨까?'' 하는 생각으로 준비하고 있습니다 :)','109(일공구)','1493_20191016121525_artist.jpg','onezeronine','onezeronine','010-1091-0910','onezeronine@test.te.st',to_date('19/10/16','RR/MM/DD'),to_date('19/10/16','RR/MM/DD'),79,5,4,5,'씽어송라이터 109입니다.
<br>반갑습니다 :)',0);
Insert into DODREAM.PROJECT_TB (PROJECT_NO,PROJECT_TITLE,PROJECT_STITLE,PROJECT_GOAL,PROJECT_THUMB_IMG,PROJECT_START_DT,PROJECT_CLOSE_DT,PROJECT_HASHTAG,PROJECT_MAIN_IMG,PROJECT_SUMMARY,PROJECT_AT_NM,PROJECT_AT_PF,PROJECT_AT_SNS1,PROJECT_AT_SNS2,PROJECT_AT_CONT,PROJECT_AT_EM,PROJECT_ER_DT,PROJECT_MF_DT,PROJECT_WRITER,PROJECT_CT_NO,PROJECT_ST_NO,PROJECT_COUNT,PROJECT_AT_INT,PROJECT_TOTAL) values (1553,null,null,0,null,to_date('19/10/16','RR/MM/DD'),to_date('19/10/26','RR/MM/DD'),'해시태그를, 다음과같이, 입력해주세요!',null,null,null,null,null,null,null,null,to_date('19/10/16','RR/MM/DD'),to_date('19/10/16','RR/MM/DD'),3,0,1,0,null,0);
Insert into DODREAM.PROJECT_TB (PROJECT_NO,PROJECT_TITLE,PROJECT_STITLE,PROJECT_GOAL,PROJECT_THUMB_IMG,PROJECT_START_DT,PROJECT_CLOSE_DT,PROJECT_HASHTAG,PROJECT_MAIN_IMG,PROJECT_SUMMARY,PROJECT_AT_NM,PROJECT_AT_PF,PROJECT_AT_SNS1,PROJECT_AT_SNS2,PROJECT_AT_CONT,PROJECT_AT_EM,PROJECT_ER_DT,PROJECT_MF_DT,PROJECT_WRITER,PROJECT_CT_NO,PROJECT_ST_NO,PROJECT_COUNT,PROJECT_AT_INT,PROJECT_TOTAL) values (1554,'퓨전국악공연 - 얼씨구 흥이로다','얼씨구 흥이로다',500000,'1554_20191016184209_thumb.jpg',to_date('19/10/16','RR/MM/DD'),to_date('19/10/18','RR/MM/DD'),'얼씨구 흥이로다,앙상블별하,퓨전국악,공연,부산,대중가요,귀향','1554_20191016184209_main.jpg','퓨전 국악의 대중화를 위해 전문공연장이 아닌 야외의 많은 인원들이 모일 수 있는 장소에서 부산시민 누구나 관람이 가능한 무료 공연을 실시하고자 합니다','앙상블별하','1554_20191016184209_artist.jpg','1124','1124','112-4','1124',to_date('19/10/16','RR/MM/DD'),to_date('19/10/16','RR/MM/DD'),11,5,4,0,'1124',0);
Insert into DODREAM.PROJECT_TB (PROJECT_NO,PROJECT_TITLE,PROJECT_STITLE,PROJECT_GOAL,PROJECT_THUMB_IMG,PROJECT_START_DT,PROJECT_CLOSE_DT,PROJECT_HASHTAG,PROJECT_MAIN_IMG,PROJECT_SUMMARY,PROJECT_AT_NM,PROJECT_AT_PF,PROJECT_AT_SNS1,PROJECT_AT_SNS2,PROJECT_AT_CONT,PROJECT_AT_EM,PROJECT_ER_DT,PROJECT_MF_DT,PROJECT_WRITER,PROJECT_CT_NO,PROJECT_ST_NO,PROJECT_COUNT,PROJECT_AT_INT,PROJECT_TOTAL) values (1555,'0세부터 노인까지, 온 가족이 즐기는 대중음악페스티벌 ‘우크페페’','0세부터 노인까지, 온 가족이 즐기는 대중음악페스티벌 ‘우크페페’',300000,'1555_20191016184448_thumb.jpg',to_date('19/10/16','RR/MM/DD'),to_date('19/10/24','RR/MM/DD'),'우크페페,대중음악,페스티벌,공연,우쿨렐레','1555_20191016184448_main.jpg','1124','우크페페','1555_20191016184448_artist.jpg','1124','1124','112-4','1124',to_date('19/10/16','RR/MM/DD'),to_date('19/10/16','RR/MM/DD'),11,5,4,2,'1124',10000);
Insert into DODREAM.PROJECT_TB (PROJECT_NO,PROJECT_TITLE,PROJECT_STITLE,PROJECT_GOAL,PROJECT_THUMB_IMG,PROJECT_START_DT,PROJECT_CLOSE_DT,PROJECT_HASHTAG,PROJECT_MAIN_IMG,PROJECT_SUMMARY,PROJECT_AT_NM,PROJECT_AT_PF,PROJECT_AT_SNS1,PROJECT_AT_SNS2,PROJECT_AT_CONT,PROJECT_AT_EM,PROJECT_ER_DT,PROJECT_MF_DT,PROJECT_WRITER,PROJECT_CT_NO,PROJECT_ST_NO,PROJECT_COUNT,PROJECT_AT_INT,PROJECT_TOTAL) values (1556,'노는지 X마켓 : 청춘성수, 혼자 놀면 더 재밌어!','노는지 X마켓 : 청춘성수, 혼자 놀면 더 재밌어!',300000,'1556_20191016184748_thumb.jpg',to_date('19/10/16','RR/MM/DD'),to_date('19/10/22','RR/MM/DD'),'노는지 X마켓,청춘성수,weenu,경험을 사는 마켓,성동디자인위크','1556_20191016184748_main.jpg','1124','1124','1556_20191016184748_artist.jpg','1124','1124','112-4','1124',to_date('19/10/16','RR/MM/DD'),to_date('19/10/16','RR/MM/DD'),11,5,4,0,'1124',0);
Insert into DODREAM.PROJECT_TB (PROJECT_NO,PROJECT_TITLE,PROJECT_STITLE,PROJECT_GOAL,PROJECT_THUMB_IMG,PROJECT_START_DT,PROJECT_CLOSE_DT,PROJECT_HASHTAG,PROJECT_MAIN_IMG,PROJECT_SUMMARY,PROJECT_AT_NM,PROJECT_AT_PF,PROJECT_AT_SNS1,PROJECT_AT_SNS2,PROJECT_AT_CONT,PROJECT_AT_EM,PROJECT_ER_DT,PROJECT_MF_DT,PROJECT_WRITER,PROJECT_CT_NO,PROJECT_ST_NO,PROJECT_COUNT,PROJECT_AT_INT,PROJECT_TOTAL) values (1557,'<under pressure> 대안학교 뮤직페스티벌','<under pressure> 대안학교 뮤직페스티벌',500000,'1557_20191016185025_thumb.jpeg',to_date('19/10/16','RR/MM/DD'),to_date('19/10/28','RR/MM/DD'),'under pressure,대안학교,뮤직 페스티벌,공연,합정,수정드림홀','1557_20191016185025_main.jpeg','1124','1124','1557_20191016185025_artist.jpeg','1124','1124','112-4','1124',to_date('19/10/16','RR/MM/DD'),to_date('19/10/16','RR/MM/DD'),11,5,4,1,'1124',0);
Insert into DODREAM.PROJECT_TB (PROJECT_NO,PROJECT_TITLE,PROJECT_STITLE,PROJECT_GOAL,PROJECT_THUMB_IMG,PROJECT_START_DT,PROJECT_CLOSE_DT,PROJECT_HASHTAG,PROJECT_MAIN_IMG,PROJECT_SUMMARY,PROJECT_AT_NM,PROJECT_AT_PF,PROJECT_AT_SNS1,PROJECT_AT_SNS2,PROJECT_AT_CONT,PROJECT_AT_EM,PROJECT_ER_DT,PROJECT_MF_DT,PROJECT_WRITER,PROJECT_CT_NO,PROJECT_ST_NO,PROJECT_COUNT,PROJECT_AT_INT,PROJECT_TOTAL) values (1558,null,null,null,null,null,null,null,null,null,null,null,null,null,null,null,to_date('19/10/16','RR/MM/DD'),to_date('19/10/16','RR/MM/DD'),null,null,0,0,null,0);
Insert into DODREAM.PROJECT_TB (PROJECT_NO,PROJECT_TITLE,PROJECT_STITLE,PROJECT_GOAL,PROJECT_THUMB_IMG,PROJECT_START_DT,PROJECT_CLOSE_DT,PROJECT_HASHTAG,PROJECT_MAIN_IMG,PROJECT_SUMMARY,PROJECT_AT_NM,PROJECT_AT_PF,PROJECT_AT_SNS1,PROJECT_AT_SNS2,PROJECT_AT_CONT,PROJECT_AT_EM,PROJECT_ER_DT,PROJECT_MF_DT,PROJECT_WRITER,PROJECT_CT_NO,PROJECT_ST_NO,PROJECT_COUNT,PROJECT_AT_INT,PROJECT_TOTAL) values (1559,'모두가 예술가, 쿵덕r의 두번째 기획 *덕후축제*','모두가 예술가, 쿵덕r의 두번째 기획 *덕후축제*',400000,'1559_20191016185315_thumb.jpg',to_date('19/10/16','RR/MM/DD'),to_date('19/10/26','RR/MM/DD'),'모두가 예술가,덕후축제,r덕r','1559_20191016185315_main.jpg','1124','1124','1559_20191016185315_artist.jpg','1124','1124','112-4','1124',to_date('19/10/16','RR/MM/DD'),to_date('19/10/16','RR/MM/DD'),11,5,4,7,'1124',0);
Insert into DODREAM.PROJECT_TB (PROJECT_NO,PROJECT_TITLE,PROJECT_STITLE,PROJECT_GOAL,PROJECT_THUMB_IMG,PROJECT_START_DT,PROJECT_CLOSE_DT,PROJECT_HASHTAG,PROJECT_MAIN_IMG,PROJECT_SUMMARY,PROJECT_AT_NM,PROJECT_AT_PF,PROJECT_AT_SNS1,PROJECT_AT_SNS2,PROJECT_AT_CONT,PROJECT_AT_EM,PROJECT_ER_DT,PROJECT_MF_DT,PROJECT_WRITER,PROJECT_CT_NO,PROJECT_ST_NO,PROJECT_COUNT,PROJECT_AT_INT,PROJECT_TOTAL) values (1560,'2019년 최고의 기대작 헐리우드 히어로 영화 <헬보이:라이즈 오브 블러드 퀸>','안티히어로의 흥행을 잇는<헬보이>',100000,'1560_20191016190430_thumb.PNG',to_date('19/10/16','RR/MM/DD'),to_date('19/11/05','RR/MM/DD'),'안티히어로, 액션, 모험, 판타지, 청소년 관람불가, 데이빗 하버, 밀라 요보비치, 닐 마샬, 2019','wahVj-wCkp0','123123','(주)우성엔터테인먼트','1560_20191016190430_artist.PNG','123123','123123','010-1234-1234','asdasd@test.co.kr',to_date('19/10/16','RR/MM/DD'),to_date('19/10/16','RR/MM/DD'),9,2,4,6,'123123',0);
Insert into DODREAM.PROJECT_TB (PROJECT_NO,PROJECT_TITLE,PROJECT_STITLE,PROJECT_GOAL,PROJECT_THUMB_IMG,PROJECT_START_DT,PROJECT_CLOSE_DT,PROJECT_HASHTAG,PROJECT_MAIN_IMG,PROJECT_SUMMARY,PROJECT_AT_NM,PROJECT_AT_PF,PROJECT_AT_SNS1,PROJECT_AT_SNS2,PROJECT_AT_CONT,PROJECT_AT_EM,PROJECT_ER_DT,PROJECT_MF_DT,PROJECT_WRITER,PROJECT_CT_NO,PROJECT_ST_NO,PROJECT_COUNT,PROJECT_AT_INT,PROJECT_TOTAL) values (1561,'청년의 이상을 팝니다! 이상한시장','청년의 이상을 팝니다! 이상한시장',200000,'1561_20191016185610_thumb.jpg',to_date('19/10/16','RR/MM/DD'),to_date('19/10/27','RR/MM/DD'),'이상한 시장,퍼스트 펭귄,덕후,공연,시장','1561_20191016185610_main.jpg','1124','1124','1561_20191016185610_artist.jpg','1124','1124','112-4','1124',to_date('19/10/16','RR/MM/DD'),to_date('19/10/16','RR/MM/DD'),11,5,4,0,'1124',0);
Insert into DODREAM.PROJECT_TB (PROJECT_NO,PROJECT_TITLE,PROJECT_STITLE,PROJECT_GOAL,PROJECT_THUMB_IMG,PROJECT_START_DT,PROJECT_CLOSE_DT,PROJECT_HASHTAG,PROJECT_MAIN_IMG,PROJECT_SUMMARY,PROJECT_AT_NM,PROJECT_AT_PF,PROJECT_AT_SNS1,PROJECT_AT_SNS2,PROJECT_AT_CONT,PROJECT_AT_EM,PROJECT_ER_DT,PROJECT_MF_DT,PROJECT_WRITER,PROJECT_CT_NO,PROJECT_ST_NO,PROJECT_COUNT,PROJECT_AT_INT,PROJECT_TOTAL) values (1562,'방천골목오페라축제 ','방천골목오페라축제 ',100000,'1562_20191016190017_thumb.jpg',to_date('19/10/16','RR/MM/DD'),to_date('19/10/31','RR/MM/DD'),'방천,오페라,공연,페스티벌','1562_20191016190017_main.jpg','1124','1124','1562_20191016190017_artist.jpg','1124','1124','112-4','1124',to_date('19/10/16','RR/MM/DD'),to_date('19/10/16','RR/MM/DD'),11,5,4,0,'1124',0);
Insert into DODREAM.PROJECT_TB (PROJECT_NO,PROJECT_TITLE,PROJECT_STITLE,PROJECT_GOAL,PROJECT_THUMB_IMG,PROJECT_START_DT,PROJECT_CLOSE_DT,PROJECT_HASHTAG,PROJECT_MAIN_IMG,PROJECT_SUMMARY,PROJECT_AT_NM,PROJECT_AT_PF,PROJECT_AT_SNS1,PROJECT_AT_SNS2,PROJECT_AT_CONT,PROJECT_AT_EM,PROJECT_ER_DT,PROJECT_MF_DT,PROJECT_WRITER,PROJECT_CT_NO,PROJECT_ST_NO,PROJECT_COUNT,PROJECT_AT_INT,PROJECT_TOTAL) values (1563,'''WeSA2019'' 우리는 사운드 아티스트다!','''WeSA2019'' 우리는 사운드 아티스트다!',100000,'1563_20191016190806_thumb.png',to_date('19/10/16','RR/MM/DD'),to_date('19/10/24','RR/MM/DD'),'사운드 아티스트,사운드 페스티벌,공연,사운드,Wesa,위사','1563_20191016190806_main.png','1124','1124','1563_20191016190806_artist.png','1124','1124','112-4','1124',to_date('19/10/16','RR/MM/DD'),to_date('19/10/16','RR/MM/DD'),11,5,4,1,'1124',0);
Insert into DODREAM.PROJECT_TB (PROJECT_NO,PROJECT_TITLE,PROJECT_STITLE,PROJECT_GOAL,PROJECT_THUMB_IMG,PROJECT_START_DT,PROJECT_CLOSE_DT,PROJECT_HASHTAG,PROJECT_MAIN_IMG,PROJECT_SUMMARY,PROJECT_AT_NM,PROJECT_AT_PF,PROJECT_AT_SNS1,PROJECT_AT_SNS2,PROJECT_AT_CONT,PROJECT_AT_EM,PROJECT_ER_DT,PROJECT_MF_DT,PROJECT_WRITER,PROJECT_CT_NO,PROJECT_ST_NO,PROJECT_COUNT,PROJECT_AT_INT,PROJECT_TOTAL) values (1564,null,null,null,null,null,null,null,null,null,null,null,null,null,null,null,to_date('19/10/16','RR/MM/DD'),to_date('19/10/16','RR/MM/DD'),null,null,0,0,null,0);
Insert into DODREAM.PROJECT_TB (PROJECT_NO,PROJECT_TITLE,PROJECT_STITLE,PROJECT_GOAL,PROJECT_THUMB_IMG,PROJECT_START_DT,PROJECT_CLOSE_DT,PROJECT_HASHTAG,PROJECT_MAIN_IMG,PROJECT_SUMMARY,PROJECT_AT_NM,PROJECT_AT_PF,PROJECT_AT_SNS1,PROJECT_AT_SNS2,PROJECT_AT_CONT,PROJECT_AT_EM,PROJECT_ER_DT,PROJECT_MF_DT,PROJECT_WRITER,PROJECT_CT_NO,PROJECT_ST_NO,PROJECT_COUNT,PROJECT_AT_INT,PROJECT_TOTAL) values (1565,'2019년 역대급 "조커"','2019년 개봉한 미국의 사회고발 영화 또는 범죄 영화이다.',500000,'1565_20191016191409_thumb.PNG',to_date('19/10/16','RR/MM/DD'),to_date('19/11/15','RR/MM/DD'),'조커, 스릴러, 드라마, 토드 필립스,  호아킨 피닉스','AVMiLPFVjt8','“내 인생이 비극인줄 알았는데, 코미디였어”
<br>고담시의 광대 아서 플렉은 코미디언을 꿈꾸는 남자.
<br> 하지만 모두가 미쳐가는 코미디 같은 세상에서
<br> 맨 정신으로는 그가 설 자리가 없음을 깨닫게 되는데…
<br> 이제껏 본 적 없는 진짜 ‘조커’를 만나라!','조커','1565_20191016191409_artist.PNG','123','qweq','010-1111-2222','qweqwe@qwe.co.kr',to_date('19/10/16','RR/MM/DD'),to_date('19/10/16','RR/MM/DD'),9,2,4,2,'피닉스',0);
Insert into DODREAM.PROJECT_TB (PROJECT_NO,PROJECT_TITLE,PROJECT_STITLE,PROJECT_GOAL,PROJECT_THUMB_IMG,PROJECT_START_DT,PROJECT_CLOSE_DT,PROJECT_HASHTAG,PROJECT_MAIN_IMG,PROJECT_SUMMARY,PROJECT_AT_NM,PROJECT_AT_PF,PROJECT_AT_SNS1,PROJECT_AT_SNS2,PROJECT_AT_CONT,PROJECT_AT_EM,PROJECT_ER_DT,PROJECT_MF_DT,PROJECT_WRITER,PROJECT_CT_NO,PROJECT_ST_NO,PROJECT_COUNT,PROJECT_AT_INT,PROJECT_TOTAL) values (1566,'목포국도1호선독립영화제 ''우리는 계속 하겠습니다''','목포국도1호선독립영화제 ''우리는 계속 하겠습니다''',100000,'1566_20191016191046_thumb.jpg',to_date('19/10/16','RR/MM/DD'),to_date('19/10/23','RR/MM/DD'),'목포,국도,독립영화제,영화,축제,페스티벌,공연','1566_20191016191046_main.jpg','1124','1124','1566_20191016191046_artist.jpg','1124','1124','112-4','1124',to_date('19/10/16','RR/MM/DD'),to_date('19/10/16','RR/MM/DD'),11,5,4,0,'1124',0);
Insert into DODREAM.PROJECT_TB (PROJECT_NO,PROJECT_TITLE,PROJECT_STITLE,PROJECT_GOAL,PROJECT_THUMB_IMG,PROJECT_START_DT,PROJECT_CLOSE_DT,PROJECT_HASHTAG,PROJECT_MAIN_IMG,PROJECT_SUMMARY,PROJECT_AT_NM,PROJECT_AT_PF,PROJECT_AT_SNS1,PROJECT_AT_SNS2,PROJECT_AT_CONT,PROJECT_AT_EM,PROJECT_ER_DT,PROJECT_MF_DT,PROJECT_WRITER,PROJECT_CT_NO,PROJECT_ST_NO,PROJECT_COUNT,PROJECT_AT_INT,PROJECT_TOTAL) values (1567,'생존자프로젝트 창작시리즈 연극 [面牧洞 면목동]','생존자프로젝트 창작시리즈 연극 [面牧洞 면목동]',1500000,'1567_20191016191659_thumb.jpg',to_date('19/10/16','RR/MM/DD'),to_date('19/11/15','RR/MM/DD'),'연극,존잼,공연','1567_20191016191659_main.jpg','테스트','테스트','1567_20191016191659_artist.jpg','없음','없음','010-0000-00000','test@naver.com',to_date('19/10/16','RR/MM/DD'),to_date('19/10/16','RR/MM/DD'),10,3,4,0,'테스트',0);
Insert into DODREAM.PROJECT_TB (PROJECT_NO,PROJECT_TITLE,PROJECT_STITLE,PROJECT_GOAL,PROJECT_THUMB_IMG,PROJECT_START_DT,PROJECT_CLOSE_DT,PROJECT_HASHTAG,PROJECT_MAIN_IMG,PROJECT_SUMMARY,PROJECT_AT_NM,PROJECT_AT_PF,PROJECT_AT_SNS1,PROJECT_AT_SNS2,PROJECT_AT_CONT,PROJECT_AT_EM,PROJECT_ER_DT,PROJECT_MF_DT,PROJECT_WRITER,PROJECT_CT_NO,PROJECT_ST_NO,PROJECT_COUNT,PROJECT_AT_INT,PROJECT_TOTAL) values (1568,'자립심 페스티벌','자립심 페스티벌',100000,'1568_20191016191254_thumb.jpg',to_date('19/10/16','RR/MM/DD'),to_date('19/10/22','RR/MM/DD'),'자립심,페스티벌,저항예술,공연','1568_20191016191254_main.jpg','1124','1124','1568_20191016191254_artist.jpg','1124','1124','112-4','1124',to_date('19/10/16','RR/MM/DD'),to_date('19/10/16','RR/MM/DD'),11,5,4,9,'1124',91124);
Insert into DODREAM.PROJECT_TB (PROJECT_NO,PROJECT_TITLE,PROJECT_STITLE,PROJECT_GOAL,PROJECT_THUMB_IMG,PROJECT_START_DT,PROJECT_CLOSE_DT,PROJECT_HASHTAG,PROJECT_MAIN_IMG,PROJECT_SUMMARY,PROJECT_AT_NM,PROJECT_AT_PF,PROJECT_AT_SNS1,PROJECT_AT_SNS2,PROJECT_AT_CONT,PROJECT_AT_EM,PROJECT_ER_DT,PROJECT_MF_DT,PROJECT_WRITER,PROJECT_CT_NO,PROJECT_ST_NO,PROJECT_COUNT,PROJECT_AT_INT,PROJECT_TOTAL) values (1569,null,null,null,null,null,null,null,null,null,null,null,null,null,null,null,to_date('19/10/16','RR/MM/DD'),to_date('19/10/16','RR/MM/DD'),null,null,0,0,null,0);
Insert into DODREAM.PROJECT_TB (PROJECT_NO,PROJECT_TITLE,PROJECT_STITLE,PROJECT_GOAL,PROJECT_THUMB_IMG,PROJECT_START_DT,PROJECT_CLOSE_DT,PROJECT_HASHTAG,PROJECT_MAIN_IMG,PROJECT_SUMMARY,PROJECT_AT_NM,PROJECT_AT_PF,PROJECT_AT_SNS1,PROJECT_AT_SNS2,PROJECT_AT_CONT,PROJECT_AT_EM,PROJECT_ER_DT,PROJECT_MF_DT,PROJECT_WRITER,PROJECT_CT_NO,PROJECT_ST_NO,PROJECT_COUNT,PROJECT_AT_INT,PROJECT_TOTAL) values (1571,' 잠자는 숲속의 공주를 마녀인 말레피센트','마녀인 말레피센트의 입장에서 각색',20000000,'1571_20191016192057_thumb.PNG',to_date('19/10/16','RR/MM/DD'),to_date('19/10/26','RR/MM/DD'),'마녀, 공주, 요정, 공포, 판타지, 안젤리나 졸리','sXjwpMDrMnY','“16세가 되는 날, 날카로운 물레 바늘에 찔려 깊은 잠에 빠지리라!”가장 강력한 마법을 가진 숲의 수호자 말레피센트는 인간왕국과의 거대한 전쟁의 소용돌이 속에서 왕국을 다스리는 스테판 왕의 딸 ‘오로라 공주’의 세례식 날, 거부할 수 없는 치명적인 저주를 내리는데….디즈니 역사상 가장 사악한 마녀가 온다!','말레피센트','1571_20191016192057_artist.PNG','3333','3333','010-4444-5555','zxczxc@zxc.co.kr',to_date('19/10/16','RR/MM/DD'),to_date('19/10/16','RR/MM/DD'),9,2,4,0,'말레피센트',0);
Insert into DODREAM.PROJECT_TB (PROJECT_NO,PROJECT_TITLE,PROJECT_STITLE,PROJECT_GOAL,PROJECT_THUMB_IMG,PROJECT_START_DT,PROJECT_CLOSE_DT,PROJECT_HASHTAG,PROJECT_MAIN_IMG,PROJECT_SUMMARY,PROJECT_AT_NM,PROJECT_AT_PF,PROJECT_AT_SNS1,PROJECT_AT_SNS2,PROJECT_AT_CONT,PROJECT_AT_EM,PROJECT_ER_DT,PROJECT_MF_DT,PROJECT_WRITER,PROJECT_CT_NO,PROJECT_ST_NO,PROJECT_COUNT,PROJECT_AT_INT,PROJECT_TOTAL) values (1572,'오고나강 첫 번째 프로젝트<나윤이>','오고나강 첫 번째 프로젝트<나윤이>',1000000,'1572_20191016191949_thumb.jpg',to_date('19/10/16','RR/MM/DD'),to_date('19/10/26','RR/MM/DD'),'송창혁,창혁송,혁창송','1572_20191016191949_main.jpg','test','test','1572_20191016191949_artist.jpg','test','test','000-0000-0000','test',to_date('19/10/16','RR/MM/DD'),to_date('19/10/16','RR/MM/DD'),3,3,4,1,'test',0);
Insert into DODREAM.PROJECT_TB (PROJECT_NO,PROJECT_TITLE,PROJECT_STITLE,PROJECT_GOAL,PROJECT_THUMB_IMG,PROJECT_START_DT,PROJECT_CLOSE_DT,PROJECT_HASHTAG,PROJECT_MAIN_IMG,PROJECT_SUMMARY,PROJECT_AT_NM,PROJECT_AT_PF,PROJECT_AT_SNS1,PROJECT_AT_SNS2,PROJECT_AT_CONT,PROJECT_AT_EM,PROJECT_ER_DT,PROJECT_MF_DT,PROJECT_WRITER,PROJECT_CT_NO,PROJECT_ST_NO,PROJECT_COUNT,PROJECT_AT_INT,PROJECT_TOTAL) values (1573,null,null,null,null,null,null,null,null,null,null,null,null,null,null,null,to_date('19/10/16','RR/MM/DD'),to_date('19/10/16','RR/MM/DD'),null,null,0,0,null,0);
Insert into DODREAM.PROJECT_TB (PROJECT_NO,PROJECT_TITLE,PROJECT_STITLE,PROJECT_GOAL,PROJECT_THUMB_IMG,PROJECT_START_DT,PROJECT_CLOSE_DT,PROJECT_HASHTAG,PROJECT_MAIN_IMG,PROJECT_SUMMARY,PROJECT_AT_NM,PROJECT_AT_PF,PROJECT_AT_SNS1,PROJECT_AT_SNS2,PROJECT_AT_CONT,PROJECT_AT_EM,PROJECT_ER_DT,PROJECT_MF_DT,PROJECT_WRITER,PROJECT_CT_NO,PROJECT_ST_NO,PROJECT_COUNT,PROJECT_AT_INT,PROJECT_TOTAL) values (1551,null,null,null,null,null,null,null,null,null,null,null,null,null,null,null,to_date('19/10/16','RR/MM/DD'),to_date('19/10/16','RR/MM/DD'),null,null,0,0,null,0);
Insert into DODREAM.PROJECT_TB (PROJECT_NO,PROJECT_TITLE,PROJECT_STITLE,PROJECT_GOAL,PROJECT_THUMB_IMG,PROJECT_START_DT,PROJECT_CLOSE_DT,PROJECT_HASHTAG,PROJECT_MAIN_IMG,PROJECT_SUMMARY,PROJECT_AT_NM,PROJECT_AT_PF,PROJECT_AT_SNS1,PROJECT_AT_SNS2,PROJECT_AT_CONT,PROJECT_AT_EM,PROJECT_ER_DT,PROJECT_MF_DT,PROJECT_WRITER,PROJECT_CT_NO,PROJECT_ST_NO,PROJECT_COUNT,PROJECT_AT_INT,PROJECT_TOTAL) values (1552,null,null,null,null,null,null,null,null,null,null,null,null,null,null,null,to_date('19/10/16','RR/MM/DD'),to_date('19/10/16','RR/MM/DD'),null,null,0,0,null,0);
Insert into DODREAM.PROJECT_TB (PROJECT_NO,PROJECT_TITLE,PROJECT_STITLE,PROJECT_GOAL,PROJECT_THUMB_IMG,PROJECT_START_DT,PROJECT_CLOSE_DT,PROJECT_HASHTAG,PROJECT_MAIN_IMG,PROJECT_SUMMARY,PROJECT_AT_NM,PROJECT_AT_PF,PROJECT_AT_SNS1,PROJECT_AT_SNS2,PROJECT_AT_CONT,PROJECT_AT_EM,PROJECT_ER_DT,PROJECT_MF_DT,PROJECT_WRITER,PROJECT_CT_NO,PROJECT_ST_NO,PROJECT_COUNT,PROJECT_AT_INT,PROJECT_TOTAL) values (1575,'추석 기대작 영화 <물괴>프로젝트 투자','국내 최초 크리쳐 액션 사극 영화<물괴>',50000,'1575_20191016192849_thumb.PNG',to_date('19/10/16','RR/MM/DD'),to_date('19/10/31','RR/MM/DD'),'크리쳐액션사극, 추석개봉작, 조선왕조실록, 괴물, 스릴러','BXJC0Mw8qTI','“인왕산에 흉악한 짐승이 나타나 사람을 해쳤다 하옵니다
<br>그것을 두고 듣지도 보지도 못한 짐승이라 하여 사물 물(物), 괴이할 괴(怪), 물괴라 부른다 하옵니다.”
<br>중종 22년, 거대한 물괴가 나타나 백성들을 공격하기 시작한다.
<br> 물괴와 마주친 백성들은 그 자리에서 잔인하게 죽임을 당하거나
<br> 살아남아도 역병에 걸려 끔찍한 고통 속에 결국 죽게 되고, 한양은 삽시간에 공포에 휩싸인다.
<br> 모든 것이 자신을 몰아세우는 영의정과 관료들의 계략이라 여긴 중종은
<br> 옛 내금위장 윤겸을 궁으로 불러들여 수색대를 조직한다.
<br> 윤겸과 오랜 세월을 함께한 성한과 외동딸 명, 그리고 왕이 보낸 허선전관이 그와 함께 한다.
<br> 물괴를 쫓던 윤겸과 수색대는 곧 실로 믿을 수 없는 거대한 비밀을 마주하게 되는데…','물괴','1575_20191016192849_artist.PNG','jhgbvf','n,vcx','010-9865-4123','5432@5432.co.kr',to_date('19/10/16','RR/MM/DD'),to_date('19/10/16','RR/MM/DD'),9,2,4,0,'anfrhl',0);
Insert into DODREAM.PROJECT_TB (PROJECT_NO,PROJECT_TITLE,PROJECT_STITLE,PROJECT_GOAL,PROJECT_THUMB_IMG,PROJECT_START_DT,PROJECT_CLOSE_DT,PROJECT_HASHTAG,PROJECT_MAIN_IMG,PROJECT_SUMMARY,PROJECT_AT_NM,PROJECT_AT_PF,PROJECT_AT_SNS1,PROJECT_AT_SNS2,PROJECT_AT_CONT,PROJECT_AT_EM,PROJECT_ER_DT,PROJECT_MF_DT,PROJECT_WRITER,PROJECT_CT_NO,PROJECT_ST_NO,PROJECT_COUNT,PROJECT_AT_INT,PROJECT_TOTAL) values (1570,'전지적공황장애시점 프로젝트','전지적공황장애시점 프로젝트 출판 펀딩',600000,'1570_20191016201312_thumb.PNG',to_date('19/10/16','RR/MM/DD'),to_date('19/10/26','RR/MM/DD'),'출판,전지적공황장애,공황장애','1570_20191016201312_main.PNG','의사나 전문가가 쓴 ''병''에 대한 이야기가 아닌 공황장애 환자, ''사람''의 이야기. 세상에서 가장 멋진 병밍아웃, ''전지적 공황장애 시점'' 출판 프로젝트','유주','1570_20191016201312_artist.PNG','youjoo','youjoo','010-1234-5678','youjoo@yoojoo.co.kr',to_date('19/10/16','RR/MM/DD'),to_date('19/10/16','RR/MM/DD'),120,9,3,0,'ffff',0);
Insert into DODREAM.PROJECT_TB (PROJECT_NO,PROJECT_TITLE,PROJECT_STITLE,PROJECT_GOAL,PROJECT_THUMB_IMG,PROJECT_START_DT,PROJECT_CLOSE_DT,PROJECT_HASHTAG,PROJECT_MAIN_IMG,PROJECT_SUMMARY,PROJECT_AT_NM,PROJECT_AT_PF,PROJECT_AT_SNS1,PROJECT_AT_SNS2,PROJECT_AT_CONT,PROJECT_AT_EM,PROJECT_ER_DT,PROJECT_MF_DT,PROJECT_WRITER,PROJECT_CT_NO,PROJECT_ST_NO,PROJECT_COUNT,PROJECT_AT_INT,PROJECT_TOTAL) values (1574,'본격 수다 로맨스 ''지금, 사랑하고 있나요?''','본격 수다 로맨스 ''지금, 사랑하고 있나요?''',5000000,'1574_20191016192240_thumb.jpg',to_date('19/10/16','RR/MM/DD'),to_date('19/10/26','RR/MM/DD'),'연극,재밌는,유쾌한','1574_20191016192240_main.jpg','test','test','1574_20191016192240_artist.jpg','test','tset','000-000-0000','test',to_date('19/10/16','RR/MM/DD'),to_date('19/10/16','RR/MM/DD'),10,3,4,0,'tset',0);
Insert into DODREAM.PROJECT_TB (PROJECT_NO,PROJECT_TITLE,PROJECT_STITLE,PROJECT_GOAL,PROJECT_THUMB_IMG,PROJECT_START_DT,PROJECT_CLOSE_DT,PROJECT_HASHTAG,PROJECT_MAIN_IMG,PROJECT_SUMMARY,PROJECT_AT_NM,PROJECT_AT_PF,PROJECT_AT_SNS1,PROJECT_AT_SNS2,PROJECT_AT_CONT,PROJECT_AT_EM,PROJECT_ER_DT,PROJECT_MF_DT,PROJECT_WRITER,PROJECT_CT_NO,PROJECT_ST_NO,PROJECT_COUNT,PROJECT_AT_INT,PROJECT_TOTAL) values (1576,'연극 <철수와 영희> 도시를 떠나 여행을 하다.','연극 <철수와 영희> 도시를 떠나 여행을 하다.',9000000,'1576_20191016192442_thumb.jpg',to_date('19/10/16','RR/MM/DD'),to_date('19/11/05','RR/MM/DD'),'즐거운, 연극','1576_20191016192442_main.jpg','test','test','1576_20191016192442_artist.jpg','test','test','000-000-0000','test',to_date('19/10/16','RR/MM/DD'),to_date('19/10/16','RR/MM/DD'),10,3,4,2,'tset',0);
Insert into DODREAM.PROJECT_TB (PROJECT_NO,PROJECT_TITLE,PROJECT_STITLE,PROJECT_GOAL,PROJECT_THUMB_IMG,PROJECT_START_DT,PROJECT_CLOSE_DT,PROJECT_HASHTAG,PROJECT_MAIN_IMG,PROJECT_SUMMARY,PROJECT_AT_NM,PROJECT_AT_PF,PROJECT_AT_SNS1,PROJECT_AT_SNS2,PROJECT_AT_CONT,PROJECT_AT_EM,PROJECT_ER_DT,PROJECT_MF_DT,PROJECT_WRITER,PROJECT_CT_NO,PROJECT_ST_NO,PROJECT_COUNT,PROJECT_AT_INT,PROJECT_TOTAL) values (1578,'연극 <빨간시>','연극 <빨간시>',9000000,'1578_20191016192622_thumb.jpg',to_date('19/10/16','RR/MM/DD'),to_date('19/10/26','RR/MM/DD'),'빨간시,연극','1578_20191016192622_main.jpg','test','tset','1578_20191016192622_artist.jpg','test','test','000-0000-0000','test',to_date('19/10/16','RR/MM/DD'),to_date('19/10/16','RR/MM/DD'),10,3,4,2,'test',0);
Insert into DODREAM.PROJECT_TB (PROJECT_NO,PROJECT_TITLE,PROJECT_STITLE,PROJECT_GOAL,PROJECT_THUMB_IMG,PROJECT_START_DT,PROJECT_CLOSE_DT,PROJECT_HASHTAG,PROJECT_MAIN_IMG,PROJECT_SUMMARY,PROJECT_AT_NM,PROJECT_AT_PF,PROJECT_AT_SNS1,PROJECT_AT_SNS2,PROJECT_AT_CONT,PROJECT_AT_EM,PROJECT_ER_DT,PROJECT_MF_DT,PROJECT_WRITER,PROJECT_CT_NO,PROJECT_ST_NO,PROJECT_COUNT,PROJECT_AT_INT,PROJECT_TOTAL) values (1579,'위안부피해 소녀들의 이야기 연극 ''꽃길'' 대만편','위안부피해 소녀들의 이야기 연극 ''꽃길'' 대만편',5000000,'1579_20191016192902_thumb.jpg',to_date('19/10/16','RR/MM/DD'),to_date('19/11/05','RR/MM/DD'),'해시태그,연극','1579_20191016192902_main.jpg','test','test','1579_20191016192902_artist.jpg','test','test','000-000-0000','test',to_date('19/10/16','RR/MM/DD'),to_date('19/10/16','RR/MM/DD'),10,3,4,0,'test',0);
Insert into DODREAM.PROJECT_TB (PROJECT_NO,PROJECT_TITLE,PROJECT_STITLE,PROJECT_GOAL,PROJECT_THUMB_IMG,PROJECT_START_DT,PROJECT_CLOSE_DT,PROJECT_HASHTAG,PROJECT_MAIN_IMG,PROJECT_SUMMARY,PROJECT_AT_NM,PROJECT_AT_PF,PROJECT_AT_SNS1,PROJECT_AT_SNS2,PROJECT_AT_CONT,PROJECT_AT_EM,PROJECT_ER_DT,PROJECT_MF_DT,PROJECT_WRITER,PROJECT_CT_NO,PROJECT_ST_NO,PROJECT_COUNT,PROJECT_AT_INT,PROJECT_TOTAL) values (1580,null,null,null,null,null,null,null,null,null,null,null,null,null,null,null,to_date('19/10/16','RR/MM/DD'),to_date('19/10/16','RR/MM/DD'),null,null,0,0,null,0);
Insert into DODREAM.PROJECT_TB (PROJECT_NO,PROJECT_TITLE,PROJECT_STITLE,PROJECT_GOAL,PROJECT_THUMB_IMG,PROJECT_START_DT,PROJECT_CLOSE_DT,PROJECT_HASHTAG,PROJECT_MAIN_IMG,PROJECT_SUMMARY,PROJECT_AT_NM,PROJECT_AT_PF,PROJECT_AT_SNS1,PROJECT_AT_SNS2,PROJECT_AT_CONT,PROJECT_AT_EM,PROJECT_ER_DT,PROJECT_MF_DT,PROJECT_WRITER,PROJECT_CT_NO,PROJECT_ST_NO,PROJECT_COUNT,PROJECT_AT_INT,PROJECT_TOTAL) values (1581,'강원도 춘천 <청소년극단 무하>, 대학로 도전기','강원도 춘천 <청소년극단 무하>, 대학로 도전기',8000000,'1581_20191016193102_thumb.jpg',to_date('19/10/16','RR/MM/DD'),to_date('19/10/26','RR/MM/DD'),'청소년,연극,대학로','1581_20191016193102_main.jpg','test','test','1581_20191016193102_artist.jpg','test','test','000-0000-00000','test',to_date('19/10/16','RR/MM/DD'),to_date('19/10/16','RR/MM/DD'),10,3,4,0,'test',0);
Insert into DODREAM.PROJECT_TB (PROJECT_NO,PROJECT_TITLE,PROJECT_STITLE,PROJECT_GOAL,PROJECT_THUMB_IMG,PROJECT_START_DT,PROJECT_CLOSE_DT,PROJECT_HASHTAG,PROJECT_MAIN_IMG,PROJECT_SUMMARY,PROJECT_AT_NM,PROJECT_AT_PF,PROJECT_AT_SNS1,PROJECT_AT_SNS2,PROJECT_AT_CONT,PROJECT_AT_EM,PROJECT_ER_DT,PROJECT_MF_DT,PROJECT_WRITER,PROJECT_CT_NO,PROJECT_ST_NO,PROJECT_COUNT,PROJECT_AT_INT,PROJECT_TOTAL) values (1582,'2차 앵콜 펀딩 영화[좋아해, 너를] 개봉 확정 기념 유료 시사회','일본 영화 [좋아해, 너를] 개봉 확정',20000000,'1582_20191016193422_thumb.PNG',to_date('19/10/16','RR/MM/DD'),to_date('19/10/26','RR/MM/DD'),'시사회, 좋아해너를, 일본영화, 로맨스, 멜로','Pz3y4CkYILs','사랑에 빠지는 순간을 그린 NU’EST 렌 주연의 일본 영화 [좋아해, 너를] 개봉 확정 기념으로 유료 시사회를 진행하게 되었습니다. 시사회에 참여하셔서 같이 기쁨을 누려주세요!','너를','1582_20191016193422_artist.PNG','btryr','sevrt','010-7653-2164','fewrawe@asdf.co.kr',to_date('19/10/16','RR/MM/DD'),to_date('19/10/16','RR/MM/DD'),9,2,4,2,'aweraw',0);
Insert into DODREAM.PROJECT_TB (PROJECT_NO,PROJECT_TITLE,PROJECT_STITLE,PROJECT_GOAL,PROJECT_THUMB_IMG,PROJECT_START_DT,PROJECT_CLOSE_DT,PROJECT_HASHTAG,PROJECT_MAIN_IMG,PROJECT_SUMMARY,PROJECT_AT_NM,PROJECT_AT_PF,PROJECT_AT_SNS1,PROJECT_AT_SNS2,PROJECT_AT_CONT,PROJECT_AT_EM,PROJECT_ER_DT,PROJECT_MF_DT,PROJECT_WRITER,PROJECT_CT_NO,PROJECT_ST_NO,PROJECT_COUNT,PROJECT_AT_INT,PROJECT_TOTAL) values (1583,' 종이꽃DIY키트 프로젝트','시들지 않는 꽃으로 인테리어 준비 끝! [페이퍼플라워 DIY 키트]',1000000,'1583_20191016201357_thumb.jpg',to_date('19/10/16','RR/MM/DD'),to_date('19/10/26','RR/MM/DD'),'페이퍼플라워,디자인소품','1583_20191016201357_main.jpg','가성비와 가심비를 모두 잡은
<br>
<br>','꽃꽃','1583_20191016201357_artist.jpg','꽃꽃','꽃꽃','010-2222-3333','꽃꽃@꽃꽃.co.kr',to_date('19/10/16','RR/MM/DD'),to_date('19/10/16','RR/MM/DD'),120,9,2,1,'꽃꽃',0);
Insert into DODREAM.PROJECT_TB (PROJECT_NO,PROJECT_TITLE,PROJECT_STITLE,PROJECT_GOAL,PROJECT_THUMB_IMG,PROJECT_START_DT,PROJECT_CLOSE_DT,PROJECT_HASHTAG,PROJECT_MAIN_IMG,PROJECT_SUMMARY,PROJECT_AT_NM,PROJECT_AT_PF,PROJECT_AT_SNS1,PROJECT_AT_SNS2,PROJECT_AT_CONT,PROJECT_AT_EM,PROJECT_ER_DT,PROJECT_MF_DT,PROJECT_WRITER,PROJECT_CT_NO,PROJECT_ST_NO,PROJECT_COUNT,PROJECT_AT_INT,PROJECT_TOTAL) values (1584,'뮤지컬 위대한 캣츠비 [RE:BOOT] 공식 OST','뮤지컬 위대한 캣츠비 [RE:BOOT] 공식 OST',5500000,'1584_20191016193228_thumb.jpg',to_date('19/10/16','RR/MM/DD'),to_date('19/10/26','RR/MM/DD'),'연극,캣츠비','1584_20191016193228_main.jpg','test','tset','1584_20191016193228_artist.jpg','test','test','000-000-0000','test',to_date('19/10/16','RR/MM/DD'),to_date('19/10/16','RR/MM/DD'),10,3,4,19,'test',0);
Insert into DODREAM.PROJECT_TB (PROJECT_NO,PROJECT_TITLE,PROJECT_STITLE,PROJECT_GOAL,PROJECT_THUMB_IMG,PROJECT_START_DT,PROJECT_CLOSE_DT,PROJECT_HASHTAG,PROJECT_MAIN_IMG,PROJECT_SUMMARY,PROJECT_AT_NM,PROJECT_AT_PF,PROJECT_AT_SNS1,PROJECT_AT_SNS2,PROJECT_AT_CONT,PROJECT_AT_EM,PROJECT_ER_DT,PROJECT_MF_DT,PROJECT_WRITER,PROJECT_CT_NO,PROJECT_ST_NO,PROJECT_COUNT,PROJECT_AT_INT,PROJECT_TOTAL) values (1585,'스릴러의 외피를두른 심리드라마, 연극 [도둑맞은 책]','스릴러의 외피를두른 심리드라마, 연극 [도둑맞은 책]',18000000,'1585_20191016193402_thumb.jpg',to_date('19/10/16','RR/MM/DD'),to_date('19/10/26','RR/MM/DD'),'연극','1585_20191016193402_main.jpg','test','test','1585_20191016193402_artist.jpg','test','test','000-0000-0000','test',to_date('19/10/16','RR/MM/DD'),to_date('19/10/16','RR/MM/DD'),10,3,4,1,'test',0);
Insert into DODREAM.PROJECT_TB (PROJECT_NO,PROJECT_TITLE,PROJECT_STITLE,PROJECT_GOAL,PROJECT_THUMB_IMG,PROJECT_START_DT,PROJECT_CLOSE_DT,PROJECT_HASHTAG,PROJECT_MAIN_IMG,PROJECT_SUMMARY,PROJECT_AT_NM,PROJECT_AT_PF,PROJECT_AT_SNS1,PROJECT_AT_SNS2,PROJECT_AT_CONT,PROJECT_AT_EM,PROJECT_ER_DT,PROJECT_MF_DT,PROJECT_WRITER,PROJECT_CT_NO,PROJECT_ST_NO,PROJECT_COUNT,PROJECT_AT_INT,PROJECT_TOTAL) values (1587,null,null,null,null,null,null,null,null,null,null,null,null,null,null,null,to_date('19/10/16','RR/MM/DD'),to_date('19/10/16','RR/MM/DD'),null,null,0,0,null,0);
Insert into DODREAM.PROJECT_TB (PROJECT_NO,PROJECT_TITLE,PROJECT_STITLE,PROJECT_GOAL,PROJECT_THUMB_IMG,PROJECT_START_DT,PROJECT_CLOSE_DT,PROJECT_HASHTAG,PROJECT_MAIN_IMG,PROJECT_SUMMARY,PROJECT_AT_NM,PROJECT_AT_PF,PROJECT_AT_SNS1,PROJECT_AT_SNS2,PROJECT_AT_CONT,PROJECT_AT_EM,PROJECT_ER_DT,PROJECT_MF_DT,PROJECT_WRITER,PROJECT_CT_NO,PROJECT_ST_NO,PROJECT_COUNT,PROJECT_AT_INT,PROJECT_TOTAL) values (1588,'우리와 닮아있는 공장의 세상, 견성로 168번길','우리와 닮아있는 공장의 세상, 견성로 168번길',5000000,'1588_20191016193525_thumb.jpg',to_date('19/10/16','RR/MM/DD'),to_date('19/10/26','RR/MM/DD'),'태그','1588_20191016193525_main.jpg','test','test','1588_20191016193525_artist.jpg','test','test','000-0000-00000','test',to_date('19/10/16','RR/MM/DD'),to_date('19/10/16','RR/MM/DD'),10,3,4,0,'test',0);
Insert into DODREAM.PROJECT_TB (PROJECT_NO,PROJECT_TITLE,PROJECT_STITLE,PROJECT_GOAL,PROJECT_THUMB_IMG,PROJECT_START_DT,PROJECT_CLOSE_DT,PROJECT_HASHTAG,PROJECT_MAIN_IMG,PROJECT_SUMMARY,PROJECT_AT_NM,PROJECT_AT_PF,PROJECT_AT_SNS1,PROJECT_AT_SNS2,PROJECT_AT_CONT,PROJECT_AT_EM,PROJECT_ER_DT,PROJECT_MF_DT,PROJECT_WRITER,PROJECT_CT_NO,PROJECT_ST_NO,PROJECT_COUNT,PROJECT_AT_INT,PROJECT_TOTAL) values (1589,'<블랙> 미라클 시사회','당신에게 보여주고 싶었던 세상, 영화 <블랙> ',100000,'1589_20191016193815_thumb.PNG',to_date('19/10/16','RR/MM/DD'),to_date('19/12/15','RR/MM/DD'),'재개봉, 시사회','1589_20191016193815_main.PNG','당신에게 보여주고 싶었던 세상, 영화 <블랙> <br> 영화 <블랙> 의 재개봉 미라클 시사회와 1+1 예매권을 크라우드 펀딩으로 진행합니다.','블랙','1589_20191016193815_artist.PNG','resrsd','erter','010-8529-6374','asdfw@asdf.co.kr',to_date('19/10/16','RR/MM/DD'),to_date('19/10/16','RR/MM/DD'),9,2,4,0,'2009년 많은 관객들에게 저마다의 의미를, 빛을 주었던 영화 <블랙> ',0);
Insert into DODREAM.PROJECT_TB (PROJECT_NO,PROJECT_TITLE,PROJECT_STITLE,PROJECT_GOAL,PROJECT_THUMB_IMG,PROJECT_START_DT,PROJECT_CLOSE_DT,PROJECT_HASHTAG,PROJECT_MAIN_IMG,PROJECT_SUMMARY,PROJECT_AT_NM,PROJECT_AT_PF,PROJECT_AT_SNS1,PROJECT_AT_SNS2,PROJECT_AT_CONT,PROJECT_AT_EM,PROJECT_ER_DT,PROJECT_MF_DT,PROJECT_WRITER,PROJECT_CT_NO,PROJECT_ST_NO,PROJECT_COUNT,PROJECT_AT_INT,PROJECT_TOTAL) values (1590,'맛집탐방','맛집탐방',100000,'1590_20191016201439_thumb.jpg',to_date('19/10/16','RR/MM/DD'),to_date('19/10/26','RR/MM/DD'),'맛집,배가고프다,맛집','1590_20191016201439_main.jpg','맛집맛집','맛있다','1590_20191016201439_artist.jpg','lulu','lulu','010-2222-3333','delicious@lulu.co.kr',to_date('19/10/16','RR/MM/DD'),to_date('19/10/16','RR/MM/DD'),120,9,2,0,'delicious',0);
Insert into DODREAM.PROJECT_TB (PROJECT_NO,PROJECT_TITLE,PROJECT_STITLE,PROJECT_GOAL,PROJECT_THUMB_IMG,PROJECT_START_DT,PROJECT_CLOSE_DT,PROJECT_HASHTAG,PROJECT_MAIN_IMG,PROJECT_SUMMARY,PROJECT_AT_NM,PROJECT_AT_PF,PROJECT_AT_SNS1,PROJECT_AT_SNS2,PROJECT_AT_CONT,PROJECT_AT_EM,PROJECT_ER_DT,PROJECT_MF_DT,PROJECT_WRITER,PROJECT_CT_NO,PROJECT_ST_NO,PROJECT_COUNT,PROJECT_AT_INT,PROJECT_TOTAL) values (1591,'초대형 헐리웃 애니메이션 <덕 덕 구스>','애니메이션 <덕 덕 구스>',10000000,'1591_20191016194125_thumb.PNG',to_date('19/10/16','RR/MM/DD'),to_date('19/11/15','RR/MM/DD'),'애니, 드라마, 전체 관람가','1591_20191016194125_main.PNG','크레딧 마지막까지 기다리지 않으셔도 됩니다.
<br>영화 끝나자마자 바로 나오는 내 이름!','덕구','1591_20191016194125_artist.PNG','123','123','010-654-7529','더구@wer.co.kr',to_date('19/10/16','RR/MM/DD'),to_date('19/10/16','RR/MM/DD'),9,2,4,1,'qwe',0);
Insert into DODREAM.PROJECT_TB (PROJECT_NO,PROJECT_TITLE,PROJECT_STITLE,PROJECT_GOAL,PROJECT_THUMB_IMG,PROJECT_START_DT,PROJECT_CLOSE_DT,PROJECT_HASHTAG,PROJECT_MAIN_IMG,PROJECT_SUMMARY,PROJECT_AT_NM,PROJECT_AT_PF,PROJECT_AT_SNS1,PROJECT_AT_SNS2,PROJECT_AT_CONT,PROJECT_AT_EM,PROJECT_ER_DT,PROJECT_MF_DT,PROJECT_WRITER,PROJECT_CT_NO,PROJECT_ST_NO,PROJECT_COUNT,PROJECT_AT_INT,PROJECT_TOTAL) values (1586,'지친 일상에 위로를 주는 작은 판타지,  <하품로드> 여행 일러스트 전시','지친 일상에 위로를 주는 작은 판타지,  <하품로드> 여행 일러스트 전시',1000000,'1586_20191016193850_thumb.jpg',to_date('19/10/16','RR/MM/DD'),to_date('19/10/26','RR/MM/DD'),'여행','1586_20191016193850_main.jpg','지친 일상에 위로를 주는 작은 판타지,  <하품로드> 여행 일러스트 전시',null,null,null,null,null,null,to_date('19/10/16','RR/MM/DD'),to_date('19/10/16','RR/MM/DD'),3,4,0,0,null,0);
Insert into DODREAM.PROJECT_TB (PROJECT_NO,PROJECT_TITLE,PROJECT_STITLE,PROJECT_GOAL,PROJECT_THUMB_IMG,PROJECT_START_DT,PROJECT_CLOSE_DT,PROJECT_HASHTAG,PROJECT_MAIN_IMG,PROJECT_SUMMARY,PROJECT_AT_NM,PROJECT_AT_PF,PROJECT_AT_SNS1,PROJECT_AT_SNS2,PROJECT_AT_CONT,PROJECT_AT_EM,PROJECT_ER_DT,PROJECT_MF_DT,PROJECT_WRITER,PROJECT_CT_NO,PROJECT_ST_NO,PROJECT_COUNT,PROJECT_AT_INT,PROJECT_TOTAL) values (1593,null,null,null,null,null,null,null,null,null,null,null,null,null,null,null,to_date('19/10/16','RR/MM/DD'),to_date('19/10/16','RR/MM/DD'),null,null,0,0,null,0);
Insert into DODREAM.PROJECT_TB (PROJECT_NO,PROJECT_TITLE,PROJECT_STITLE,PROJECT_GOAL,PROJECT_THUMB_IMG,PROJECT_START_DT,PROJECT_CLOSE_DT,PROJECT_HASHTAG,PROJECT_MAIN_IMG,PROJECT_SUMMARY,PROJECT_AT_NM,PROJECT_AT_PF,PROJECT_AT_SNS1,PROJECT_AT_SNS2,PROJECT_AT_CONT,PROJECT_AT_EM,PROJECT_ER_DT,PROJECT_MF_DT,PROJECT_WRITER,PROJECT_CT_NO,PROJECT_ST_NO,PROJECT_COUNT,PROJECT_AT_INT,PROJECT_TOTAL) values (1594,'꽃꽃','페이퍼플라워, 디자인소품',2500000,'1594_20191016201526_thumb.jpg',to_date('19/10/16','RR/MM/DD'),to_date('19/10/26','RR/MM/DD'),'꽃,디자인,소품,인테리어','1594_20191016201526_main.jpg','디자인소품','디자인','1594_20191016201526_artist.jpg','designflower','designflower','023-333-4744','designflower@kh.co.kr',to_date('19/10/16','RR/MM/DD'),to_date('19/10/16','RR/MM/DD'),120,9,6,0,'designflower',0);
Insert into DODREAM.PROJECT_TB (PROJECT_NO,PROJECT_TITLE,PROJECT_STITLE,PROJECT_GOAL,PROJECT_THUMB_IMG,PROJECT_START_DT,PROJECT_CLOSE_DT,PROJECT_HASHTAG,PROJECT_MAIN_IMG,PROJECT_SUMMARY,PROJECT_AT_NM,PROJECT_AT_PF,PROJECT_AT_SNS1,PROJECT_AT_SNS2,PROJECT_AT_CONT,PROJECT_AT_EM,PROJECT_ER_DT,PROJECT_MF_DT,PROJECT_WRITER,PROJECT_CT_NO,PROJECT_ST_NO,PROJECT_COUNT,PROJECT_AT_INT,PROJECT_TOTAL) values (1595,null,null,null,null,null,null,null,null,null,null,null,null,null,null,null,to_date('19/10/16','RR/MM/DD'),to_date('19/10/16','RR/MM/DD'),null,null,0,0,null,0);
Insert into DODREAM.PROJECT_TB (PROJECT_NO,PROJECT_TITLE,PROJECT_STITLE,PROJECT_GOAL,PROJECT_THUMB_IMG,PROJECT_START_DT,PROJECT_CLOSE_DT,PROJECT_HASHTAG,PROJECT_MAIN_IMG,PROJECT_SUMMARY,PROJECT_AT_NM,PROJECT_AT_PF,PROJECT_AT_SNS1,PROJECT_AT_SNS2,PROJECT_AT_CONT,PROJECT_AT_EM,PROJECT_ER_DT,PROJECT_MF_DT,PROJECT_WRITER,PROJECT_CT_NO,PROJECT_ST_NO,PROJECT_COUNT,PROJECT_AT_INT,PROJECT_TOTAL) values (1596,null,null,null,null,null,null,null,null,null,null,null,null,null,null,null,to_date('19/10/16','RR/MM/DD'),to_date('19/10/16','RR/MM/DD'),null,null,0,0,null,0);
Insert into DODREAM.PROJECT_TB (PROJECT_NO,PROJECT_TITLE,PROJECT_STITLE,PROJECT_GOAL,PROJECT_THUMB_IMG,PROJECT_START_DT,PROJECT_CLOSE_DT,PROJECT_HASHTAG,PROJECT_MAIN_IMG,PROJECT_SUMMARY,PROJECT_AT_NM,PROJECT_AT_PF,PROJECT_AT_SNS1,PROJECT_AT_SNS2,PROJECT_AT_CONT,PROJECT_AT_EM,PROJECT_ER_DT,PROJECT_MF_DT,PROJECT_WRITER,PROJECT_CT_NO,PROJECT_ST_NO,PROJECT_COUNT,PROJECT_AT_INT,PROJECT_TOTAL) values (1597,'한?중?일 합작프로젝트 영화 <안녕, 티라노>','최강 포식자지만 더이상 육식',25000000,'1597_20191016194445_thumb.PNG',to_date('19/10/16','RR/MM/DD'),to_date('19/11/25','RR/MM/DD'),'에니메이션, 한중일 합작','1597_20191016194445_main.PNG','전 세계 판매부수 300만부 넘게 판매된 「고녀석맛있겠다」를 원작으로, <명탐정 코난> 애니메이션 극장판으로 유명한 시즈노 코분 감독, <마지막 황제>의 사카모토 류이치 음악감독, 아톰의 테즈카 프로덕션 등 세계 최고의 제작진이 참여하여 완성도 높은 애니메이션 영화를 만들어 보일 예정입니다.','티라노','1597_20191016194445_artist.PNG','44343','3453','010-7418-5293','티라노@xlfksh.co.kr',to_date('19/10/16','RR/MM/DD'),to_date('19/10/16','RR/MM/DD'),9,2,4,3,'xlfksh',0);
Insert into DODREAM.PROJECT_TB (PROJECT_NO,PROJECT_TITLE,PROJECT_STITLE,PROJECT_GOAL,PROJECT_THUMB_IMG,PROJECT_START_DT,PROJECT_CLOSE_DT,PROJECT_HASHTAG,PROJECT_MAIN_IMG,PROJECT_SUMMARY,PROJECT_AT_NM,PROJECT_AT_PF,PROJECT_AT_SNS1,PROJECT_AT_SNS2,PROJECT_AT_CONT,PROJECT_AT_EM,PROJECT_ER_DT,PROJECT_MF_DT,PROJECT_WRITER,PROJECT_CT_NO,PROJECT_ST_NO,PROJECT_COUNT,PROJECT_AT_INT,PROJECT_TOTAL) values (1598,'관계를 깨우는 100가지 대화 <만약카드>','우리는 “대화가 어떻게 관계를 깨울 것인가?”를 고민했습니다. 그리고 ',1500000,'1598_20191016201657_thumb.jpg',to_date('19/10/16','RR/MM/DD'),to_date('19/10/26','RR/MM/DD'),'만약,만약카드,if,관계','1598_20191016201657_main.jpg','“대화가 어떻게 관계를 깨울 것인가?"
<br>
<br>
<br>
<br>삭막한 현대 사회, 걷잡을 수 없이 멀어져만 가는 사람들을 보며 와이스토리는 생각했습니다. "어쩌면 대화가 해답이 될 수 있지 않을까?"
<br>
<br>관계 회복을 위한 수단이 대화라면 대화는 어떻게 관계를 깨울 수 있을까요?
<br>해답은 "만약"에 있었습니다.
<br>
<br>"만약"이라는 질문이 순수하고 솔직한 관계 속으로 당신을 이끌어 줄 것입니다.','ifif','1598_20191016201657_artist.jpg','ifif','ifif','012-345-6476','if@kh.co.kr',to_date('19/10/16','RR/MM/DD'),to_date('19/10/16','RR/MM/DD'),120,9,3,0,'ifif',0);
Insert into DODREAM.PROJECT_TB (PROJECT_NO,PROJECT_TITLE,PROJECT_STITLE,PROJECT_GOAL,PROJECT_THUMB_IMG,PROJECT_START_DT,PROJECT_CLOSE_DT,PROJECT_HASHTAG,PROJECT_MAIN_IMG,PROJECT_SUMMARY,PROJECT_AT_NM,PROJECT_AT_PF,PROJECT_AT_SNS1,PROJECT_AT_SNS2,PROJECT_AT_CONT,PROJECT_AT_EM,PROJECT_ER_DT,PROJECT_MF_DT,PROJECT_WRITER,PROJECT_CT_NO,PROJECT_ST_NO,PROJECT_COUNT,PROJECT_AT_INT,PROJECT_TOTAL) values (1600,null,null,null,null,null,null,null,null,null,null,null,null,null,null,null,to_date('19/10/16','RR/MM/DD'),to_date('19/10/16','RR/MM/DD'),null,null,0,0,null,0);
REM INSERTING into DODREAM.REPLY
SET DEFINE OFF;
Insert into DODREAM.REPLY (REPLY_NO,REPLY_CONTENT,REPLY_STATUS,REPLY_WRI_DT,REPLY_MODI_DT,REPLY_REF_PNO,REPLY_WRITER,REPLY_CG_NO) values (68,'테스트용 댓글입니다.<br>문의 잘 되나요?','Y',to_date('19/10/16','RR/MM/DD'),to_date('19/10/16','RR/MM/DD'),127,9,2);
Insert into DODREAM.REPLY (REPLY_NO,REPLY_CONTENT,REPLY_STATUS,REPLY_WRI_DT,REPLY_MODI_DT,REPLY_REF_PNO,REPLY_WRITER,REPLY_CG_NO) values (69,'윤종신 너무 좋아요♥','Y',to_date('19/10/16','RR/MM/DD'),to_date('19/10/16','RR/MM/DD'),1054,9,1);
Insert into DODREAM.REPLY (REPLY_NO,REPLY_CONTENT,REPLY_STATUS,REPLY_WRI_DT,REPLY_MODI_DT,REPLY_REF_PNO,REPLY_WRITER,REPLY_CG_NO) values (70,'홍대광밴드 화이팅!','Y',to_date('19/10/16','RR/MM/DD'),to_date('19/10/16','RR/MM/DD'),1459,9,1);
Insert into DODREAM.REPLY (REPLY_NO,REPLY_CONTENT,REPLY_STATUS,REPLY_WRI_DT,REPLY_MODI_DT,REPLY_REF_PNO,REPLY_WRITER,REPLY_CG_NO) values (71,'달빛천사 펀딩 언제까지 하시나요?','Y',to_date('19/10/16','RR/MM/DD'),to_date('19/10/16','RR/MM/DD'),1022,9,2);
Insert into DODREAM.REPLY (REPLY_NO,REPLY_CONTENT,REPLY_STATUS,REPLY_WRI_DT,REPLY_MODI_DT,REPLY_REF_PNO,REPLY_WRITER,REPLY_CG_NO) values (73,'멋있어요.<br>힘내세요.','N',to_date('19/10/17','RR/MM/DD'),to_date('19/10/17','RR/MM/DD'),1621,3,1);
Insert into DODREAM.REPLY (REPLY_NO,REPLY_CONTENT,REPLY_STATUS,REPLY_WRI_DT,REPLY_MODI_DT,REPLY_REF_PNO,REPLY_WRITER,REPLY_CG_NO) values (74,'그림이 예뻐요.','N',to_date('19/10/17','RR/MM/DD'),to_date('19/10/17','RR/MM/DD'),1592,3,1);
Insert into DODREAM.REPLY (REPLY_NO,REPLY_CONTENT,REPLY_STATUS,REPLY_WRI_DT,REPLY_MODI_DT,REPLY_REF_PNO,REPLY_WRITER,REPLY_CG_NO) values (75,'그림이 멋있어요.<br>빨리받아보고 싶어요.','Y',to_date('19/10/17','RR/MM/DD'),to_date('19/10/17','RR/MM/DD'),1592,17,1);
Insert into DODREAM.REPLY (REPLY_NO,REPLY_CONTENT,REPLY_STATUS,REPLY_WRI_DT,REPLY_MODI_DT,REPLY_REF_PNO,REPLY_WRITER,REPLY_CG_NO) values (76,'언제쯤 받아볼수 있을까요?','Y',to_date('19/10/17','RR/MM/DD'),to_date('19/10/17','RR/MM/DD'),1592,17,2);
Insert into DODREAM.REPLY (REPLY_NO,REPLY_CONTENT,REPLY_STATUS,REPLY_WRI_DT,REPLY_MODI_DT,REPLY_REF_PNO,REPLY_WRITER,REPLY_CG_NO) values (77,'12','Y',to_date('19/10/17','RR/MM/DD'),to_date('19/10/17','RR/MM/DD'),129,17,2);
Insert into DODREAM.REPLY (REPLY_NO,REPLY_CONTENT,REPLY_STATUS,REPLY_WRI_DT,REPLY_MODI_DT,REPLY_REF_PNO,REPLY_WRITER,REPLY_CG_NO) values (78,'sd','Y',to_date('19/10/17','RR/MM/DD'),to_date('19/10/17','RR/MM/DD'),1621,17,1);
Insert into DODREAM.REPLY (REPLY_NO,REPLY_CONTENT,REPLY_STATUS,REPLY_WRI_DT,REPLY_MODI_DT,REPLY_REF_PNO,REPLY_WRITER,REPLY_CG_NO) values (79,'어서 받아보고 싶어요','Y',to_date('19/10/17','RR/MM/DD'),to_date('19/10/17','RR/MM/DD'),1621,109,1);
Insert into DODREAM.REPLY (REPLY_NO,REPLY_CONTENT,REPLY_STATUS,REPLY_WRI_DT,REPLY_MODI_DT,REPLY_REF_PNO,REPLY_WRITER,REPLY_CG_NO) values (80,'ㅋㅋ','Y',to_date('19/10/17','RR/MM/DD'),to_date('19/10/17','RR/MM/DD'),1592,109,2);
Insert into DODREAM.REPLY (REPLY_NO,REPLY_CONTENT,REPLY_STATUS,REPLY_WRI_DT,REPLY_MODI_DT,REPLY_REF_PNO,REPLY_WRITER,REPLY_CG_NO) values (81,'111','N',to_date('19/10/17','RR/MM/DD'),to_date('19/10/17','RR/MM/DD'),1631,109,2);
Insert into DODREAM.REPLY (REPLY_NO,REPLY_CONTENT,REPLY_STATUS,REPLY_WRI_DT,REPLY_MODI_DT,REPLY_REF_PNO,REPLY_WRITER,REPLY_CG_NO) values (82,'ㅇㄹㅇㄹ','N',to_date('19/10/17','RR/MM/DD'),to_date('19/10/17','RR/MM/DD'),1463,4,1);
Insert into DODREAM.REPLY (REPLY_NO,REPLY_CONTENT,REPLY_STATUS,REPLY_WRI_DT,REPLY_MODI_DT,REPLY_REF_PNO,REPLY_WRITER,REPLY_CG_NO) values (83,'sdsss','N',to_date('19/10/17','RR/MM/DD'),to_date('19/10/17','RR/MM/DD'),1463,17,2);
Insert into DODREAM.REPLY (REPLY_NO,REPLY_CONTENT,REPLY_STATUS,REPLY_WRI_DT,REPLY_MODI_DT,REPLY_REF_PNO,REPLY_WRITER,REPLY_CG_NO) values (84,'아자!<br>!!','N',to_date('19/10/17','RR/MM/DD'),to_date('19/10/17','RR/MM/DD'),1463,17,1);
Insert into DODREAM.REPLY (REPLY_NO,REPLY_CONTENT,REPLY_STATUS,REPLY_WRI_DT,REPLY_MODI_DT,REPLY_REF_PNO,REPLY_WRITER,REPLY_CG_NO) values (85,'ㅎㅎ','Y',to_date('19/10/17','RR/MM/DD'),to_date('19/10/17','RR/MM/DD'),1693,124,1);
Insert into DODREAM.REPLY (REPLY_NO,REPLY_CONTENT,REPLY_STATUS,REPLY_WRI_DT,REPLY_MODI_DT,REPLY_REF_PNO,REPLY_WRITER,REPLY_CG_NO) values (86,'hongkong free','Y',to_date('19/10/17','RR/MM/DD'),to_date('19/10/17','RR/MM/DD'),1463,132,1);
Insert into DODREAM.REPLY (REPLY_NO,REPLY_CONTENT,REPLY_STATUS,REPLY_WRI_DT,REPLY_MODI_DT,REPLY_REF_PNO,REPLY_WRITER,REPLY_CG_NO) values (87,'댓글<br>123','N',to_date('19/10/17','RR/MM/DD'),to_date('19/10/17','RR/MM/DD'),1592,17,1);
Insert into DODREAM.REPLY (REPLY_NO,REPLY_CONTENT,REPLY_STATUS,REPLY_WRI_DT,REPLY_MODI_DT,REPLY_REF_PNO,REPLY_WRITER,REPLY_CG_NO) values (88,'"북두의 권은 무적이다!"','Y',to_date('19/10/17','RR/MM/DD'),to_date('19/10/17','RR/MM/DD'),1669,126,1);
Insert into DODREAM.REPLY (REPLY_NO,REPLY_CONTENT,REPLY_STATUS,REPLY_WRI_DT,REPLY_MODI_DT,REPLY_REF_PNO,REPLY_WRITER,REPLY_CG_NO) values (89,'요새는 개그맨이 음반도 내요?','Y',to_date('19/10/17','RR/MM/DD'),to_date('19/10/17','RR/MM/DD'),1054,126,2);
Insert into DODREAM.REPLY (REPLY_NO,REPLY_CONTENT,REPLY_STATUS,REPLY_WRI_DT,REPLY_MODI_DT,REPLY_REF_PNO,REPLY_WRITER,REPLY_CG_NO) values (57,'s','Y',to_date('19/10/10','RR/MM/DD'),to_date('19/10/10','RR/MM/DD'),127,17,1);
Insert into DODREAM.REPLY (REPLY_NO,REPLY_CONTENT,REPLY_STATUS,REPLY_WRI_DT,REPLY_MODI_DT,REPLY_REF_PNO,REPLY_WRITER,REPLY_CG_NO) values (59,'문의합니다.ㅇㅇㅇ','Y',to_date('19/10/13','RR/MM/DD'),to_date('19/10/13','RR/MM/DD'),127,110,2);
Insert into DODREAM.REPLY (REPLY_NO,REPLY_CONTENT,REPLY_STATUS,REPLY_WRI_DT,REPLY_MODI_DT,REPLY_REF_PNO,REPLY_WRITER,REPLY_CG_NO) values (61,'asdasd123','N',to_date('19/10/16','RR/MM/DD'),to_date('19/10/16','RR/MM/DD'),127,79,2);
Insert into DODREAM.REPLY (REPLY_NO,REPLY_CONTENT,REPLY_STATUS,REPLY_WRI_DT,REPLY_MODI_DT,REPLY_REF_PNO,REPLY_WRITER,REPLY_CG_NO) values (66,'가나다','Y',to_date('19/10/16','RR/MM/DD'),to_date('19/10/16','RR/MM/DD'),127,3,1);
Insert into DODREAM.REPLY (REPLY_NO,REPLY_CONTENT,REPLY_STATUS,REPLY_WRI_DT,REPLY_MODI_DT,REPLY_REF_PNO,REPLY_WRITER,REPLY_CG_NO) values (67,'가<br>나<br>다12341234','Y',to_date('19/10/16','RR/MM/DD'),to_date('19/10/16','RR/MM/DD'),127,3,2);
REM INSERTING into DODREAM.REPLY_CG
SET DEFINE OFF;
Insert into DODREAM.REPLY_CG (REPLY_CG_NO,REPLY_CG_NM) values (1,'응원');
Insert into DODREAM.REPLY_CG (REPLY_CG_NO,REPLY_CG_NM) values (2,'문의');
REM INSERTING into DODREAM.REPORT_REPLY
SET DEFINE OFF;
Insert into DODREAM.REPORT_REPLY (REPORT_RP_NO,REPORT_RP_CONTENT,REPORT_RP_DT,REPORT_RP_REF_RNO,REPORT_RP_WRITER) values (25,'해당 신고 내용 " 저작권 침해같아요 "에 대해 답변드립니다.
걱정마세요. 이미 알고있어요.',to_date('19/10/17','RR/MM/DD'),49,3);
Insert into DODREAM.REPORT_REPLY (REPORT_RP_NO,REPORT_RP_CONTENT,REPORT_RP_DT,REPORT_RP_REF_RNO,REPORT_RP_WRITER) values (26,'해당 신고 내용 " 자립심 페스티벌 "에 대해 답변드립니다.
이미알고있어요.',to_date('19/10/17','RR/MM/DD'),43,1);
REM INSERTING into DODREAM.REPORT_TB
SET DEFINE OFF;
Insert into DODREAM.REPORT_TB (REPORT_NO,REPORT_DATE,REPORT_CONTENT,REPORT_REF_PNO,REPORT_WRITER,REPORT_STATUS) values (45,to_date('19/10/16','RR/MM/DD'),'신고신고!!!',1585,17,'Y');
Insert into DODREAM.REPORT_TB (REPORT_NO,REPORT_DATE,REPORT_CONTENT,REPORT_REF_PNO,REPORT_WRITER,REPORT_STATUS) values (46,to_date('19/10/16','RR/MM/DD'),'신고!!신고!!!신고!!!!!!',1578,17,'Y');
Insert into DODREAM.REPORT_TB (REPORT_NO,REPORT_DATE,REPORT_CONTENT,REPORT_REF_PNO,REPORT_WRITER,REPORT_STATUS) values (47,to_date('19/10/16','RR/MM/DD'),'신고합니다.!!!!!!!!',1611,17,'Y');
Insert into DODREAM.REPORT_TB (REPORT_NO,REPORT_DATE,REPORT_CONTENT,REPORT_REF_PNO,REPORT_WRITER,REPORT_STATUS) values (48,to_date('19/10/17','RR/MM/DD'),'사진이 너무 무서워요',1560,120,'Y');
Insert into DODREAM.REPORT_TB (REPORT_NO,REPORT_DATE,REPORT_CONTENT,REPORT_REF_PNO,REPORT_WRITER,REPORT_STATUS) values (49,to_date('19/10/17','RR/MM/DD'),'저작권 침해같아요',1565,120,'N');
Insert into DODREAM.REPORT_TB (REPORT_NO,REPORT_DATE,REPORT_CONTENT,REPORT_REF_PNO,REPORT_WRITER,REPORT_STATUS) values (50,to_date('19/10/17','RR/MM/DD'),'신고 테스트',1463,4,'Y');
Insert into DODREAM.REPORT_TB (REPORT_NO,REPORT_DATE,REPORT_CONTENT,REPORT_REF_PNO,REPORT_WRITER,REPORT_STATUS) values (43,to_date('19/10/16','RR/MM/DD'),'신고 합니다.',1568,17,'N');
Insert into DODREAM.REPORT_TB (REPORT_NO,REPORT_DATE,REPORT_CONTENT,REPORT_REF_PNO,REPORT_WRITER,REPORT_STATUS) values (44,to_date('19/10/16','RR/MM/DD'),'이것도 신고합니다!!',1018,17,'Y');
REM INSERTING into DODREAM.RESERVE
SET DEFINE OFF;
Insert into DODREAM.RESERVE (RESERVE_NO,BILLINGKEY,ADDITIONAL,RESERVE_DATE,RESERVE_NAME,RESERVE_CONTRACT,RESERVE_ADDRESS,RESERVE_REQUEST,RESERVE_USER,RESERVE_REF_PNO,RESERVE_STATUS_NO) values (54,'1018_11_76694_6802',0,to_date('19/10/16','RR/MM/DD'),'연극좋아','01079880904','서울특별시 중구 세종대로 110,1124,04524','이런이런 요청이 있어요',11,1018,1);
Insert into DODREAM.RESERVE (RESERVE_NO,BILLINGKEY,ADDITIONAL,RESERVE_DATE,RESERVE_NAME,RESERVE_CONTRACT,RESERVE_ADDRESS,RESERVE_REQUEST,RESERVE_USER,RESERVE_REF_PNO,RESERVE_STATUS_NO) values (55,'1054_11_81938_6802',1200000,to_date('19/10/16','RR/MM/DD'),'윤종신짱팬','01050006123','충청북도 청주시 서원구 매봉로 82,201동,28694','이런걸 요청하고 싶어요',11,1054,1);
Insert into DODREAM.RESERVE (RESERVE_NO,BILLINGKEY,ADDITIONAL,RESERVE_DATE,RESERVE_NAME,RESERVE_CONTRACT,RESERVE_ADDRESS,RESERVE_REQUEST,RESERVE_USER,RESERVE_REF_PNO,RESERVE_STATUS_NO) values (56,'1022_120_35793_0433',0,to_date('19/10/16','RR/MM/DD'),'제상란','01034414526','서울특별시 양천구 목동중앙남로5길 46,202호,07959','문앞에블라블라',120,1022,1);
Insert into DODREAM.RESERVE (RESERVE_NO,BILLINGKEY,ADDITIONAL,RESERVE_DATE,RESERVE_NAME,RESERVE_CONTRACT,RESERVE_ADDRESS,RESERVE_REQUEST,RESERVE_USER,RESERVE_REF_PNO,RESERVE_STATUS_NO) values (79,'1669_17_91995_6802',0,to_date('19/10/17','RR/MM/DD'),'제가','12345678943','서울특별시 중구 세종대로 110,123,04524','집에가고싶다sdfsdf',17,1669,2);
Insert into DODREAM.RESERVE (RESERVE_NO,BILLINGKEY,ADDITIONAL,RESERVE_DATE,RESERVE_NAME,RESERVE_CONTRACT,RESERVE_ADDRESS,RESERVE_REQUEST,RESERVE_USER,RESERVE_REF_PNO,RESERVE_STATUS_NO) values (58,'1463_114_48986_6802',498000,to_date('19/10/16','RR/MM/DD'),'화성팡인','01050006123','서울특별시 중구 세종대로 110,태평로,04524','집에 가고싶다고',114,1463,1);
Insert into DODREAM.RESERVE (RESERVE_NO,BILLINGKEY,ADDITIONAL,RESERVE_DATE,RESERVE_NAME,RESERVE_CONTRACT,RESERVE_ADDRESS,RESERVE_REQUEST,RESERVE_USER,RESERVE_REF_PNO,RESERVE_STATUS_NO) values (59,'1459_114_12211_6802',0,to_date('19/10/16','RR/MM/DD'),'홍대광팡인','01050006123','서울특별시 중구 세종대로 110,태평로 1가,04524','집에 가고싶다',114,1459,1);
Insert into DODREAM.RESERVE (RESERVE_NO,BILLINGKEY,ADDITIONAL,RESERVE_DATE,RESERVE_NAME,RESERVE_CONTRACT,RESERVE_ADDRESS,RESERVE_REQUEST,RESERVE_USER,RESERVE_REF_PNO,RESERVE_STATUS_NO) values (60,'1568_114_39308_6802',90000,to_date('19/10/16','RR/MM/DD'),'우왕 굳','01050006123','부산광역시 연제구 중앙대로 999,중앙대로 999,47545','집에 가고싶다',114,1568,1);
Insert into DODREAM.RESERVE (RESERVE_NO,BILLINGKEY,ADDITIONAL,RESERVE_DATE,RESERVE_NAME,RESERVE_CONTRACT,RESERVE_ADDRESS,RESERVE_REQUEST,RESERVE_USER,RESERVE_REF_PNO,RESERVE_STATUS_NO) values (61,'1634_79_97230_8321',5750000,to_date('19/10/17','RR/MM/DD'),'송창혁','01034675082','서울특별시 강동구 천호대로 1077,101동 4006호,05340','잘 보내주세요',79,1634,1);
Insert into DODREAM.RESERVE (RESERVE_NO,BILLINGKEY,ADDITIONAL,RESERVE_DATE,RESERVE_NAME,RESERVE_CONTRACT,RESERVE_ADDRESS,RESERVE_REQUEST,RESERVE_USER,RESERVE_REF_PNO,RESERVE_STATUS_NO) values (62,'1621_109_98356_6802',1000000,to_date('19/10/17','RR/MM/DD'),'랄랄랄','01050008000','서울특별시 종로구 광화문우체국사서함 123-4,사서함,03187','라라라',109,1621,1);
Insert into DODREAM.RESERVE (RESERVE_NO,BILLINGKEY,ADDITIONAL,RESERVE_DATE,RESERVE_NAME,RESERVE_CONTRACT,RESERVE_ADDRESS,RESERVE_REQUEST,RESERVE_USER,RESERVE_REF_PNO,RESERVE_STATUS_NO) values (63,'1653_4_41403_6802',0,to_date('19/10/17','RR/MM/DD'),'랄랄랄','01050008000','강원도 춘천시 동면 소양강로 104,105동,24209','1124',4,1653,2);
Insert into DODREAM.RESERVE (RESERVE_NO,BILLINGKEY,ADDITIONAL,RESERVE_DATE,RESERVE_NAME,RESERVE_CONTRACT,RESERVE_ADDRESS,RESERVE_REQUEST,RESERVE_USER,RESERVE_REF_PNO,RESERVE_STATUS_NO) values (64,'1661_5_10534_6802',0,to_date('19/10/17','RR/MM/DD'),'111','11111111111','서울특별시 중구 세종대로 110,123,04524','123',5,1661,2);
Insert into DODREAM.RESERVE (RESERVE_NO,BILLINGKEY,ADDITIONAL,RESERVE_DATE,RESERVE_NAME,RESERVE_CONTRACT,RESERVE_ADDRESS,RESERVE_REQUEST,RESERVE_USER,RESERVE_REF_PNO,RESERVE_STATUS_NO) values (65,'1661_4_77195_6802',0,to_date('19/10/17','RR/MM/DD'),'랄랄랄','01050008000','강원도 춘천시 동면 소양강로 104,105동,24209','1124',4,1661,4);
Insert into DODREAM.RESERVE (RESERVE_NO,BILLINGKEY,ADDITIONAL,RESERVE_DATE,RESERVE_NAME,RESERVE_CONTRACT,RESERVE_ADDRESS,RESERVE_REQUEST,RESERVE_USER,RESERVE_REF_PNO,RESERVE_STATUS_NO) values (66,'1661_4_37528_6802',0,to_date('19/10/17','RR/MM/DD'),'랄랄랄','01050008000','강원도 춘천시 동면 소양강로 104,105동,24209','라라라',4,1661,4);
Insert into DODREAM.RESERVE (RESERVE_NO,BILLINGKEY,ADDITIONAL,RESERVE_DATE,RESERVE_NAME,RESERVE_CONTRACT,RESERVE_ADDRESS,RESERVE_REQUEST,RESERVE_USER,RESERVE_REF_PNO,RESERVE_STATUS_NO) values (67,'1661_4_08902_6802',0,to_date('19/10/17','RR/MM/DD'),'랄랄랄','01050008000','강원도 춘천시 동면 소양강로 104,105동,24209','123',4,1661,2);
Insert into DODREAM.RESERVE (RESERVE_NO,BILLINGKEY,ADDITIONAL,RESERVE_DATE,RESERVE_NAME,RESERVE_CONTRACT,RESERVE_ADDRESS,RESERVE_REQUEST,RESERVE_USER,RESERVE_REF_PNO,RESERVE_STATUS_NO) values (68,'1669_4_33480_6802',0,to_date('19/10/17','RR/MM/DD'),'랄랄랄','01050008000','강원도 춘천시 동면 소양강로 104,105동,24209','집에 가고싶네용',4,1669,3);
Insert into DODREAM.RESERVE (RESERVE_NO,BILLINGKEY,ADDITIONAL,RESERVE_DATE,RESERVE_NAME,RESERVE_CONTRACT,RESERVE_ADDRESS,RESERVE_REQUEST,RESERVE_USER,RESERVE_REF_PNO,RESERVE_STATUS_NO) values (69,'1013_1_77585_8321',250000,to_date('19/10/17','RR/MM/DD'),'송창혁','01034675082','서울특별시 강동구 천호대로 1077,101동 4006호,05340','잘 보내주세요',1,1013,1);
Insert into DODREAM.RESERVE (RESERVE_NO,BILLINGKEY,ADDITIONAL,RESERVE_DATE,RESERVE_NAME,RESERVE_CONTRACT,RESERVE_ADDRESS,RESERVE_REQUEST,RESERVE_USER,RESERVE_REF_PNO,RESERVE_STATUS_NO) values (70,'1619_1_62250_8321',437500,to_date('19/10/17','RR/MM/DD'),'송창혁','01034675082','서울특별시 강동구 천호대로 1077,101동 4006호,05340',null,1,1619,1);
Insert into DODREAM.RESERVE (RESERVE_NO,BILLINGKEY,ADDITIONAL,RESERVE_DATE,RESERVE_NAME,RESERVE_CONTRACT,RESERVE_ADDRESS,RESERVE_REQUEST,RESERVE_USER,RESERVE_REF_PNO,RESERVE_STATUS_NO) values (71,'1054_120_20541_0433',0,to_date('19/10/17','RR/MM/DD'),'제상란','01033334444','서울특별시 양천구 목동중앙남로5길 46,202호,07959','문앞에블라블라',120,1054,1);
Insert into DODREAM.RESERVE (RESERVE_NO,BILLINGKEY,ADDITIONAL,RESERVE_DATE,RESERVE_NAME,RESERVE_CONTRACT,RESERVE_ADDRESS,RESERVE_REQUEST,RESERVE_USER,RESERVE_REF_PNO,RESERVE_STATUS_NO) values (72,'1621_120_13160_0433',0,to_date('19/10/17','RR/MM/DD'),'제상란','01022223333','서울특별시 양천구 목동중앙남로5길 46,202호,07959','문앞에블라블라',120,1621,1);
Insert into DODREAM.RESERVE (RESERVE_NO,BILLINGKEY,ADDITIONAL,RESERVE_DATE,RESERVE_NAME,RESERVE_CONTRACT,RESERVE_ADDRESS,RESERVE_REQUEST,RESERVE_USER,RESERVE_REF_PNO,RESERVE_STATUS_NO) values (73,'1661_1_57308_6802',0,to_date('19/10/17','RR/MM/DD'),'ㅂ2312','01040005190','서울특별시 강동구 천호대로 1077,101동 4006호,05340','3123',1,1661,1);
Insert into DODREAM.RESERVE (RESERVE_NO,BILLINGKEY,ADDITIONAL,RESERVE_DATE,RESERVE_NAME,RESERVE_CONTRACT,RESERVE_ADDRESS,RESERVE_REQUEST,RESERVE_USER,RESERVE_REF_PNO,RESERVE_STATUS_NO) values (74,'1669_126_39794_6165',0,to_date('19/10/17','RR/MM/DD'),'이름','01051049928','경기도 의정부시 장곡로 240,103동 2103호,11718','인터폰에서 ''넌 이미 죽어있다'' 라고 해주세요',126,1669,2);
Insert into DODREAM.RESERVE (RESERVE_NO,BILLINGKEY,ADDITIONAL,RESERVE_DATE,RESERVE_NAME,RESERVE_CONTRACT,RESERVE_ADDRESS,RESERVE_REQUEST,RESERVE_USER,RESERVE_REF_PNO,RESERVE_STATUS_NO) values (75,'1555_127_85826_2429',0,to_date('19/10/17','RR/MM/DD'),'와디즈직원','01074030081','서울특별시 성동구 용답중앙23길 13,631 -2 2층,04805',null,127,1555,1);
Insert into DODREAM.RESERVE (RESERVE_NO,BILLINGKEY,ADDITIONAL,RESERVE_DATE,RESERVE_NAME,RESERVE_CONTRACT,RESERVE_ADDRESS,RESERVE_REQUEST,RESERVE_USER,RESERVE_REF_PNO,RESERVE_STATUS_NO) values (76,'1669_126_76373_6165',0,to_date('19/10/17','RR/MM/DD'),'만수르','01012345678','서울특별시 용산구 한남대로36길 20-16,아랍에미리트대사관,04417','신속배송 부탁',126,1669,3);
Insert into DODREAM.RESERVE (RESERVE_NO,BILLINGKEY,ADDITIONAL,RESERVE_DATE,RESERVE_NAME,RESERVE_CONTRACT,RESERVE_ADDRESS,RESERVE_REQUEST,RESERVE_USER,RESERVE_REF_PNO,RESERVE_STATUS_NO) values (77,'1463_131_06566_1231',1000,to_date('19/10/17','RR/MM/DD'),'박재식','01024565351','서울특별시 동대문구 휘경로23길 36-3,1층,02426','환불 가능?',131,1463,3);
Insert into DODREAM.RESERVE (RESERVE_NO,BILLINGKEY,ADDITIONAL,RESERVE_DATE,RESERVE_NAME,RESERVE_CONTRACT,RESERVE_ADDRESS,RESERVE_REQUEST,RESERVE_USER,RESERVE_REF_PNO,RESERVE_STATUS_NO) values (78,'1622_129_79320_2159',0,to_date('19/10/17','RR/MM/DD'),'장혜지','01097479458','서울특별시 강북구 인수봉로19길 9,가동,01190','문앞에 둬주세요!',129,1622,3);
Insert into DODREAM.RESERVE (RESERVE_NO,BILLINGKEY,ADDITIONAL,RESERVE_DATE,RESERVE_NAME,RESERVE_CONTRACT,RESERVE_ADDRESS,RESERVE_REQUEST,RESERVE_USER,RESERVE_REF_PNO,RESERVE_STATUS_NO) values (53,'127_114_03002_6802',0,to_date('19/10/16','RR/MM/DD'),'123','01050006123','서울특별시 중구 세종대로 110,ㅂㄷㅂ,04524','ㅂㅈㄷㅂㅈㄷㄴㅇㄹㅈㄷㄱ',114,127,1);
REM INSERTING into DODREAM.RESERVE_STATUS
SET DEFINE OFF;
Insert into DODREAM.RESERVE_STATUS (RESERVE_ST_NO,RESERVE_ST_DETAIL) values (1,'결제대기');
Insert into DODREAM.RESERVE_STATUS (RESERVE_ST_NO,RESERVE_ST_DETAIL) values (2,'결제완료');
Insert into DODREAM.RESERVE_STATUS (RESERVE_ST_NO,RESERVE_ST_DETAIL) values (3,'결제취소');
Insert into DODREAM.RESERVE_STATUS (RESERVE_ST_NO,RESERVE_ST_DETAIL) values (4,'결제실패');
REM INSERTING into DODREAM.REVIEW
SET DEFINE OFF;
Insert into DODREAM.REVIEW (REVIEW_NO,REVIEW_TITLE,REVIEW_ER_DT,REVIEW_MF_DT,REVIEW_STATUS,REVIEW_REF_PNO,REVIEW_WRITER,REVIEW_TN_IMG,REVIEW_IMG,REVIEW_COUNT,REVIEW_SUBTITLE,REVIEW_CNO) values (69,'책에는 없는 이야기 : 연극[헬로, 오즈]',to_date('19/10/16','RR/MM/DD'),to_date('19/10/16','RR/MM/DD'),'Y',1462,2,'20191016210430.PNG',null,3,'단''휠''의 12월 정기공연 [헬로, 오즈]',5);
Insert into DODREAM.REVIEW (REVIEW_NO,REVIEW_TITLE,REVIEW_ER_DT,REVIEW_MF_DT,REVIEW_STATUS,REVIEW_REF_PNO,REVIEW_WRITER,REVIEW_TN_IMG,REVIEW_IMG,REVIEW_COUNT,REVIEW_SUBTITLE,REVIEW_CNO) values (70,'경쟁사회 속 청소년들의 공포를 담다 연극 [괴담]',to_date('19/10/16','RR/MM/DD'),to_date('19/10/16','RR/MM/DD'),'Y',1463,2,'20191016210731.PNG',null,8,'청소년 연극팀 청연,',3);
Insert into DODREAM.REVIEW (REVIEW_NO,REVIEW_TITLE,REVIEW_ER_DT,REVIEW_MF_DT,REVIEW_STATUS,REVIEW_REF_PNO,REVIEW_WRITER,REVIEW_TN_IMG,REVIEW_IMG,REVIEW_COUNT,REVIEW_SUBTITLE,REVIEW_CNO) values (71,'128',to_date('19/10/16','RR/MM/DD'),to_date('19/10/16','RR/MM/DD'),'N',128,3,'20191016212018.gif',null,0,'128',1);
Insert into DODREAM.REVIEW (REVIEW_NO,REVIEW_TITLE,REVIEW_ER_DT,REVIEW_MF_DT,REVIEW_STATUS,REVIEW_REF_PNO,REVIEW_WRITER,REVIEW_TN_IMG,REVIEW_IMG,REVIEW_COUNT,REVIEW_SUBTITLE,REVIEW_CNO) values (72,'프로젝트 테스트',to_date('19/10/17','RR/MM/DD'),to_date('19/10/17','RR/MM/DD'),'N',128,3,'20191017123327.png',null,2,'22',3);
Insert into DODREAM.REVIEW (REVIEW_NO,REVIEW_TITLE,REVIEW_ER_DT,REVIEW_MF_DT,REVIEW_STATUS,REVIEW_REF_PNO,REVIEW_WRITER,REVIEW_TN_IMG,REVIEW_IMG,REVIEW_COUNT,REVIEW_SUBTITLE,REVIEW_CNO) values (73,'프로젝트 테스트',to_date('19/10/17','RR/MM/DD'),to_date('19/10/17','RR/MM/DD'),'N',128,3,'20191017123427.png',null,0,'프로젝트 후기 부제목 수정 테스트',1);
Insert into DODREAM.REVIEW (REVIEW_NO,REVIEW_TITLE,REVIEW_ER_DT,REVIEW_MF_DT,REVIEW_STATUS,REVIEW_REF_PNO,REVIEW_WRITER,REVIEW_TN_IMG,REVIEW_IMG,REVIEW_COUNT,REVIEW_SUBTITLE,REVIEW_CNO) values (54,'펭귄',to_date('19/10/16','RR/MM/DD'),to_date('19/10/16','RR/MM/DD'),'Y',1553,3,'20191016182231.jpg',null,2,'부재',1);
Insert into DODREAM.REVIEW (REVIEW_NO,REVIEW_TITLE,REVIEW_ER_DT,REVIEW_MF_DT,REVIEW_STATUS,REVIEW_REF_PNO,REVIEW_WRITER,REVIEW_TN_IMG,REVIEW_IMG,REVIEW_COUNT,REVIEW_SUBTITLE,REVIEW_CNO) values (49,'테스트 후기 내용입니다.',to_date('19/10/15','RR/MM/DD'),to_date('19/10/15','RR/MM/DD'),'Y',129,3,'20191015093510.jpg',null,16,'신나게 활기차게^^',2);
Insert into DODREAM.REVIEW (REVIEW_NO,REVIEW_TITLE,REVIEW_ER_DT,REVIEW_MF_DT,REVIEW_STATUS,REVIEW_REF_PNO,REVIEW_WRITER,REVIEW_TN_IMG,REVIEW_IMG,REVIEW_COUNT,REVIEW_SUBTITLE,REVIEW_CNO) values (55,'2차 앵콜펀딩! 영화',to_date('19/10/16','RR/MM/DD'),to_date('19/10/16','RR/MM/DD'),'Y',127,3,'20191016201255.PNG',null,5,'[좋아해, 너를]',2);
Insert into DODREAM.REVIEW (REVIEW_NO,REVIEW_TITLE,REVIEW_ER_DT,REVIEW_MF_DT,REVIEW_STATUS,REVIEW_REF_PNO,REVIEW_WRITER,REVIEW_TN_IMG,REVIEW_IMG,REVIEW_COUNT,REVIEW_SUBTITLE,REVIEW_CNO) values (56,'생존자 프로젝트 창작시리즈 연극',to_date('19/10/16','RR/MM/DD'),to_date('19/10/16','RR/MM/DD'),'Y',54,3,'20191016201711.PNG',null,20,'순수창작활동을 위해 모인 젊은 예술가',3);
Insert into DODREAM.REVIEW (REVIEW_NO,REVIEW_TITLE,REVIEW_ER_DT,REVIEW_MF_DT,REVIEW_STATUS,REVIEW_REF_PNO,REVIEW_WRITER,REVIEW_TN_IMG,REVIEW_IMG,REVIEW_COUNT,REVIEW_SUBTITLE,REVIEW_CNO) values (57,'국내 최대규모 회고전 <칼더 온 페이퍼>',to_date('19/10/16','RR/MM/DD'),to_date('19/10/16','RR/MM/DD'),'Y',1013,3,'20191016201959.PNG',null,2,'모빌은 삶의 기쁨과 경이로움으로 춤추는 한 편의 시다.',4);
Insert into DODREAM.REVIEW (REVIEW_NO,REVIEW_TITLE,REVIEW_ER_DT,REVIEW_MF_DT,REVIEW_STATUS,REVIEW_REF_PNO,REVIEW_WRITER,REVIEW_TN_IMG,REVIEW_IMG,REVIEW_COUNT,REVIEW_SUBTITLE,REVIEW_CNO) values (58,'30조 인테리어 시장의 대리석 혁신!',to_date('19/10/16','RR/MM/DD'),to_date('19/10/16','RR/MM/DD'),'Y',1560,3,'20191016202156.PNG',null,0,'적극적 차등배당 실시',5);
Insert into DODREAM.REVIEW (REVIEW_NO,REVIEW_TITLE,REVIEW_ER_DT,REVIEW_MF_DT,REVIEW_STATUS,REVIEW_REF_PNO,REVIEW_WRITER,REVIEW_TN_IMG,REVIEW_IMG,REVIEW_COUNT,REVIEW_SUBTITLE,REVIEW_CNO) values (59,'[전시] 아티스트 200명의 개인전을 관람할 수 있는 기회!',to_date('19/10/16','RR/MM/DD'),to_date('19/10/16','RR/MM/DD'),'Y',1140,3,'20191016202426.PNG',null,0,'아티스트의 자문을 얻어 공간을 구성했습니다',4);
Insert into DODREAM.REVIEW (REVIEW_NO,REVIEW_TITLE,REVIEW_ER_DT,REVIEW_MF_DT,REVIEW_STATUS,REVIEW_REF_PNO,REVIEW_WRITER,REVIEW_TN_IMG,REVIEW_IMG,REVIEW_COUNT,REVIEW_SUBTITLE,REVIEW_CNO) values (60,'싱어송라이터 루리(RuLee) 정규1집 ',to_date('19/10/16','RR/MM/DD'),to_date('19/10/16','RR/MM/DD'),'Y',54,3,'20191016202641.PNG',null,1,'"당신의 노래들" & 앨범쇼케이스',1);
Insert into DODREAM.REVIEW (REVIEW_NO,REVIEW_TITLE,REVIEW_ER_DT,REVIEW_MF_DT,REVIEW_STATUS,REVIEW_REF_PNO,REVIEW_WRITER,REVIEW_TN_IMG,REVIEW_IMG,REVIEW_COUNT,REVIEW_SUBTITLE,REVIEW_CNO) values (61,'10주년 맞이, 그린플러그드 2019!',to_date('19/10/16','RR/MM/DD'),to_date('19/10/16','RR/MM/DD'),'Y',1459,3,'20191016203038.png',null,0,'서울의 10주년을 여러분과 함께 만들어갑니다!',1);
Insert into DODREAM.REVIEW (REVIEW_NO,REVIEW_TITLE,REVIEW_ER_DT,REVIEW_MF_DT,REVIEW_STATUS,REVIEW_REF_PNO,REVIEW_WRITER,REVIEW_TN_IMG,REVIEW_IMG,REVIEW_COUNT,REVIEW_SUBTITLE,REVIEW_CNO) values (62,'<홍대광 밴드의 빅스마일 프로젝트> 음악으로 전하는 큰 웃음',to_date('19/10/16','RR/MM/DD'),to_date('19/10/16','RR/MM/DD'),'Y',1459,3,'20191016203228.PNG',null,1,'공연·컬쳐 #홍대광버스킹투어 프로젝트',1);
Insert into DODREAM.REVIEW (REVIEW_NO,REVIEW_TITLE,REVIEW_ER_DT,REVIEW_MF_DT,REVIEW_STATUS,REVIEW_REF_PNO,REVIEW_WRITER,REVIEW_TN_IMG,REVIEW_IMG,REVIEW_COUNT,REVIEW_SUBTITLE,REVIEW_CNO) values (63,'당신이 찾던 공방제품 ''공방뿌시기''에서 만나자',to_date('19/10/16','RR/MM/DD'),to_date('19/10/16','RR/MM/DD'),'Y',1602,3,'20191016203519.PNG',null,0,'공방뿌시기가 주는 신선한 충격!',9);
Insert into DODREAM.REVIEW (REVIEW_NO,REVIEW_TITLE,REVIEW_ER_DT,REVIEW_MF_DT,REVIEW_STATUS,REVIEW_REF_PNO,REVIEW_WRITER,REVIEW_TN_IMG,REVIEW_IMG,REVIEW_COUNT,REVIEW_SUBTITLE,REVIEW_CNO) values (64,'아날로그 감성의 수제 가죽 카머클립',to_date('19/10/16','RR/MM/DD'),to_date('19/10/16','RR/MM/DD'),'Y',1594,3,'20191016203825.PNG',null,2,'카드와 지폐를 소량 간편하게',9);
Insert into DODREAM.REVIEW (REVIEW_NO,REVIEW_TITLE,REVIEW_ER_DT,REVIEW_MF_DT,REVIEW_STATUS,REVIEW_REF_PNO,REVIEW_WRITER,REVIEW_TN_IMG,REVIEW_IMG,REVIEW_COUNT,REVIEW_SUBTITLE,REVIEW_CNO) values (65,'나의 첫번째 사파이어, 퀸즈링',to_date('19/10/16','RR/MM/DD'),to_date('19/10/16','RR/MM/DD'),'Y',1583,3,'20191016204119.PNG',null,2,'반지의 본질을 놓치지 않은, 반지다운 반지',9);
Insert into DODREAM.REVIEW (REVIEW_NO,REVIEW_TITLE,REVIEW_ER_DT,REVIEW_MF_DT,REVIEW_STATUS,REVIEW_REF_PNO,REVIEW_WRITER,REVIEW_TN_IMG,REVIEW_IMG,REVIEW_COUNT,REVIEW_SUBTITLE,REVIEW_CNO) values (66,'생존자프로젝트 창작시리즈 연극 [面牧洞 면목동]',to_date('19/10/16','RR/MM/DD'),to_date('19/10/16','RR/MM/DD'),'Y',1567,3,'20191016205012.PNG',null,3,'순수창작활동을 위해 모인 젊은 예술가',3);
Insert into DODREAM.REVIEW (REVIEW_NO,REVIEW_TITLE,REVIEW_ER_DT,REVIEW_MF_DT,REVIEW_STATUS,REVIEW_REF_PNO,REVIEW_WRITER,REVIEW_TN_IMG,REVIEW_IMG,REVIEW_COUNT,REVIEW_SUBTITLE,REVIEW_CNO) values (67,'본격 관객참여 카톡연극 #나만빼고 새로운 재미를 보장',to_date('19/10/16','RR/MM/DD'),to_date('19/10/16','RR/MM/DD'),'Y',1608,2,'20191016205712.PNG',null,6,'극단화담의 첫번째 프로젝트 연극 #나만빼고 일상의 소소함을 연극',3);
Insert into DODREAM.REVIEW (REVIEW_NO,REVIEW_TITLE,REVIEW_ER_DT,REVIEW_MF_DT,REVIEW_STATUS,REVIEW_REF_PNO,REVIEW_WRITER,REVIEW_TN_IMG,REVIEW_IMG,REVIEW_COUNT,REVIEW_SUBTITLE,REVIEW_CNO) values (68,'대학로, 연극 [마당씨의 식탁]',to_date('19/10/16','RR/MM/DD'),to_date('19/10/16','RR/MM/DD'),'Y',1584,2,'20191016205906.PNG',null,5,'만화로 많은 사람들의 심금을 울린 ''마당씨의 식탁''이 여러분과 함께',1);
REM INSERTING into DODREAM.REWARD
SET DEFINE OFF;
Insert into DODREAM.REWARD (REWARD_NO,REWARD_PRICE,REWARD_NAME,REWARD_EXPLAIN,REWARD_LIMIT,REWARD_SHIP_CDT,REWARD_SHIP_DT,REWARD_OP_ADD,REWARD_REF_PNO,REWARD_OP_NO,REWARD_AMOUNT) values (2,27000,'[슈퍼얼리버드] 루리 정규 1집 쇼케이스 패키지','1. 정규 앨범 사인 CD 1개<br>2. 아티스트 스티커 1개<br>3. 아티스트 뱃지 1개<br>4. 앨범발매 쇼케이스 티켓 1장(별도 배송 X)',17,'N',to_date('19/11/30','RR/MM/DD'),null,54,1,20);
Insert into DODREAM.REWARD (REWARD_NO,REWARD_PRICE,REWARD_NAME,REWARD_EXPLAIN,REWARD_LIMIT,REWARD_SHIP_CDT,REWARD_SHIP_DT,REWARD_OP_ADD,REWARD_REF_PNO,REWARD_OP_NO,REWARD_AMOUNT) values (3,37000,'[슈퍼얼리버드] 루리 정규 1집 쇼케이스 패키지','1. 정규 앨범 사인 CD 1개<br>2. 아티스트 스티커 2개<br>3. 아티스트 뱃지 2개<br>4. 앨범발매 쇼케이스 티켓 1장 + 리허설 및 관객과의 대화(별도 배송 X)',5,'N',to_date('19/11/30','RR/MM/DD'),null,54,1,5);
Insert into DODREAM.REWARD (REWARD_NO,REWARD_PRICE,REWARD_NAME,REWARD_EXPLAIN,REWARD_LIMIT,REWARD_SHIP_CDT,REWARD_SHIP_DT,REWARD_OP_ADD,REWARD_REF_PNO,REWARD_OP_NO,REWARD_AMOUNT) values (4,30000,'[얼리버드] 루리 정규 1집 쇼케이스 패키지','1. 정규 앨범 사인 CD 1개<br>2. 아티스트 스티커 1개<br>3. 아티스트 뱃지 1개<br>4. 앨범발매 쇼케이스 티켓 1장(별도 배송 X)',25,'N',to_date('19/11/30','RR/MM/DD'),null,54,1,25);
Insert into DODREAM.REWARD (REWARD_NO,REWARD_PRICE,REWARD_NAME,REWARD_EXPLAIN,REWARD_LIMIT,REWARD_SHIP_CDT,REWARD_SHIP_DT,REWARD_OP_ADD,REWARD_REF_PNO,REWARD_OP_NO,REWARD_AMOUNT) values (5,40000,'[얼리버드] 루리 정규 1집 쇼케이스 패키지','1. 정규 앨범 사인 CD 1개<br>2. 아티스트 스티커 2개<br>3. 아티스트 뱃지 2개<br>4. 앨범발매 쇼케이스 티켓 1장 + 리허설 및 관객과의 대화(별도 배송 X)',3,'N',to_date('19/11/30','RR/MM/DD'),null,54,1,11);
Insert into DODREAM.REWARD (REWARD_NO,REWARD_PRICE,REWARD_NAME,REWARD_EXPLAIN,REWARD_LIMIT,REWARD_SHIP_CDT,REWARD_SHIP_DT,REWARD_OP_ADD,REWARD_REF_PNO,REWARD_OP_NO,REWARD_AMOUNT) values (6,16000,'[얼리버드] (티켓미포함) 루리 정규 1집 싸인CD 패키지','1. 정규 앨범 사인 CD 1개<br>2. 아티스트 스티커 1개',180,'N',to_date('19/11/30','RR/MM/DD'),null,54,1,184);
Insert into DODREAM.REWARD (REWARD_NO,REWARD_PRICE,REWARD_NAME,REWARD_EXPLAIN,REWARD_LIMIT,REWARD_SHIP_CDT,REWARD_SHIP_DT,REWARD_OP_ADD,REWARD_REF_PNO,REWARD_OP_NO,REWARD_AMOUNT) values (7,18000,'[얼리버드] (티켓미포함) 루리 정규 1집 싸인CDand뱃지 패키지','1. 정규 앨범 사인 CD 1개<br>2. 아티스트 스티커 1개<br>3. 아티스트 뱃지 1개',130,'N',to_date('19/11/30','RR/MM/DD'),null,54,1,133);
Insert into DODREAM.REWARD (REWARD_NO,REWARD_PRICE,REWARD_NAME,REWARD_EXPLAIN,REWARD_LIMIT,REWARD_SHIP_CDT,REWARD_SHIP_DT,REWARD_OP_ADD,REWARD_REF_PNO,REWARD_OP_NO,REWARD_AMOUNT) values (8,13500,'김종현 캐릭터 포스터+지관통','-배송지 주소를 다시 한번 확인해 주시기 바랍니다.<br>-제주도, 산간 및 도서 지역은 추가 배송비가 발생할 수 있습니다.<br>-리워드 제공일로부터 순차적으로 배송이 진행 되므로 다소 늦게 도착할 수 있습니다.<br>- 본 리워드는 시사회 현장에 아닌 지관통에 넣어 배송됩니다. (시사회장 수령 불가)',-1,'Y',to_date('19/11/30','RR/MM/DD'),null,127,1,-1);
Insert into DODREAM.REWARD (REWARD_NO,REWARD_PRICE,REWARD_NAME,REWARD_EXPLAIN,REWARD_LIMIT,REWARD_SHIP_CDT,REWARD_SHIP_DT,REWARD_OP_ADD,REWARD_REF_PNO,REWARD_OP_NO,REWARD_AMOUNT) values (9,13500,'최민기 캐릭터 포스터+지관통','-배송지 주소를 다시 한번 확인해 주시기 바랍니다.<br>-제주도, 산간 및 도서 지역은 추가 배송비가 발생할 수 있습니다.<br>-리워드 제공일로부터 순차적으로 배송이 진행 되므로 다소 늦게 도착할 수 있습니다.<br>- 본 리워드는 시사회 현장에 아닌 지관통에 넣어 배송됩니다. (시사회장 수령 불가)',-1,'Y',to_date('19/11/30','RR/MM/DD'),null,127,1,-1);
Insert into DODREAM.REWARD (REWARD_NO,REWARD_PRICE,REWARD_NAME,REWARD_EXPLAIN,REWARD_LIMIT,REWARD_SHIP_CDT,REWARD_SHIP_DT,REWARD_OP_ADD,REWARD_REF_PNO,REWARD_OP_NO,REWARD_AMOUNT) values (10,13500,'황민현 캐릭터 포스터+지관통','-배송지 주소를 다시 한번 확인해 주시기 바랍니다.<br>-제주도, 산간 및 도서 지역은 추가 배송비가 발생할 수 있습니다.<br>-리워드 제공일로부터 순차적으로 배송이 진행 되므로 다소 늦게 도착할 수 있습니다.<br>- 본 리워드는 시사회 현장에 아닌 지관통에 넣어 배송됩니다. (시사회장 수령 불가)',-1,'Y',to_date('19/11/30','RR/MM/DD'),null,127,1,-1);
Insert into DODREAM.REWARD (REWARD_NO,REWARD_PRICE,REWARD_NAME,REWARD_EXPLAIN,REWARD_LIMIT,REWARD_SHIP_CDT,REWARD_SHIP_DT,REWARD_OP_ADD,REWARD_REF_PNO,REWARD_OP_NO,REWARD_AMOUNT) values (11,36000,'캐릭터 포스터3종(김종현, 최민기, 황민현)+지관통','-배송지 주소를 다시 한번 확인해 주시기 바랍니다.<br>-제주도, 산간 및 도서 지역은 추가 배송비가 발생할 수 있습니다.<br>-리워드 제공일로부터 순차적으로 배송이 진행 되므로 다소 늦게 도착할 수 있습니다.<br>- 본 리워드는 시사회 현장에 아닌 지관통에 넣어 배송됩니다. (시사회장 수령 불가)',-1,'Y',to_date('19/11/30','RR/MM/DD'),null,127,1,-1);
Insert into DODREAM.REWARD (REWARD_NO,REWARD_PRICE,REWARD_NAME,REWARD_EXPLAIN,REWARD_LIMIT,REWARD_SHIP_CDT,REWARD_SHIP_DT,REWARD_OP_ADD,REWARD_REF_PNO,REWARD_OP_NO,REWARD_AMOUNT) values (12,20000,'[좋아해,너를] 시사회 2매 + post card 2개 + 포스터 2장','뉴이스트가 출연하는 일본영화 [좋아해,너를] 상영관 확보를 위한 프로젝트 <br><br>[좋아해,너를] 시사회 2매 + post card 2개 + 포스터 2장<br><br>[시사회 상세일정과 장소는 추후 공지 예정이며 확정되면 메일,문자, 프로젝트 새 소식 을 통해 전달해드리겠습니다.]<br>[시사회 당일, 현장에서 서포터님의 명단을 체크하고 입장하실수 있게 안내해 드리겠습니다. 티켓배부는 선착순으로 진행됩니다. ]<br>[영화는 20**년 하반기 개봉 예정이며 시사회는 서울지역 극장에서 진행될 예정입니다.]<br>[시사회 티켓 및 굿즈는 당일 현장 수령이 원칙입니다.] (사전배송 불가)',100,'Y',to_date('19/11/30','RR/MM/DD'),null,127,1,101);
Insert into DODREAM.REWARD (REWARD_NO,REWARD_PRICE,REWARD_NAME,REWARD_EXPLAIN,REWARD_LIMIT,REWARD_SHIP_CDT,REWARD_SHIP_DT,REWARD_OP_ADD,REWARD_REF_PNO,REWARD_OP_NO,REWARD_AMOUNT) values (13,40000,'[좋아해,너를] 시사회 2매 + post card 2개 + 포스터 2장 + 프로덕션 노트 1개','뉴이스트가 출연하는 일본영화 [좋아해,너를] 상영관 확보를 위한 프로젝트 <br><br>[좋아해,너를] 시사회 2매 + post card 2개 + 포스터 2장 + 프로덕션 노트 1개<br><br>[시사회 상세일정과 장소는 추후 공지 예정이며 확정되면 메일,문자, 프로젝트 새 소식 을 통해 전달해드리겠습니다.]<br>[시사회 당일, 현장에서 서포터님의 명단을 체크하고 입장하실수 있게 안내해 드리겠습니다. 티켓배부는 선착순으로 진행됩니다. ]<br>[영화는 20**년 하반기 개봉 예정이며 시사회는 서울지역 극장에서 진행될 예정입니다.]<br>[시사회 티켓 및 굿즈는 당일 현장 수령이 원칙입니다.] (사전배송 불가)',210,'Y',to_date('19/11/30','RR/MM/DD'),null,127,1,211);
Insert into DODREAM.REWARD (REWARD_NO,REWARD_PRICE,REWARD_NAME,REWARD_EXPLAIN,REWARD_LIMIT,REWARD_SHIP_CDT,REWARD_SHIP_DT,REWARD_OP_ADD,REWARD_REF_PNO,REWARD_OP_NO,REWARD_AMOUNT) values (14,60000,'[좋아해,너를] 시사회 2매 + post card 2개 + 포스터 2장 + 프로덕션 노트 2개','뉴이스트가 출연하는 일본영화 [좋아해,너를] 상영관 확보를 위한 프로젝트 <br><br>[좋아해,너를] 시사회 2매 + post card 2개 + 포스터 2장 + 프로덕션 노트 2개<br><br>[시사회 상세일정과 장소는 추후 공지 예정이며 확정되면 메일,문자, 프로젝트 새 소식 을 통해 전달해드리겠습니다.]<br>[시사회 당일, 현장에서 서포터님의 명단을 체크하고 입장하실수 있게 안내해 드리겠습니다. 티켓배부는 선착순으로 진행됩니다. ]<br>[영화는 20**년 하반기 개봉 예정이며 시사회는 서울지역 극장에서 진행될 예정입니다.]<br>[시사회 티켓 및 굿즈는 당일 현장 수령이 원칙입니다.] (사전배송 불가)',130,'Y',to_date('19/11/30','RR/MM/DD'),null,127,1,130);
Insert into DODREAM.REWARD (REWARD_NO,REWARD_PRICE,REWARD_NAME,REWARD_EXPLAIN,REWARD_LIMIT,REWARD_SHIP_CDT,REWARD_SHIP_DT,REWARD_OP_ADD,REWARD_REF_PNO,REWARD_OP_NO,REWARD_AMOUNT) values (15,70000,'[좋아해,너를] 시사회 2매 + post card 2개 + 포스터 2장 + 프로덕션 노트 1개 + 시네마포토북 1개','뉴이스트가 출연하는 일본영화 [좋아해,너를] 상영관 확보를 위한 프로젝트 <br><br>[좋아해,너를] 시사회 2매 + post card 2개 + 포스터 2장 + 프로덕션 노트 2개 + 시네마포토북 1개<br><br>[시사회 상세일정과 장소는 추후 공지 예정이며 확정되면 메일,문자, 프로젝트 새 소식 을 통해 전달해드리겠습니다.]<br>[시사회 당일, 현장에서 서포터님의 명단을 체크하고 입장하실수 있게 안내해 드리겠습니다. 티켓배부는 선착순으로 진행됩니다. ]<br>[영화는 20**년 하반기 개봉 예정이며 시사회는 서울지역 극장에서 진행될 예정입니다.]<br>[시사회 티켓 및 굿즈는 당일 현장 수령이 원칙입니다.] (사전배송 불가)',180,'Y',to_date('19/11/30','RR/MM/DD'),null,127,1,183);
Insert into DODREAM.REWARD (REWARD_NO,REWARD_PRICE,REWARD_NAME,REWARD_EXPLAIN,REWARD_LIMIT,REWARD_SHIP_CDT,REWARD_SHIP_DT,REWARD_OP_ADD,REWARD_REF_PNO,REWARD_OP_NO,REWARD_AMOUNT) values (16,85000,'[좋아해,너를] 시사회 2매 + post card 2개 + 포스터 2장 + 프로덕션 노트 1개 + 시네마포토북 2개','뉴이스트가 출연하는 일본영화 [좋아해,너를] 상영관 확보를 위한 프로젝트 <br><br>[좋아해,너를] 시사회 2매 + post card 2개 + 포스터 2장 + 프로덕션 노트 2개 + 시네마포토북 2개<br><br>[시사회 상세일정과 장소는 추후 공지 예정이며 확정되면 메일,문자, 프로젝트 새 소식 을 통해 전달해드리겠습니다.]<br>[시사회 당일, 현장에서 서포터님의 명단을 체크하고 입장하실수 있게 안내해 드리겠습니다. 티켓배부는 선착순으로 진행됩니다. ]<br>[영화는 20**년 하반기 개봉 예정이며 시사회는 서울지역 극장에서 진행될 예정입니다.]<br>[시사회 티켓 및 굿즈는 당일 현장 수령이 원칙입니다.] (사전배송 불가)',180,'Y',to_date('19/11/30','RR/MM/DD'),null,127,1,80);
Insert into DODREAM.REWARD (REWARD_NO,REWARD_PRICE,REWARD_NAME,REWARD_EXPLAIN,REWARD_LIMIT,REWARD_SHIP_CDT,REWARD_SHIP_DT,REWARD_OP_ADD,REWARD_REF_PNO,REWARD_OP_NO,REWARD_AMOUNT) values (17,100000,'[좋아해,너를] 시사회 2매 + post card 2개 + 포스터 2장 + 프로덕션 노트 2개 + 시네마포토북 2개','뉴이스트가 출연하는 일본영화 [좋아해,너를] 상영관 확보를 위한 프로젝트 <br><br>[좋아해,너를] 시사회 2매 + post card 2개 + 포스터 2장 + 프로덕션 노트 2개 + 시네마포토북 2개<br><br>[시사회 상세일정과 장소는 추후 공지 예정이며 확정되면 메일,문자, 프로젝트 새 소식 을 통해 전달해드리겠습니다.]<br>[시사회 당일, 현장에서 서포터님의 명단을 체크하고 입장하실수 있게 안내해 드리겠습니다. 티켓배부는 선착순으로 진행됩니다. ]<br>[영화는 20**년 하반기 개봉 예정이며 시사회는 서울지역 극장에서 진행될 예정입니다.]<br>[시사회 티켓 및 굿즈는 당일 현장 수령이 원칙입니다.] (사전배송 불가)',200,'Y',to_date('19/11/30','RR/MM/DD'),null,127,1,200);
Insert into DODREAM.REWARD (REWARD_NO,REWARD_PRICE,REWARD_NAME,REWARD_EXPLAIN,REWARD_LIMIT,REWARD_SHIP_CDT,REWARD_SHIP_DT,REWARD_OP_ADD,REWARD_REF_PNO,REWARD_OP_NO,REWARD_AMOUNT) values (18,3000000,'서포터 명의 시사회 개최+post card +포스터 5장+시네마 포토북 5개+프로덕션 노트 5개','뉴이스트가 출연하는 일본영화 [좋아해,너를] 상영관 확보를 위한 프로젝트 <br><br>서포터 명의의 단독 시사회 개최(150석 규모)+post card (참석 인원수대로 지급)+포스터 5장+시네마 포토북 5개+프로덕션 노트 5개<br><br>[서포터 명의 및 원하는 단체의 이름으로 50명을 시사회에 초대합니다.]<br>[시사회 상세일정과 장소는 문자 ,전화, 메일로 후원자 분과 연락을 통해 상의 후 정하도록 하겠습니다.]<br>[영화는 20**년 하반기 개봉 예정이며  시사회는 서울지역 극장에서 진행될 예정입니다.단 , 서포터 분께서 원하시는 지역에 따라 시사회 장소는 조율될수 있습니다.]',5,'Y',to_date('19/11/30','RR/MM/DD'),null,127,1,5);
Insert into DODREAM.REWARD (REWARD_NO,REWARD_PRICE,REWARD_NAME,REWARD_EXPLAIN,REWARD_LIMIT,REWARD_SHIP_CDT,REWARD_SHIP_DT,REWARD_OP_ADD,REWARD_REF_PNO,REWARD_OP_NO,REWARD_AMOUNT) values (19,10000,'관람권 + 엽서 패키지','연극 우주의 밖 공연 관람권 1매<br>우주의 밖 엽서 1종',-1,'Y',to_date('19/10/30','RR/MM/DD'),null,128,1,51);
Insert into DODREAM.REWARD (REWARD_NO,REWARD_PRICE,REWARD_NAME,REWARD_EXPLAIN,REWARD_LIMIT,REWARD_SHIP_CDT,REWARD_SHIP_DT,REWARD_OP_ADD,REWARD_REF_PNO,REWARD_OP_NO,REWARD_AMOUNT) values (20,15000,'관람권 + 프로그램 북 패키지','연극 우주의 밖 공연 관람권 1매<br>공연 프로그램북 1권<br>우주의 밖 포스트잇 1종',-1,'Y',to_date('19/10/30','RR/MM/DD'),null,128,1,49);
Insert into DODREAM.REWARD (REWARD_NO,REWARD_PRICE,REWARD_NAME,REWARD_EXPLAIN,REWARD_LIMIT,REWARD_SHIP_CDT,REWARD_SHIP_DT,REWARD_OP_ADD,REWARD_REF_PNO,REWARD_OP_NO,REWARD_AMOUNT) values (21,1650000,'유화인물화 12호','현대미술가가 그리는 유화인물화 12호 <br>약 60 x 50 cm<br>(1인초상화, 캔버스에 유채, 액자 별매, 수도권 무료배송)<br>서포터께서 제공하는 사진을 바탕으로 그리거나<br>직접 서포터를 촬영하여 작품으로 구성합니다.<br>작품의 모티브와 배경 설정이 가능합니다.',2,'Y',to_date('19/10/15','RR/MM/DD'),null,129,1,2);
Insert into DODREAM.REWARD (REWARD_NO,REWARD_PRICE,REWARD_NAME,REWARD_EXPLAIN,REWARD_LIMIT,REWARD_SHIP_CDT,REWARD_SHIP_DT,REWARD_OP_ADD,REWARD_REF_PNO,REWARD_OP_NO,REWARD_AMOUNT) values (22,1650000,'동양화인물화 12호','현대미술가가 그리는 동양화 인물화 12호 <br>약 60 x 50 cm<br>(1인 또는 2인 초상화, 장지에 아크릴채색, 액자 포함, 수도권 무료배송)<br>직접 서포터를 촬영하여 작품으로 구성합니다.<br>작품의 모티브와 배경 설정이 가능합니다.',2,'Y',to_date('19/10/15','RR/MM/DD'),null,129,1,2);
Insert into DODREAM.REWARD (REWARD_NO,REWARD_PRICE,REWARD_NAME,REWARD_EXPLAIN,REWARD_LIMIT,REWARD_SHIP_CDT,REWARD_SHIP_DT,REWARD_OP_ADD,REWARD_REF_PNO,REWARD_OP_NO,REWARD_AMOUNT) values (23,3000000,'자개콜라쥬 인물화 20호','<p>현대미술가가 만드는 자개콜라쥬 인물화 20호<br>약 72 x 60 cm<br>(1인초상화, 캔버스에 자개 콜라쥬, 액자 별매, 수도권 무료배송)<br>서포터께서 제공하는 사진을 바탕으로 완성하거나<br>직접 서포터를 촬영하여 작품으로 구성합니다.<br>자개의 질감을 살리기 위해 단순한 배경이 사용됩니다.<br>기본 색상을 의뢰인이 결정할 수 있습니다.</p>',2,'Y',to_date('19/10/15','RR/MM/DD'),null,129,1,2);
Insert into DODREAM.REWARD (REWARD_NO,REWARD_PRICE,REWARD_NAME,REWARD_EXPLAIN,REWARD_LIMIT,REWARD_SHIP_CDT,REWARD_SHIP_DT,REWARD_OP_ADD,REWARD_REF_PNO,REWARD_OP_NO,REWARD_AMOUNT) values (24,4000000,'아크릴채색인물화 40호','<p>현대미술가가 그리는 인물화 40호<br>약 100 x 80 cm<br>(1인 초상화, 캔버스에 아크릴채색, 액자 별매, 수도권 무료배송 )<br>직접 서포터를 촬영하여 작품으로 구성하며<br>스토리텔링이 가능합니다.</p>',1,'Y',to_date('19/10/15','RR/MM/DD'),null,129,1,1);
Insert into DODREAM.REWARD (REWARD_NO,REWARD_PRICE,REWARD_NAME,REWARD_EXPLAIN,REWARD_LIMIT,REWARD_SHIP_CDT,REWARD_SHIP_DT,REWARD_OP_ADD,REWARD_REF_PNO,REWARD_OP_NO,REWARD_AMOUNT) values (25,6000000,'아크릴채색 가족화 60호','<p>현대미술가가 그리는 인물화 60호<br>약 130 x 97 cm<br>(가족화, 캔버스에 아크릴채색, 액자 별매, 수도권 무료배송 )<br>가족화 인쇄용 고해상도 파일을 별도로 드립니다.<br>직접 서포터를 촬영하여 작품으로 구성하며<br>스토리텔링이 가능합니다.</p>',1,'Y',to_date('19/10/15','RR/MM/DD'),null,129,1,0);
Insert into DODREAM.REWARD (REWARD_NO,REWARD_PRICE,REWARD_NAME,REWARD_EXPLAIN,REWARD_LIMIT,REWARD_SHIP_CDT,REWARD_SHIP_DT,REWARD_OP_ADD,REWARD_REF_PNO,REWARD_OP_NO,REWARD_AMOUNT) values (45,54000,'유플래쉬 음원 CD1','Track 1. 놀면 뭐해
<br>Track 2. 헷갈려
<br>Track 3. 눈치
<br>Track 4. 제목 미정
<br>Track 5. This is Music',100,'Y',to_date('19/12/15','RR/MM/DD'),null,909,1,101);
Insert into DODREAM.REWARD (REWARD_NO,REWARD_PRICE,REWARD_NAME,REWARD_EXPLAIN,REWARD_LIMIT,REWARD_SHIP_CDT,REWARD_SHIP_DT,REWARD_OP_ADD,REWARD_REF_PNO,REWARD_OP_NO,REWARD_AMOUNT) values (46,38000,'KIMOXAVI(키모사비) 영국투어 음원 CD#1','Track#1.  PURPLE ROAD
<br>Track#2.  Havana - Drb Remix (feat. Karl Kula)
<br>Track#3.  Havana
<br>Track#4.  Self Destruct (feat. N0xx1)
<br>Track#5.  Fxxk Luv
<br>Track#6.  Hold Up',1800,'Y',to_date('19/11/25','RR/MM/DD'),null,1013,1,1795);
Insert into DODREAM.REWARD (REWARD_NO,REWARD_PRICE,REWARD_NAME,REWARD_EXPLAIN,REWARD_LIMIT,REWARD_SHIP_CDT,REWARD_SHIP_DT,REWARD_OP_ADD,REWARD_REF_PNO,REWARD_OP_NO,REWARD_AMOUNT) values (47,10000,'추가 후원 (×1)','
<br>후원자 명단, 과감한인생의 유튜브,인스타그램,페이스북 채널에 공개',-1,'N',to_date('19/10/25','RR/MM/DD'),null,1018,1,-1);
Insert into DODREAM.REWARD (REWARD_NO,REWARD_PRICE,REWARD_NAME,REWARD_EXPLAIN,REWARD_LIMIT,REWARD_SHIP_CDT,REWARD_SHIP_DT,REWARD_OP_ADD,REWARD_REF_PNO,REWARD_OP_NO,REWARD_AMOUNT) values (48,20000,'티켓(x1) 프로그램북(x1)','회당 수용인원은 270명 입니다. 초과될 경우 매진 처리 될 수 있습니다.',-1,'N',to_date('19/10/25','RR/MM/DD'),'15시 공연 (러닝타임 90분/270석)
<br>18시 공연 (러닝타임 90분/270석)',1018,2,-1);
Insert into DODREAM.REWARD (REWARD_NO,REWARD_PRICE,REWARD_NAME,REWARD_EXPLAIN,REWARD_LIMIT,REWARD_SHIP_CDT,REWARD_SHIP_DT,REWARD_OP_ADD,REWARD_REF_PNO,REWARD_OP_NO,REWARD_AMOUNT) values (49,38000,'티켓(x2) 프로그램북(x2)',null,-1,'N',to_date('19/10/25','RR/MM/DD'),'15시 공연 (러닝타임 90분/270석)
<br>18시 공연 (러닝타임 90분/270석)',1018,2,-1);
Insert into DODREAM.REWARD (REWARD_NO,REWARD_PRICE,REWARD_NAME,REWARD_EXPLAIN,REWARD_LIMIT,REWARD_SHIP_CDT,REWARD_SHIP_DT,REWARD_OP_ADD,REWARD_REF_PNO,REWARD_OP_NO,REWARD_AMOUNT) values (50,55000,'티켓(x3) 프로그램북(x3)','회당 수용인원은 270명 입니다. 초과될 경우 매진 처리 될 수 있습니다.',-1,'N',to_date('19/10/25','RR/MM/DD'),'15시 공연 (러닝타임 90분/270석)
<br>18시 공연 (러닝타임 90분/270석)',1018,2,-1);
Insert into DODREAM.REWARD (REWARD_NO,REWARD_PRICE,REWARD_NAME,REWARD_EXPLAIN,REWARD_LIMIT,REWARD_SHIP_CDT,REWARD_SHIP_DT,REWARD_OP_ADD,REWARD_REF_PNO,REWARD_OP_NO,REWARD_AMOUNT) values (51,68000,'티켓(x4) 프로그램북(x4)','회당 수용인원은 270명 입니다. 초과될 경우 매진 처리 될 수 있습니다.',-1,'N',to_date('19/10/25','RR/MM/DD'),'15시 공연 (러닝타임 90분/270석)
<br>18시 공연 (러닝타임 90분/270석)',1018,2,-1);
Insert into DODREAM.REWARD (REWARD_NO,REWARD_PRICE,REWARD_NAME,REWARD_EXPLAIN,REWARD_LIMIT,REWARD_SHIP_CDT,REWARD_SHIP_DT,REWARD_OP_ADD,REWARD_REF_PNO,REWARD_OP_NO,REWARD_AMOUNT) values (52,160000,'티켓(x10) 프로그램북(x10)','회당 수용인원은 270명 입니다. 초과될 경우 매진 처리 될 수 있습니다.',-1,'N',to_date('19/10/25','RR/MM/DD'),'15시 공연 (러닝타임 90분/270석)
<br>18시 공연 (러닝타임 90분/270석)',1018,2,-4);
Insert into DODREAM.REWARD (REWARD_NO,REWARD_PRICE,REWARD_NAME,REWARD_EXPLAIN,REWARD_LIMIT,REWARD_SHIP_CDT,REWARD_SHIP_DT,REWARD_OP_ADD,REWARD_REF_PNO,REWARD_OP_NO,REWARD_AMOUNT) values (53,33000,'USB카드앨범+후원자명 기재','- 슬리브형 3단 디지팩
<br>- USB카드형 음반 + CD형 음반(추가)
<br>- 20P 북클릿
<br>- 키링 추가 증정
<br>- 루나(이용신 님).타토(김장 님).멜로니(이자명 님) 싸인 엽서 각 1장(총 3장)',-1,'Y',to_date('19/11/25','RR/MM/DD'),null,1022,1,-3);
Insert into DODREAM.REWARD (REWARD_NO,REWARD_PRICE,REWARD_NAME,REWARD_EXPLAIN,REWARD_LIMIT,REWARD_SHIP_CDT,REWARD_SHIP_DT,REWARD_OP_ADD,REWARD_REF_PNO,REWARD_OP_NO,REWARD_AMOUNT) values (54,59000,'USB카드앨범 2개+후원자명 기재','- 슬리브형 3단 디지팩 2개
<br>- USB카드형 음반 2개 + CD형 음반(추가) 2개
<br>- 20P 북클릿 2개
<br>- 키링 추가 증정 2개
<br>- 루나(이용신 님).타토(김장 님).멜로니(이자명 님) 싸인 엽서 각 2장(총 6장)',-1,'Y',to_date('19/11/25','RR/MM/DD'),null,1022,1,-2);
Insert into DODREAM.REWARD (REWARD_NO,REWARD_PRICE,REWARD_NAME,REWARD_EXPLAIN,REWARD_LIMIT,REWARD_SHIP_CDT,REWARD_SHIP_DT,REWARD_OP_ADD,REWARD_REF_PNO,REWARD_OP_NO,REWARD_AMOUNT) values (55,150000,'피터 비스펠베이 첼로 리사이틀 초대권','초대일시 : 2019년 11월 24일 화요일 오후 8시
<br>초대장소 : 예술의 전당 콘서트홀
<br>초대인원 : 1인 1매, 현장수령, 양도불가
<br>공연당일 배표소 초대창구에서 성함 / 연락처 확인후 초대권 수령합니다.',1000,'N',to_date('19/11/25','RR/MM/DD'),null,1048,1,1000);
Insert into DODREAM.REWARD (REWARD_NO,REWARD_PRICE,REWARD_NAME,REWARD_EXPLAIN,REWARD_LIMIT,REWARD_SHIP_CDT,REWARD_SHIP_DT,REWARD_OP_ADD,REWARD_REF_PNO,REWARD_OP_NO,REWARD_AMOUNT) values (162,80000,'2019 윤종신 콘서트 티켓','- 초대 공연명: 2019 윤종신 콘서트 ‘이방인’ - 서울
<br>- 초대 일시: 2019년 11월 28일 토요일 오후 7시
<br>- 초대 장소: 올림픽공원 올림픽홀
<br>- 공연당일 배표소 초대창구에서 성함 / 연락처 뒤 4자리로 본인 확인 후 초대권 수령',1000,'N',to_date('19/11/25','RR/MM/DD'),null,1054,1,899);
Insert into DODREAM.REWARD (REWARD_NO,REWARD_PRICE,REWARD_NAME,REWARD_EXPLAIN,REWARD_LIMIT,REWARD_SHIP_CDT,REWARD_SHIP_DT,REWARD_OP_ADD,REWARD_REF_PNO,REWARD_OP_NO,REWARD_AMOUNT) values (179,34000,'[슈퍼얼리버드] 후드티 패키지','- 프로젝트 비하인드 비공개 영상
<br>- 영상에 후원자명 기재
<br>- 후드티(택배발송, 후드티 사이즈 : M,L,XL)',30,'Y',to_date('19/11/25','RR/MM/DD'),null,1459,1,-70);
Insert into DODREAM.REWARD (REWARD_NO,REWARD_PRICE,REWARD_NAME,REWARD_EXPLAIN,REWARD_LIMIT,REWARD_SHIP_CDT,REWARD_SHIP_DT,REWARD_OP_ADD,REWARD_REF_PNO,REWARD_OP_NO,REWARD_AMOUNT) values (180,38000,'[얼리버드] 후드티 패키지','- 프로젝트 비하인드 비공개 영상
<br>- 영상에 후원자명 기재
<br>- 후드티(택배발송, 후드티 사이즈 : M,L,XL)',500,'Y',to_date('19/11/25','RR/MM/DD'),'M사이즈
<br>L사이즈
<br>XL사이즈',1459,2,500);
Insert into DODREAM.REWARD (REWARD_NO,REWARD_PRICE,REWARD_NAME,REWARD_EXPLAIN,REWARD_LIMIT,REWARD_SHIP_CDT,REWARD_SHIP_DT,REWARD_OP_ADD,REWARD_REF_PNO,REWARD_OP_NO,REWARD_AMOUNT) values (186,220000,'한정 구성','애니메이션 DVD x 1 
<br>한정판 포스터 x 1
<br>일러스트 엽서 x 3
<br>콘티북 x 1
<br>OST 앨범 x 1
<br>아트북 x 1
<br>싸인북 x 1
<br>엔딩 크레딧 x 1',-1,'Y',to_date('19/10/25','RR/MM/DD'),null,1461,1,-1);
Insert into DODREAM.REWARD (REWARD_NO,REWARD_PRICE,REWARD_NAME,REWARD_EXPLAIN,REWARD_LIMIT,REWARD_SHIP_CDT,REWARD_SHIP_DT,REWARD_OP_ADD,REWARD_REF_PNO,REWARD_OP_NO,REWARD_AMOUNT) values (187,10000,'엔딩크레딧','엔딩크레딧 x 1
<br>비공개 URL x 1',-1,'N',to_date('19/12/25','RR/MM/DD'),null,1462,1,-1);
Insert into DODREAM.REWARD (REWARD_NO,REWARD_PRICE,REWARD_NAME,REWARD_EXPLAIN,REWARD_LIMIT,REWARD_SHIP_CDT,REWARD_SHIP_DT,REWARD_OP_ADD,REWARD_REF_PNO,REWARD_OP_NO,REWARD_AMOUNT) values (177,200000,'[슈퍼얼리버드] 초한정!! 하나뿐인 메세지 영상','빅스마일 프로젝트에 함께해주시는 분들 중 선착순 3분께 무엇이든 원하는 메세지를 영상으로 담아 이메일로 보내드립니다. 
<br>(영상 길이 3분 내외)
<br>홍대광에게 듣고 싶은 메세지 또는 말해줬으면 하는 이야기를 영상으로 간직할 수 있습니다.
<br>(ex. 노래 한소절, 자기자신에게 응원의 메세지, 절친의 결혼식 축하멘트 등)',3,'N',to_date('19/11/25','RR/MM/DD'),null,1459,1,3);
Insert into DODREAM.REWARD (REWARD_NO,REWARD_PRICE,REWARD_NAME,REWARD_EXPLAIN,REWARD_LIMIT,REWARD_SHIP_CDT,REWARD_SHIP_DT,REWARD_OP_ADD,REWARD_REF_PNO,REWARD_OP_NO,REWARD_AMOUNT) values (178,80000,'[슈퍼얼리버드] 뒷풀이패키지','빅스마일 프로젝트에 함께해주시는 분들께 뒷풀이 겸 공연에 초대합니다.
<br>※ 펀딩 선착순으로 입장권 배부됩니다.
<br>- 뒷풀이 겸 공연 초대 티켓 
<br>- 후드티(현장수령, 후드티 사이즈 : M,L,XL)',100,'N',to_date('19/11/25','RR/MM/DD'),null,1459,1,70);
Insert into DODREAM.REWARD (REWARD_NO,REWARD_PRICE,REWARD_NAME,REWARD_EXPLAIN,REWARD_LIMIT,REWARD_SHIP_CDT,REWARD_SHIP_DT,REWARD_OP_ADD,REWARD_REF_PNO,REWARD_OP_NO,REWARD_AMOUNT) values (188,20000,'엽서+스티커 세트','엔딩 크레딧 x 1
<br>비공개 URL x 1
<br>엽서 x 1
<br>스티커 x 1',-1,'Y',to_date('19/12/25','RR/MM/DD'),null,1462,1,-1);
Insert into DODREAM.REWARD (REWARD_NO,REWARD_PRICE,REWARD_NAME,REWARD_EXPLAIN,REWARD_LIMIT,REWARD_SHIP_CDT,REWARD_SHIP_DT,REWARD_OP_ADD,REWARD_REF_PNO,REWARD_OP_NO,REWARD_AMOUNT) values (184,45000,'기본 구성','애니메이션DVD x 1
<br>한정판 포스터 x 1
<br>일러스트 엽서 x 3',-1,'Y',to_date('19/10/25','RR/MM/DD'),null,1461,1,-1);
Insert into DODREAM.REWARD (REWARD_NO,REWARD_PRICE,REWARD_NAME,REWARD_EXPLAIN,REWARD_LIMIT,REWARD_SHIP_CDT,REWARD_SHIP_DT,REWARD_OP_ADD,REWARD_REF_PNO,REWARD_OP_NO,REWARD_AMOUNT) values (185,115000,'더블플러스 구성','애니메이션DVD x 1
<br>한정판 포스터 x 1
<br>일러스트 엽서 x 3
<br>콘티북 x 1
<br>OST 앨범 x 1
<br>아트북 x 1',-1,'Y',to_date('19/10/25','RR/MM/DD'),null,1461,1,-1);
Insert into DODREAM.REWARD (REWARD_NO,REWARD_PRICE,REWARD_NAME,REWARD_EXPLAIN,REWARD_LIMIT,REWARD_SHIP_CDT,REWARD_SHIP_DT,REWARD_OP_ADD,REWARD_REF_PNO,REWARD_OP_NO,REWARD_AMOUNT) values (189,30000,'랜덤 포스터 세트','엔딩 크레딧 x 1
<br>비공개 URL x 1
<br>엽서 x 1
<br>스티커 x 1
<br>A4 포스터 1종 (랜덤) x 1',-1,'Y',to_date('19/12/25','RR/MM/DD'),null,1462,1,-1);
Insert into DODREAM.REWARD (REWARD_NO,REWARD_PRICE,REWARD_NAME,REWARD_EXPLAIN,REWARD_LIMIT,REWARD_SHIP_CDT,REWARD_SHIP_DT,REWARD_OP_ADD,REWARD_REF_PNO,REWARD_OP_NO,REWARD_AMOUNT) values (190,50000,'키링 세트','엔딩 크레딧 x 1
<br>비공개 URL x 1
<br>엽서 x 1
<br>스티커 x 1
<br>A4 포스터 1종 (랜덤) x 1
<br>키링 x 1',-1,'Y',to_date('19/12/25','RR/MM/DD'),null,1462,1,-1);
Insert into DODREAM.REWARD (REWARD_NO,REWARD_PRICE,REWARD_NAME,REWARD_EXPLAIN,REWARD_LIMIT,REWARD_SHIP_CDT,REWARD_SHIP_DT,REWARD_OP_ADD,REWARD_REF_PNO,REWARD_OP_NO,REWARD_AMOUNT) values (191,100000,'A3포스터 세트','엔딩 크레딧 x 1
<br>비공개 URL x 1
<br>엽서 x 1
<br>스티커 x 1
<br>A3 포스터 2종 (랜덤) x 1
<br>키링 x 1',-1,'Y',to_date('19/12/25','RR/MM/DD'),null,1462,1,-1);
Insert into DODREAM.REWARD (REWARD_NO,REWARD_PRICE,REWARD_NAME,REWARD_EXPLAIN,REWARD_LIMIT,REWARD_SHIP_CDT,REWARD_SHIP_DT,REWARD_OP_ADD,REWARD_REF_PNO,REWARD_OP_NO,REWARD_AMOUNT) values (192,10000,'기본 구성','엔딩크레딧 성함 기재
<br>영화제 초대
<br>스틸컷 엽서 2종
<br>화성 소품 티켓 x 1',-1,'Y',to_date('19/11/05','RR/MM/DD'),null,1463,1,-1);
Insert into DODREAM.REWARD (REWARD_NO,REWARD_PRICE,REWARD_NAME,REWARD_EXPLAIN,REWARD_LIMIT,REWARD_SHIP_CDT,REWARD_SHIP_DT,REWARD_OP_ADD,REWARD_REF_PNO,REWARD_OP_NO,REWARD_AMOUNT) values (193,20000,'플러스구성','엔딩크레딧 성함 기재
<br>영화제 초대
<br>스틸컷 엽서 2종
<br>화성 소품 티켓 x 1
<br>포스터 x 1
<br>마스킹테이프 x 1',-1,'Y',to_date('19/11/05','RR/MM/DD'),null,1463,1,-2);
Insert into DODREAM.REWARD (REWARD_NO,REWARD_PRICE,REWARD_NAME,REWARD_EXPLAIN,REWARD_LIMIT,REWARD_SHIP_CDT,REWARD_SHIP_DT,REWARD_OP_ADD,REWARD_REF_PNO,REWARD_OP_NO,REWARD_AMOUNT) values (194,30000,'플플러스 구성','엔딩크레딧 성함 기재
<br>영화제 초대
<br>스틸컷 엽서 2종
<br>화성 소품 티켓 x 1
<br>포스터 x 1
<br>마스킹테이프 x 1
<br>스티커 2종
<br>A5 노트 x 1',-1,'Y',to_date('19/11/05','RR/MM/DD'),null,1463,1,-2);
Insert into DODREAM.REWARD (REWARD_NO,REWARD_PRICE,REWARD_NAME,REWARD_EXPLAIN,REWARD_LIMIT,REWARD_SHIP_CDT,REWARD_SHIP_DT,REWARD_OP_ADD,REWARD_REF_PNO,REWARD_OP_NO,REWARD_AMOUNT) values (139,85000,'2019 카즈미 타테이시 트리오 내한공연','- 초대 공연명: 2019 카즈미 타테이시 트리오 내한공연
<br>- 초대 일시: 2019년 12월 8일 토요일 오후 5시
<br>- 초대 장소: 청주아트홀
<br>- 공연당일 배표소 초대창구에서 성함 / 연락처 뒤 4자리로 본인 확인 후 초대권 수령',450,'N',to_date('19/12/15','RR/MM/DD'),null,1140,1,450);
Insert into DODREAM.REWARD (REWARD_NO,REWARD_PRICE,REWARD_NAME,REWARD_EXPLAIN,REWARD_LIMIT,REWARD_SHIP_CDT,REWARD_SHIP_DT,REWARD_OP_ADD,REWARD_REF_PNO,REWARD_OP_NO,REWARD_AMOUNT) values (76,10000,'1번 세트','- 티켓 x 1
<br>- 프로그램북 x 1
<br>- 스티커 x 1',-1,'N',to_date('19/10/25','RR/MM/DD'),null,1170,1,-1);
Insert into DODREAM.REWARD (REWARD_NO,REWARD_PRICE,REWARD_NAME,REWARD_EXPLAIN,REWARD_LIMIT,REWARD_SHIP_CDT,REWARD_SHIP_DT,REWARD_OP_ADD,REWARD_REF_PNO,REWARD_OP_NO,REWARD_AMOUNT) values (77,20000,'2번 세트','- 티켓 x 2
<br>- 뱃지 x 2
<br>- 프로그램북 x 1
<br>- 스티커 x 2',-1,'N',to_date('19/10/25','RR/MM/DD'),null,1170,1,-1);
Insert into DODREAM.REWARD (REWARD_NO,REWARD_PRICE,REWARD_NAME,REWARD_EXPLAIN,REWARD_LIMIT,REWARD_SHIP_CDT,REWARD_SHIP_DT,REWARD_OP_ADD,REWARD_REF_PNO,REWARD_OP_NO,REWARD_AMOUNT) values (78,30000,'3번 세트','- 티켓 x 2
<br>- 뱃지 x 3
<br>- 프로그램북 x 1
<br>- 스티커 x 4',-1,'N',to_date('19/10/25','RR/MM/DD'),null,1170,1,-1);
Insert into DODREAM.REWARD (REWARD_NO,REWARD_PRICE,REWARD_NAME,REWARD_EXPLAIN,REWARD_LIMIT,REWARD_SHIP_CDT,REWARD_SHIP_DT,REWARD_OP_ADD,REWARD_REF_PNO,REWARD_OP_NO,REWARD_AMOUNT) values (79,50000,'4번 세트','- 티켓 x 4
<br>- 뱃지 x 4
<br>- 스티커 x 4',-1,'N',to_date('19/10/25','RR/MM/DD'),null,1170,1,-1);
Insert into DODREAM.REWARD (REWARD_NO,REWARD_PRICE,REWARD_NAME,REWARD_EXPLAIN,REWARD_LIMIT,REWARD_SHIP_CDT,REWARD_SHIP_DT,REWARD_OP_ADD,REWARD_REF_PNO,REWARD_OP_NO,REWARD_AMOUNT) values (80,80000,'5번 세트','- 티켓 x 4
<br>- 뱃지 x 8
<br>- 프로그램북 x 4
<br>- 스티커 x 8
<br>- 공연 아카이빙 영상 x 1 ',-1,'N',to_date('19/10/25','RR/MM/DD'),null,1170,1,5);
Insert into DODREAM.REWARD (REWARD_NO,REWARD_PRICE,REWARD_NAME,REWARD_EXPLAIN,REWARD_LIMIT,REWARD_SHIP_CDT,REWARD_SHIP_DT,REWARD_OP_ADD,REWARD_REF_PNO,REWARD_OP_NO,REWARD_AMOUNT) values (160,25200,'맛집탐방패키지','맛집탐방패키지 1권
<br>바우처
<br>배송비',10,'Y',to_date('19/11/25','RR/MM/DD'),null,1390,1,10);
Insert into DODREAM.REWARD (REWARD_NO,REWARD_PRICE,REWARD_NAME,REWARD_EXPLAIN,REWARD_LIMIT,REWARD_SHIP_CDT,REWARD_SHIP_DT,REWARD_OP_ADD,REWARD_REF_PNO,REWARD_OP_NO,REWARD_AMOUNT) values (161,30000,'고급맛집탐방패키지','맛집탐방패키지 1권
<br>바우처 1년권
<br>배송비',5,'Y',to_date('19/11/25','RR/MM/DD'),null,1390,1,5);
Insert into DODREAM.REWARD (REWARD_NO,REWARD_PRICE,REWARD_NAME,REWARD_EXPLAIN,REWARD_LIMIT,REWARD_SHIP_CDT,REWARD_SHIP_DT,REWARD_OP_ADD,REWARD_REF_PNO,REWARD_OP_NO,REWARD_AMOUNT) values (195,50000,'플플플러스 구성','엔딩크레딧 성함 기재
<br>영화제 초대
<br>스틸컷 엽서 2종
<br>화성 소품 티켓 x 1
<br>포스터 x 1
<br>마스킹테이프 x 1
<br>스티커 2종
<br>A5 노트 x 1
<br>레터링 에코백 x 1',-1,'Y',to_date('19/11/05','RR/MM/DD'),null,1463,1,-4);
Insert into DODREAM.REWARD (REWARD_NO,REWARD_PRICE,REWARD_NAME,REWARD_EXPLAIN,REWARD_LIMIT,REWARD_SHIP_CDT,REWARD_SHIP_DT,REWARD_OP_ADD,REWARD_REF_PNO,REWARD_OP_NO,REWARD_AMOUNT) values (218,10900,'109가 직접 해드리는 할로윈 분장권','**선착순 10명**
<br>공연이 끝난 뒤 109가 직접 할로윈 페이스페인팅을 해드립니다.
<br>+ 분장 후 함께 직은 폴라로이드 사진 선물
<br>
<br>* 본 리워드는 콘서트 티켓이 포함되어 있지 않습니다.
<br>* 공연을 관람하시는 분들만 펀딩 및 사용 가능합니다.',10,'N',to_date('19/10/25','RR/MM/DD'),null,1493,1,10);
Insert into DODREAM.REWARD (REWARD_NO,REWARD_PRICE,REWARD_NAME,REWARD_EXPLAIN,REWARD_LIMIT,REWARD_SHIP_CDT,REWARD_SHIP_DT,REWARD_OP_ADD,REWARD_REF_PNO,REWARD_OP_NO,REWARD_AMOUNT) values (219,300000,'스페셜 109 축가 패키지','- 109 결혼식 축가 이용권
<br>- 109 콘서트 티켓 2인권
<br>- 109 할로윈 MD (털블러, 뱃지) 2세트 + 브로마이드 2종 세트 선물
<br>
<br>커플 분들을 위한 스페셜한 109 축가패키지로 세상에서 한 번 뿐인 결혼식을 만들어 보세요! 재밌는 할로윈 공연은 덤:)
<br>
<br>* 2019 ~ 2020년 서울, 경기 지역 축가가 필요한 곳 어디든
<br>* 자세한 사항과 일정 조율은 펀딩이 종료된 후 개별적으로 연락드립니다.
<br>* 축가 무대는 결혼식장 및 공연이 가능한 (음향장비가 구비되어 있는) 카페/레스토랑에서만 가능하며, 본인이 아닌 지인 결혼식도 가능합니다.',3,'N',to_date('20/01/15','RR/MM/DD'),null,1493,1,3);
Insert into DODREAM.REWARD (REWARD_NO,REWARD_PRICE,REWARD_NAME,REWARD_EXPLAIN,REWARD_LIMIT,REWARD_SHIP_CDT,REWARD_SHIP_DT,REWARD_OP_ADD,REWARD_REF_PNO,REWARD_OP_NO,REWARD_AMOUNT) values (235,50000,'귀향 앨범 증정','1124',-1,'Y',to_date('19/12/05','RR/MM/DD'),null,1554,1,-1);
Insert into DODREAM.REWARD (REWARD_NO,REWARD_PRICE,REWARD_NAME,REWARD_EXPLAIN,REWARD_LIMIT,REWARD_SHIP_CDT,REWARD_SHIP_DT,REWARD_OP_ADD,REWARD_REF_PNO,REWARD_OP_NO,REWARD_AMOUNT) values (236,10000,'감사합니다','1124',-1,'Y',to_date('19/12/05','RR/MM/DD'),null,1555,1,-2);
Insert into DODREAM.REWARD (REWARD_NO,REWARD_PRICE,REWARD_NAME,REWARD_EXPLAIN,REWARD_LIMIT,REWARD_SHIP_CDT,REWARD_SHIP_DT,REWARD_OP_ADD,REWARD_REF_PNO,REWARD_OP_NO,REWARD_AMOUNT) values (216,53900,'VVIP 할로윈 콘서트 티켓 패키지','- 109 할로윈 콘서트 티켓 1인권
<br>- 109 MD 세트(텀블러, 뱃지)
<br>- 109 할로윈 브로마이드 2종 선물
<br>
<br>*무대에서 가장 가까운 자리 35석 중 펀딩 선착순으로 앞 좌석 가운데 자리부터 선착순으로 배정해 드립니다.
<br>*SMS로 티켓정보 발송 예정',35,'N',to_date('19/10/25','RR/MM/DD'),null,1493,1,35);
Insert into DODREAM.REWARD (REWARD_NO,REWARD_PRICE,REWARD_NAME,REWARD_EXPLAIN,REWARD_LIMIT,REWARD_SHIP_CDT,REWARD_SHIP_DT,REWARD_OP_ADD,REWARD_REF_PNO,REWARD_OP_NO,REWARD_AMOUNT) values (217,50000,'VIP 할로윈 콘서트 티켓 패키지','- 109 할로윈 콘서트 티켓 1인권
<br>- 109 MD 세트 (텀블러, 뱃지)
<br>
<br>* 좌석 선착순 59석 콘서트 티켓
<br>* SMS로 티켓 정보 발송 예정',59,'N',to_date('19/10/25','RR/MM/DD'),null,1493,1,59);
Insert into DODREAM.REWARD (REWARD_NO,REWARD_PRICE,REWARD_NAME,REWARD_EXPLAIN,REWARD_LIMIT,REWARD_SHIP_CDT,REWARD_SHIP_DT,REWARD_OP_ADD,REWARD_REF_PNO,REWARD_OP_NO,REWARD_AMOUNT) values (237,1124,'1124','1124',-1,'Y',to_date('19/12/05','RR/MM/DD'),null,1556,1,-1);
Insert into DODREAM.REWARD (REWARD_NO,REWARD_PRICE,REWARD_NAME,REWARD_EXPLAIN,REWARD_LIMIT,REWARD_SHIP_CDT,REWARD_SHIP_DT,REWARD_OP_ADD,REWARD_REF_PNO,REWARD_OP_NO,REWARD_AMOUNT) values (238,1124,'1124','1124',-1,'N',to_date('19/12/05','RR/MM/DD'),null,1557,1,-1);
Insert into DODREAM.REWARD (REWARD_NO,REWARD_PRICE,REWARD_NAME,REWARD_EXPLAIN,REWARD_LIMIT,REWARD_SHIP_CDT,REWARD_SHIP_DT,REWARD_OP_ADD,REWARD_REF_PNO,REWARD_OP_NO,REWARD_AMOUNT) values (239,1124,'1124','1124',-1,'Y',to_date('19/12/05','RR/MM/DD'),null,1559,1,-1);
Insert into DODREAM.REWARD (REWARD_NO,REWARD_PRICE,REWARD_NAME,REWARD_EXPLAIN,REWARD_LIMIT,REWARD_SHIP_CDT,REWARD_SHIP_DT,REWARD_OP_ADD,REWARD_REF_PNO,REWARD_OP_NO,REWARD_AMOUNT) values (240,1124,'1124','1124',-1,'N',to_date('19/12/05','RR/MM/DD'),null,1561,1,-1);
Insert into DODREAM.REWARD (REWARD_NO,REWARD_PRICE,REWARD_NAME,REWARD_EXPLAIN,REWARD_LIMIT,REWARD_SHIP_CDT,REWARD_SHIP_DT,REWARD_OP_ADD,REWARD_REF_PNO,REWARD_OP_NO,REWARD_AMOUNT) values (241,1124,'1124','1124',1,'N',to_date('19/12/05','RR/MM/DD'),null,1562,1,1);
Insert into DODREAM.REWARD (REWARD_NO,REWARD_PRICE,REWARD_NAME,REWARD_EXPLAIN,REWARD_LIMIT,REWARD_SHIP_CDT,REWARD_SHIP_DT,REWARD_OP_ADD,REWARD_REF_PNO,REWARD_OP_NO,REWARD_AMOUNT) values (242,100000,'요즘엔 안티히어로가 대세 10만원 이상투자','기본 투자 조건',-1,'N',to_date('19/11/25','RR/MM/DD'),null,1560,1,-1);
Insert into DODREAM.REWARD (REWARD_NO,REWARD_PRICE,REWARD_NAME,REWARD_EXPLAIN,REWARD_LIMIT,REWARD_SHIP_CDT,REWARD_SHIP_DT,REWARD_OP_ADD,REWARD_REF_PNO,REWARD_OP_NO,REWARD_AMOUNT) values (243,500000,'50만원 이상 투자','<헬보이:라이즈 오브 블러드 퀸> 시사회 초대 2인 (투자자&동반인1인)
<br>
<br>※ 시사회 참석 불가능시 예매권 1인2매권',-1,'N',to_date('19/11/25','RR/MM/DD'),null,1560,1,-1);
Insert into DODREAM.REWARD (REWARD_NO,REWARD_PRICE,REWARD_NAME,REWARD_EXPLAIN,REWARD_LIMIT,REWARD_SHIP_CDT,REWARD_SHIP_DT,REWARD_OP_ADD,REWARD_REF_PNO,REWARD_OP_NO,REWARD_AMOUNT) values (244,1000000,'100만원 이상 투자','<헬보이:라이즈 오브 블러드 퀸> 시사회 초대 4인 (투자자&동반인3인)
<br>
<br>※ 시사회 참석 불가능시 예매권 1인2매권 2장 (=총 4인 관람 가능)',1,'N',to_date('19/11/25','RR/MM/DD'),null,1560,1,1);
Insert into DODREAM.REWARD (REWARD_NO,REWARD_PRICE,REWARD_NAME,REWARD_EXPLAIN,REWARD_LIMIT,REWARD_SHIP_CDT,REWARD_SHIP_DT,REWARD_OP_ADD,REWARD_REF_PNO,REWARD_OP_NO,REWARD_AMOUNT) values (245,1124,'1124','1124',-1,'N',to_date('19/12/05','RR/MM/DD'),null,1563,1,-1);
Insert into DODREAM.REWARD (REWARD_NO,REWARD_PRICE,REWARD_NAME,REWARD_EXPLAIN,REWARD_LIMIT,REWARD_SHIP_CDT,REWARD_SHIP_DT,REWARD_OP_ADD,REWARD_REF_PNO,REWARD_OP_NO,REWARD_AMOUNT) values (246,1124,'1124','1124',1,'N',to_date('19/12/25','RR/MM/DD'),null,1566,1,1);
Insert into DODREAM.REWARD (REWARD_NO,REWARD_PRICE,REWARD_NAME,REWARD_EXPLAIN,REWARD_LIMIT,REWARD_SHIP_CDT,REWARD_SHIP_DT,REWARD_OP_ADD,REWARD_REF_PNO,REWARD_OP_NO,REWARD_AMOUNT) values (247,1124,'1124','1124',1,'Y',to_date('19/12/25','RR/MM/DD'),null,1568,1,0);
Insert into DODREAM.REWARD (REWARD_NO,REWARD_PRICE,REWARD_NAME,REWARD_EXPLAIN,REWARD_LIMIT,REWARD_SHIP_CDT,REWARD_SHIP_DT,REWARD_OP_ADD,REWARD_REF_PNO,REWARD_OP_NO,REWARD_AMOUNT) values (248,100000,'10만원 이상 기부','기본조건',-1,'N',to_date('19/11/05','RR/MM/DD'),null,1565,1,-1);
Insert into DODREAM.REWARD (REWARD_NO,REWARD_PRICE,REWARD_NAME,REWARD_EXPLAIN,REWARD_LIMIT,REWARD_SHIP_CDT,REWARD_SHIP_DT,REWARD_OP_ADD,REWARD_REF_PNO,REWARD_OP_NO,REWARD_AMOUNT) values (249,50000,'테스트','테스트',1,'Y',to_date('19/12/05','RR/MM/DD'),null,1567,1,1);
Insert into DODREAM.REWARD (REWARD_NO,REWARD_PRICE,REWARD_NAME,REWARD_EXPLAIN,REWARD_LIMIT,REWARD_SHIP_CDT,REWARD_SHIP_DT,REWARD_OP_ADD,REWARD_REF_PNO,REWARD_OP_NO,REWARD_AMOUNT) values (250,30000,'test','test',1,'Y',to_date('19/11/05','RR/MM/DD'),null,1572,1,1);
Insert into DODREAM.REWARD (REWARD_NO,REWARD_PRICE,REWARD_NAME,REWARD_EXPLAIN,REWARD_LIMIT,REWARD_SHIP_CDT,REWARD_SHIP_DT,REWARD_OP_ADD,REWARD_REF_PNO,REWARD_OP_NO,REWARD_AMOUNT) values (251,200000,'20만원 이상 지원','기본요건',-1,'N',to_date('19/12/05','RR/MM/DD'),null,1571,1,-1);
Insert into DODREAM.REWARD (REWARD_NO,REWARD_PRICE,REWARD_NAME,REWARD_EXPLAIN,REWARD_LIMIT,REWARD_SHIP_CDT,REWARD_SHIP_DT,REWARD_OP_ADD,REWARD_REF_PNO,REWARD_OP_NO,REWARD_AMOUNT) values (312,19000,'[슈퍼얼리버드] 열기구 패키지','- 마스킹 테이프
<br>- 떡메모지 
<br>- 뱃지
<br>- 키링',20,'Y',to_date('19/12/05','RR/MM/DD'),'마스킹 테이프
<br>떡메모지 
<br>뱃지
<br>키링',1592,2,20);
Insert into DODREAM.REWARD (REWARD_NO,REWARD_PRICE,REWARD_NAME,REWARD_EXPLAIN,REWARD_LIMIT,REWARD_SHIP_CDT,REWARD_SHIP_DT,REWARD_OP_ADD,REWARD_REF_PNO,REWARD_OP_NO,REWARD_AMOUNT) values (257,100000,'test','test',1,'Y',to_date('20/01/05','RR/MM/DD'),null,1576,1,1);
Insert into DODREAM.REWARD (REWARD_NO,REWARD_PRICE,REWARD_NAME,REWARD_EXPLAIN,REWARD_LIMIT,REWARD_SHIP_CDT,REWARD_SHIP_DT,REWARD_OP_ADD,REWARD_REF_PNO,REWARD_OP_NO,REWARD_AMOUNT) values (254,25000,'test','test',-1,'Y',to_date('19/12/05','RR/MM/DD'),null,1574,1,-1);
Insert into DODREAM.REWARD (REWARD_NO,REWARD_PRICE,REWARD_NAME,REWARD_EXPLAIN,REWARD_LIMIT,REWARD_SHIP_CDT,REWARD_SHIP_DT,REWARD_OP_ADD,REWARD_REF_PNO,REWARD_OP_NO,REWARD_AMOUNT) values (313,34000,'[슈퍼얼리버드] 파리 에펠탑 패키지','- 마스킹 테이프
<br>- 떡메모지 
<br>- 폰케이스
<br>- 뱃지
<br>- 엽서
<br>',20,'Y',to_date('19/12/05','RR/MM/DD'),'핸드폰 기종을 입력해주세요.',1592,3,20);
Insert into DODREAM.REWARD (REWARD_NO,REWARD_PRICE,REWARD_NAME,REWARD_EXPLAIN,REWARD_LIMIT,REWARD_SHIP_CDT,REWARD_SHIP_DT,REWARD_OP_ADD,REWARD_REF_PNO,REWARD_OP_NO,REWARD_AMOUNT) values (258,150000,'test','test',1,'Y',to_date('20/01/05','RR/MM/DD'),null,1578,1,1);
Insert into DODREAM.REWARD (REWARD_NO,REWARD_PRICE,REWARD_NAME,REWARD_EXPLAIN,REWARD_LIMIT,REWARD_SHIP_CDT,REWARD_SHIP_DT,REWARD_OP_ADD,REWARD_REF_PNO,REWARD_OP_NO,REWARD_AMOUNT) values (259,100000,'10만원 투자','관람권 및 선착순 시사회 초청권',1,'N',to_date('19/12/05','RR/MM/DD'),null,1575,1,1);
Insert into DODREAM.REWARD (REWARD_NO,REWARD_PRICE,REWARD_NAME,REWARD_EXPLAIN,REWARD_LIMIT,REWARD_SHIP_CDT,REWARD_SHIP_DT,REWARD_OP_ADD,REWARD_REF_PNO,REWARD_OP_NO,REWARD_AMOUNT) values (316,32000,'책두권, 바우처','책두권
<br>배송비
<br>바우처',1,'N',to_date('19/11/25','RR/MM/DD'),null,1577,1,1);
Insert into DODREAM.REWARD (REWARD_NO,REWARD_PRICE,REWARD_NAME,REWARD_EXPLAIN,REWARD_LIMIT,REWARD_SHIP_CDT,REWARD_SHIP_DT,REWARD_OP_ADD,REWARD_REF_PNO,REWARD_OP_NO,REWARD_AMOUNT) values (317,15000,'만약카드','만약카드
<br>배송비',-1,'Y',to_date('19/12/05','RR/MM/DD'),null,1598,1,-1);
Insert into DODREAM.REWARD (REWARD_NO,REWARD_PRICE,REWARD_NAME,REWARD_EXPLAIN,REWARD_LIMIT,REWARD_SHIP_CDT,REWARD_SHIP_DT,REWARD_OP_ADD,REWARD_REF_PNO,REWARD_OP_NO,REWARD_AMOUNT) values (262,60000,'test','test',1,'Y',to_date('20/01/05','RR/MM/DD'),null,1579,1,1);
Insert into DODREAM.REWARD (REWARD_NO,REWARD_PRICE,REWARD_NAME,REWARD_EXPLAIN,REWARD_LIMIT,REWARD_SHIP_CDT,REWARD_SHIP_DT,REWARD_OP_ADD,REWARD_REF_PNO,REWARD_OP_NO,REWARD_AMOUNT) values (263,1000000,'test','test',1,'Y',to_date('20/01/05','RR/MM/DD'),null,1581,1,1);
Insert into DODREAM.REWARD (REWARD_NO,REWARD_PRICE,REWARD_NAME,REWARD_EXPLAIN,REWARD_LIMIT,REWARD_SHIP_CDT,REWARD_SHIP_DT,REWARD_OP_ADD,REWARD_REF_PNO,REWARD_OP_NO,REWARD_AMOUNT) values (264,100000,'test','test',1,'Y',to_date('20/09/05','RR/MM/DD'),null,1584,1,1);
Insert into DODREAM.REWARD (REWARD_NO,REWARD_PRICE,REWARD_NAME,REWARD_EXPLAIN,REWARD_LIMIT,REWARD_SHIP_CDT,REWARD_SHIP_DT,REWARD_OP_ADD,REWARD_REF_PNO,REWARD_OP_NO,REWARD_AMOUNT) values (307,35000,'들꽃3종패키지','들꽃3종패키지',10,'Y',to_date('19/12/25','RR/MM/DD'),null,1583,1,10);
Insert into DODREAM.REWARD (REWARD_NO,REWARD_PRICE,REWARD_NAME,REWARD_EXPLAIN,REWARD_LIMIT,REWARD_SHIP_CDT,REWARD_SHIP_DT,REWARD_OP_ADD,REWARD_REF_PNO,REWARD_OP_NO,REWARD_AMOUNT) values (308,20000,'맛집1권','맛집1권
<br>배송비',-1,'Y',to_date('19/11/25','RR/MM/DD'),null,1590,1,-1);
Insert into DODREAM.REWARD (REWARD_NO,REWARD_PRICE,REWARD_NAME,REWARD_EXPLAIN,REWARD_LIMIT,REWARD_SHIP_CDT,REWARD_SHIP_DT,REWARD_OP_ADD,REWARD_REF_PNO,REWARD_OP_NO,REWARD_AMOUNT) values (267,50000,'test','test',1,'Y',to_date('20/01/05','RR/MM/DD'),null,1585,1,1);
Insert into DODREAM.REWARD (REWARD_NO,REWARD_PRICE,REWARD_NAME,REWARD_EXPLAIN,REWARD_LIMIT,REWARD_SHIP_CDT,REWARD_SHIP_DT,REWARD_OP_ADD,REWARD_REF_PNO,REWARD_OP_NO,REWARD_AMOUNT) values (268,50000,'유료 관람권','2차 시사회',-1,'N',to_date('19/12/05','RR/MM/DD'),null,1582,1,-1);
Insert into DODREAM.REWARD (REWARD_NO,REWARD_PRICE,REWARD_NAME,REWARD_EXPLAIN,REWARD_LIMIT,REWARD_SHIP_CDT,REWARD_SHIP_DT,REWARD_OP_ADD,REWARD_REF_PNO,REWARD_OP_NO,REWARD_AMOUNT) values (269,30000,'test','test',1,'Y',to_date('20/05/05','RR/MM/DD'),null,1588,1,1);
Insert into DODREAM.REWARD (REWARD_NO,REWARD_PRICE,REWARD_NAME,REWARD_EXPLAIN,REWARD_LIMIT,REWARD_SHIP_CDT,REWARD_SHIP_DT,REWARD_OP_ADD,REWARD_REF_PNO,REWARD_OP_NO,REWARD_AMOUNT) values (270,50000,'관람권','123',-1,'N',to_date('19/11/05','RR/MM/DD'),null,1589,1,-1);
Insert into DODREAM.REWARD (REWARD_NO,REWARD_PRICE,REWARD_NAME,REWARD_EXPLAIN,REWARD_LIMIT,REWARD_SHIP_CDT,REWARD_SHIP_DT,REWARD_OP_ADD,REWARD_REF_PNO,REWARD_OP_NO,REWARD_AMOUNT) values (310,6000,'꽃1개','배송비포함',-1,'Y',to_date('19/12/25','RR/MM/DD'),null,1594,1,-1);
Insert into DODREAM.REWARD (REWARD_NO,REWARD_PRICE,REWARD_NAME,REWARD_EXPLAIN,REWARD_LIMIT,REWARD_SHIP_CDT,REWARD_SHIP_DT,REWARD_OP_ADD,REWARD_REF_PNO,REWARD_OP_NO,REWARD_AMOUNT) values (311,20000,'여러개꽃','여러개 꽃
<br>배송비
<br>바우처',-1,'Y',to_date('19/12/15','RR/MM/DD'),null,1594,1,-1);
Insert into DODREAM.REWARD (REWARD_NO,REWARD_PRICE,REWARD_NAME,REWARD_EXPLAIN,REWARD_LIMIT,REWARD_SHIP_CDT,REWARD_SHIP_DT,REWARD_OP_ADD,REWARD_REF_PNO,REWARD_OP_NO,REWARD_AMOUNT) values (273,10000,'관람권','관람권',-1,'N',to_date('19/10/25','RR/MM/DD'),null,1591,1,-1);
Insert into DODREAM.REWARD (REWARD_NO,REWARD_PRICE,REWARD_NAME,REWARD_EXPLAIN,REWARD_LIMIT,REWARD_SHIP_CDT,REWARD_SHIP_DT,REWARD_OP_ADD,REWARD_REF_PNO,REWARD_OP_NO,REWARD_AMOUNT) values (314,34000,'[슈퍼얼리버드] 뉴욕 자유의 여신상 패키지','- 마스킹 테이프
<br>- 떡메모지
<br>- 뱃지
<br>- 엽서',20,'N',to_date('19/12/05','RR/MM/DD'),null,1592,1,20);
Insert into DODREAM.REWARD (REWARD_NO,REWARD_PRICE,REWARD_NAME,REWARD_EXPLAIN,REWARD_LIMIT,REWARD_SHIP_CDT,REWARD_SHIP_DT,REWARD_OP_ADD,REWARD_REF_PNO,REWARD_OP_NO,REWARD_AMOUNT) values (315,25000,'책1권','책1권
<br>배송비',-1,'Y',to_date('19/12/05','RR/MM/DD'),null,1577,1,-1);
Insert into DODREAM.REWARD (REWARD_NO,REWARD_PRICE,REWARD_NAME,REWARD_EXPLAIN,REWARD_LIMIT,REWARD_SHIP_CDT,REWARD_SHIP_DT,REWARD_OP_ADD,REWARD_REF_PNO,REWARD_OP_NO,REWARD_AMOUNT) values (276,5000,'관람권','최강 포식자지만 더이상 육식을 하지 않는 티라노사우루스 ''티라노''와 날지못하는 프테라노돈 ''프논''. 상처와 사연을 가진 두 주인공이 천국을 찾아 떠나는 이야기.',-1,'N',to_date('19/12/25','RR/MM/DD'),null,1597,1,-1);
Insert into DODREAM.REWARD (REWARD_NO,REWARD_PRICE,REWARD_NAME,REWARD_EXPLAIN,REWARD_LIMIT,REWARD_SHIP_CDT,REWARD_SHIP_DT,REWARD_OP_ADD,REWARD_REF_PNO,REWARD_OP_NO,REWARD_AMOUNT) values (319,25000,'인형','인형',-1,'Y',to_date('19/12/15','RR/MM/DD'),null,1602,1,-1);
Insert into DODREAM.REWARD (REWARD_NO,REWARD_PRICE,REWARD_NAME,REWARD_EXPLAIN,REWARD_LIMIT,REWARD_SHIP_CDT,REWARD_SHIP_DT,REWARD_OP_ADD,REWARD_REF_PNO,REWARD_OP_NO,REWARD_AMOUNT) values (320,45000,'인형 2개. 카드','인형 2개. 카드
<br>배송비',-1,'Y',to_date('19/12/25','RR/MM/DD'),null,1602,1,-1);
Insert into DODREAM.REWARD (REWARD_NO,REWARD_PRICE,REWARD_NAME,REWARD_EXPLAIN,REWARD_LIMIT,REWARD_SHIP_CDT,REWARD_SHIP_DT,REWARD_OP_ADD,REWARD_REF_PNO,REWARD_OP_NO,REWARD_AMOUNT) values (279,25000,'관람 투자권','김주한 대표님과는 2010년 <된장>을',-1,'N',to_date('19/12/05','RR/MM/DD'),null,1599,1,-1);
Insert into DODREAM.REWARD (REWARD_NO,REWARD_PRICE,REWARD_NAME,REWARD_EXPLAIN,REWARD_LIMIT,REWARD_SHIP_CDT,REWARD_SHIP_DT,REWARD_OP_ADD,REWARD_REF_PNO,REWARD_OP_NO,REWARD_AMOUNT) values (282,100000,'10만','<악마를 보았다>, <신세계> 제작사
<br>페퍼민트앤컴퍼니의 2018 기대작!',1,'N',to_date('19/12/05','RR/MM/DD'),null,1603,1,1);
Insert into DODREAM.REWARD (REWARD_NO,REWARD_PRICE,REWARD_NAME,REWARD_EXPLAIN,REWARD_LIMIT,REWARD_SHIP_CDT,REWARD_SHIP_DT,REWARD_OP_ADD,REWARD_REF_PNO,REWARD_OP_NO,REWARD_AMOUNT) values (300,230000,'기계, 악보','기계, 악보',10,'Y',to_date('20/01/15','RR/MM/DD'),null,1606,1,10);
Insert into DODREAM.REWARD (REWARD_NO,REWARD_PRICE,REWARD_NAME,REWARD_EXPLAIN,REWARD_LIMIT,REWARD_SHIP_CDT,REWARD_SHIP_DT,REWARD_OP_ADD,REWARD_REF_PNO,REWARD_OP_NO,REWARD_AMOUNT) values (301,18000,'전지적공황장애 1권','전지적공황장애 1권
<br>배송비',-1,'Y',to_date('19/11/25','RR/MM/DD'),null,1570,1,-1);
Insert into DODREAM.REWARD (REWARD_NO,REWARD_PRICE,REWARD_NAME,REWARD_EXPLAIN,REWARD_LIMIT,REWARD_SHIP_CDT,REWARD_SHIP_DT,REWARD_OP_ADD,REWARD_REF_PNO,REWARD_OP_NO,REWARD_AMOUNT) values (318,20000,'만약카드, 바우처','만약카드, 바우처, 배송비',-1,'Y',to_date('19/12/25','RR/MM/DD'),null,1598,1,-1);
Insert into DODREAM.REWARD (REWARD_NO,REWARD_PRICE,REWARD_NAME,REWARD_EXPLAIN,REWARD_LIMIT,REWARD_SHIP_CDT,REWARD_SHIP_DT,REWARD_OP_ADD,REWARD_REF_PNO,REWARD_OP_NO,REWARD_AMOUNT) values (306,60000,'장미1종패키지','장미1종패키지',10,'Y',to_date('19/12/05','RR/MM/DD'),null,1583,1,10);
Insert into DODREAM.REWARD (REWARD_NO,REWARD_PRICE,REWARD_NAME,REWARD_EXPLAIN,REWARD_LIMIT,REWARD_SHIP_CDT,REWARD_SHIP_DT,REWARD_OP_ADD,REWARD_REF_PNO,REWARD_OP_NO,REWARD_AMOUNT) values (309,30000,'맛집2권','맛집2권
<br>배송비
<br>바우처',-1,'Y',to_date('19/11/25','RR/MM/DD'),null,1590,1,-1);
Insert into DODREAM.REWARD (REWARD_NO,REWARD_PRICE,REWARD_NAME,REWARD_EXPLAIN,REWARD_LIMIT,REWARD_SHIP_CDT,REWARD_SHIP_DT,REWARD_OP_ADD,REWARD_REF_PNO,REWARD_OP_NO,REWARD_AMOUNT) values (294,5000,'후원자명 기재','프로그램북에 후원자명이 기재됩니다.',-1,'N',to_date('19/12/25','RR/MM/DD'),'후원자명을 입력해주세요',1608,3,-1);
Insert into DODREAM.REWARD (REWARD_NO,REWARD_PRICE,REWARD_NAME,REWARD_EXPLAIN,REWARD_LIMIT,REWARD_SHIP_CDT,REWARD_SHIP_DT,REWARD_OP_ADD,REWARD_REF_PNO,REWARD_OP_NO,REWARD_AMOUNT) values (295,6000,'티켓','조기예매할인 40%가 적용된 가격입니다.',-1,'Y',to_date('19/12/25','RR/MM/DD'),null,1608,1,-1);
Insert into DODREAM.REWARD (REWARD_NO,REWARD_PRICE,REWARD_NAME,REWARD_EXPLAIN,REWARD_LIMIT,REWARD_SHIP_CDT,REWARD_SHIP_DT,REWARD_OP_ADD,REWARD_REF_PNO,REWARD_OP_NO,REWARD_AMOUNT) values (296,11000,'프로그램북 패키지','티켓과 프로그램북 추가 구성입니다.',-1,'Y',to_date('19/12/25','RR/MM/DD'),null,1608,1,-1);
Insert into DODREAM.REWARD (REWARD_NO,REWARD_PRICE,REWARD_NAME,REWARD_EXPLAIN,REWARD_LIMIT,REWARD_SHIP_CDT,REWARD_SHIP_DT,REWARD_OP_ADD,REWARD_REF_PNO,REWARD_OP_NO,REWARD_AMOUNT) values (297,13000,'스티커 패키지','티켓 + 프로그램북 + 스티커 패키지 입니다.',-1,'Y',to_date('19/12/25','RR/MM/DD'),null,1608,1,-1);
Insert into DODREAM.REWARD (REWARD_NO,REWARD_PRICE,REWARD_NAME,REWARD_EXPLAIN,REWARD_LIMIT,REWARD_SHIP_CDT,REWARD_SHIP_DT,REWARD_OP_ADD,REWARD_REF_PNO,REWARD_OP_NO,REWARD_AMOUNT) values (298,18000,'뱃지 세트','티켓 + 프로그램북 + 스티커 + 뱃지 구성입니다.',-1,'Y',to_date('19/12/25','RR/MM/DD'),null,1608,1,-1);
Insert into DODREAM.REWARD (REWARD_NO,REWARD_PRICE,REWARD_NAME,REWARD_EXPLAIN,REWARD_LIMIT,REWARD_SHIP_CDT,REWARD_SHIP_DT,REWARD_OP_ADD,REWARD_REF_PNO,REWARD_OP_NO,REWARD_AMOUNT) values (299,200000,'디제잉기계','디제잉기계',10,'Y',to_date('20/01/05','RR/MM/DD'),null,1606,1,10);
Insert into DODREAM.REWARD (REWARD_NO,REWARD_PRICE,REWARD_NAME,REWARD_EXPLAIN,REWARD_LIMIT,REWARD_SHIP_CDT,REWARD_SHIP_DT,REWARD_OP_ADD,REWARD_REF_PNO,REWARD_OP_NO,REWARD_AMOUNT) values (302,25000,'전지적공황장애1권,바우처','전지적공황장애1권,바우처
<br>배송비',-1,'N',to_date('19/11/25','RR/MM/DD'),null,1570,1,-1);
Insert into DODREAM.REWARD (REWARD_NO,REWARD_PRICE,REWARD_NAME,REWARD_EXPLAIN,REWARD_LIMIT,REWARD_SHIP_CDT,REWARD_SHIP_DT,REWARD_OP_ADD,REWARD_REF_PNO,REWARD_OP_NO,REWARD_AMOUNT) values (321,30000,'알랑가 모르겄SHOW 엽서 + 티켓 + 프로그램북 + 텀블러','''알랑가 모르겄SHOW''팀에서 제작한 공연티켓, 엽서, 프로그램북, 텀블러 입니다.
<br>
<br>엽서 ( x 1 )
<br>공연티켓 ( x 1 )
<br>프로그램북 ( x 1 )
<br>텀블러 ( x 1 )',30,'N',to_date('19/12/15','RR/MM/DD'),null,1611,1,30);
Insert into DODREAM.REWARD (REWARD_NO,REWARD_PRICE,REWARD_NAME,REWARD_EXPLAIN,REWARD_LIMIT,REWARD_SHIP_CDT,REWARD_SHIP_DT,REWARD_OP_ADD,REWARD_REF_PNO,REWARD_OP_NO,REWARD_AMOUNT) values (322,10000,'알랑가 모르겄SHOW 공연티켓 + 엽서','''알랑가 모르겄SHOW'' 팀에서 제작한 공연티켓과 엽서입니다.
<br>
<br>엽서 (×1)
<br>공연티켓 (×1)',500,'N',to_date('19/12/15','RR/MM/DD'),null,1611,1,500);
Insert into DODREAM.REWARD (REWARD_NO,REWARD_PRICE,REWARD_NAME,REWARD_EXPLAIN,REWARD_LIMIT,REWARD_SHIP_CDT,REWARD_SHIP_DT,REWARD_OP_ADD,REWARD_REF_PNO,REWARD_OP_NO,REWARD_AMOUNT) values (325,135200,'[슈퍼얼리버드] 반고흐 3종 패키지','구성: 대형 + 중형 + 소형 3종 패키지 
<br>(아를의 별이 빛나는 밤, 별이 빛나는 밤, 해바라기)
<br>※예상 소비자가 : 237,000원->슈퍼 얼리버드 : 135,200원
<br>※패키지 구성을 펀딩하시는 분들께는 무료로 배송해드립니다.',90,'N',to_date('19/12/05','RR/MM/DD'),null,1612,1,90);
Insert into DODREAM.REWARD (REWARD_NO,REWARD_PRICE,REWARD_NAME,REWARD_EXPLAIN,REWARD_LIMIT,REWARD_SHIP_CDT,REWARD_SHIP_DT,REWARD_OP_ADD,REWARD_REF_PNO,REWARD_OP_NO,REWARD_AMOUNT) values (332,100000,'Someday Festival 2019 초대티켓','- 초대 공연명: Someday Festival 2019
<br>- 초대 일시: 2019년 12월 1일
<br>- 초대 장소: 난지한강공원
<br>- 공연당일 매표소에서 신분증/연락처로 본인 확인 후 초대권 수령',180,'N',to_date('19/12/05','RR/MM/DD'),null,1620,1,180);
Insert into DODREAM.REWARD (REWARD_NO,REWARD_PRICE,REWARD_NAME,REWARD_EXPLAIN,REWARD_LIMIT,REWARD_SHIP_CDT,REWARD_SHIP_DT,REWARD_OP_ADD,REWARD_REF_PNO,REWARD_OP_NO,REWARD_AMOUNT) values (328,57000,'[얼리버드] Starter Package B(폰케이스 미포함)','- 페이스 드로잉 페이퍼(B5) 1개
<br>- 작품보증서
<br>- 프페드 전시회 티켓 2매
<br>- (폰케이스 없음)
<br>* 슈퍼얼리버드를 위한 한정 패키지입니다.
<br>* 전시회 티켓은 2018년 12월 중순 전시 전에 먼저 배송합니다.
<br>* 작품 수령은 전시 클로징 파티가 끝난 후 직접 가지고 가실 수 있습니다.
<br>* 전시 클로징 파티에서 작품 수령을 하지 못한 분들은 2주 안에 개별 배송해드립니다.',30,'Y',to_date('19/12/05','RR/MM/DD'),null,1619,1,29);
Insert into DODREAM.REWARD (REWARD_NO,REWARD_PRICE,REWARD_NAME,REWARD_EXPLAIN,REWARD_LIMIT,REWARD_SHIP_CDT,REWARD_SHIP_DT,REWARD_OP_ADD,REWARD_REF_PNO,REWARD_OP_NO,REWARD_AMOUNT) values (352,15000,'A','- 멸종위기동물 엽서 25장
<br>- 스티커 2종',60,'Y',to_date('20/01/05','RR/MM/DD'),null,1635,1,60);
Insert into DODREAM.REWARD (REWARD_NO,REWARD_PRICE,REWARD_NAME,REWARD_EXPLAIN,REWARD_LIMIT,REWARD_SHIP_CDT,REWARD_SHIP_DT,REWARD_OP_ADD,REWARD_REF_PNO,REWARD_OP_NO,REWARD_AMOUNT) values (335,24000,'리워드 A 세트 / 택배발송비 4000원 포함','<꽃피우다> 본책',50,'N',to_date('19/12/05','RR/MM/DD'),null,1621,1,9);
Insert into DODREAM.REWARD (REWARD_NO,REWARD_PRICE,REWARD_NAME,REWARD_EXPLAIN,REWARD_LIMIT,REWARD_SHIP_CDT,REWARD_SHIP_DT,REWARD_OP_ADD,REWARD_REF_PNO,REWARD_OP_NO,REWARD_AMOUNT) values (338,13000,'배송비 포함 (택배 배송), 엽서 3종세트 증정','- 스티커
<br>- 책갈피
<br>- 탁상달력',80,'N',to_date('19/11/05','RR/MM/DD'),null,1622,1,80);
Insert into DODREAM.REWARD (REWARD_NO,REWARD_PRICE,REWARD_NAME,REWARD_EXPLAIN,REWARD_LIMIT,REWARD_SHIP_CDT,REWARD_SHIP_DT,REWARD_OP_ADD,REWARD_REF_PNO,REWARD_OP_NO,REWARD_AMOUNT) values (347,4000,'A','엽서 3종',50,'N',to_date('19/12/05','RR/MM/DD'),null,1631,1,50);
Insert into DODREAM.REWARD (REWARD_NO,REWARD_PRICE,REWARD_NAME,REWARD_EXPLAIN,REWARD_LIMIT,REWARD_SHIP_CDT,REWARD_SHIP_DT,REWARD_OP_ADD,REWARD_REF_PNO,REWARD_OP_NO,REWARD_AMOUNT) values (343,50000,'[이벤트] 레이디스코드 싸인이 포함된 #CODE03 - SET ME FREE','레이디스코드의 싸인이 포함된 SET ME FREE 앨범
<br>앨범구성) CD + 브로마이드 + 멤버별 싸인
<br>	
<br>Track1 - SET ME FREE
<br>Track2 - NEW DAY
<br>Track3 - NEVER ENDING STORY
<br>Track4 - JASMINE
<br>Track5 - FEEDBACK (너의 대답은)',250,'Y',to_date('19/12/15','RR/MM/DD'),null,1630,1,250);
Insert into DODREAM.REWARD (REWARD_NO,REWARD_PRICE,REWARD_NAME,REWARD_EXPLAIN,REWARD_LIMIT,REWARD_SHIP_CDT,REWARD_SHIP_DT,REWARD_OP_ADD,REWARD_REF_PNO,REWARD_OP_NO,REWARD_AMOUNT) values (349,35000,'ADOY(아도이)Drive Vol.1 초대권','공연 초대(1인 2매) 
<br>일시 : 2019.12.06(토) 7PM
<br>장소 : YES24 라이브홀
<br>주최 : 엔젤하우스, 블루엔터테인먼트
<br>주관 : 블루엔터테인먼트
<br>후원 : CJ문화재단
<br>
<br>현장수령하며 신분증 & 전화번호 대조후 수령합니다.',350,'N',to_date('19/12/05','RR/MM/DD'),null,1634,1,349);
Insert into DODREAM.REWARD (REWARD_NO,REWARD_PRICE,REWARD_NAME,REWARD_EXPLAIN,REWARD_LIMIT,REWARD_SHIP_CDT,REWARD_SHIP_DT,REWARD_OP_ADD,REWARD_REF_PNO,REWARD_OP_NO,REWARD_AMOUNT) values (357,50000,'2019 렛츠락 페스티벌 초대권','- 초대 공연명: 2019 렛츠락 페스티벌
<br>- 초대 일시: 2019년 11월 22일 일요일
<br>- 초대 장소: 서울 난지한강공원
<br>- 공연당일 배표소 초대창구에서 성함 / 연락처 뒤 4자리로 본인 확인 후 초대권 수령',450,'N',to_date('19/11/15','RR/MM/DD'),null,1637,1,450);
Insert into DODREAM.REWARD (REWARD_NO,REWARD_PRICE,REWARD_NAME,REWARD_EXPLAIN,REWARD_LIMIT,REWARD_SHIP_CDT,REWARD_SHIP_DT,REWARD_OP_ADD,REWARD_REF_PNO,REWARD_OP_NO,REWARD_AMOUNT) values (356,32000,'삽화 데이터 + 폰케이스 + 엽서 + 무료배송','얼리버드(한정 10개) 핸드폰케이스 [32,000원]',50,'Y',to_date('20/01/05','RR/MM/DD'),'각인 메시지, 카드에 담길 메시지 등 
<br>서포터가 남길 메시지를 위해 
<br>설명을 충분히 적어주세요.',1636,3,50);
Insert into DODREAM.REWARD (REWARD_NO,REWARD_PRICE,REWARD_NAME,REWARD_EXPLAIN,REWARD_LIMIT,REWARD_SHIP_CDT,REWARD_SHIP_DT,REWARD_OP_ADD,REWARD_REF_PNO,REWARD_OP_NO,REWARD_AMOUNT) values (360,16000,'A','- A4 사이즈 패브릭포스터
<br>- 엽서 1장',30,'Y',to_date('19/12/25','RR/MM/DD'),null,1638,1,30);
Insert into DODREAM.REWARD (REWARD_NO,REWARD_PRICE,REWARD_NAME,REWARD_EXPLAIN,REWARD_LIMIT,REWARD_SHIP_CDT,REWARD_SHIP_DT,REWARD_OP_ADD,REWARD_REF_PNO,REWARD_OP_NO,REWARD_AMOUNT) values (361,1000,'1','1',-1,'Y',to_date('19/12/25','RR/MM/DD'),null,1653,1,-2);
Insert into DODREAM.REWARD (REWARD_NO,REWARD_PRICE,REWARD_NAME,REWARD_EXPLAIN,REWARD_LIMIT,REWARD_SHIP_CDT,REWARD_SHIP_DT,REWARD_OP_ADD,REWARD_REF_PNO,REWARD_OP_NO,REWARD_AMOUNT) values (364,213,'123','213',-1,'Y',to_date('19/12/25','RR/MM/DD'),'각인 메시지, 카드에 담길 메시지 등 
<br>서포터가 남길 메시지를 위해 
<br>설명을 충분히 적어주세요.',1652,3,-1);
Insert into DODREAM.REWARD (REWARD_NO,REWARD_PRICE,REWARD_NAME,REWARD_EXPLAIN,REWARD_LIMIT,REWARD_SHIP_CDT,REWARD_SHIP_DT,REWARD_OP_ADD,REWARD_REF_PNO,REWARD_OP_NO,REWARD_AMOUNT) values (397,5000,'테스트 저장1','테스트',-1,'N',to_date('19/11/15','RR/MM/DD'),null,1660,1,-1);
Insert into DODREAM.REWARD (REWARD_NO,REWARD_PRICE,REWARD_NAME,REWARD_EXPLAIN,REWARD_LIMIT,REWARD_SHIP_CDT,REWARD_SHIP_DT,REWARD_OP_ADD,REWARD_REF_PNO,REWARD_OP_NO,REWARD_AMOUNT) values (381,1000,'11','11',-1,'Y',to_date('19/12/05','RR/MM/DD'),null,1661,1,-6);
Insert into DODREAM.REWARD (REWARD_NO,REWARD_PRICE,REWARD_NAME,REWARD_EXPLAIN,REWARD_LIMIT,REWARD_SHIP_CDT,REWARD_SHIP_DT,REWARD_OP_ADD,REWARD_REF_PNO,REWARD_OP_NO,REWARD_AMOUNT) values (390,123,'123','123',-1,'Y',to_date('19/11/25','RR/MM/DD'),'123',1664,3,-1);
Insert into DODREAM.REWARD (REWARD_NO,REWARD_PRICE,REWARD_NAME,REWARD_EXPLAIN,REWARD_LIMIT,REWARD_SHIP_CDT,REWARD_SHIP_DT,REWARD_OP_ADD,REWARD_REF_PNO,REWARD_OP_NO,REWARD_AMOUNT) values (398,6000,'테스트 저장 2','테스트테스트',100,'Y',to_date('19/12/15','RR/MM/DD'),'각인테스트',1660,3,100);
Insert into DODREAM.REWARD (REWARD_NO,REWARD_PRICE,REWARD_NAME,REWARD_EXPLAIN,REWARD_LIMIT,REWARD_SHIP_CDT,REWARD_SHIP_DT,REWARD_OP_ADD,REWARD_REF_PNO,REWARD_OP_NO,REWARD_AMOUNT) values (412,35000,'ADOY(아도이)Drive Vol.1 초대권','공연 초대(1인 2매)
<br>일시 : 2019.12.06(토) 7PM
<br>장소 : YES24 라이브홀
<br>주최 : 엔젤하우스, 블루엔터테인먼트
<br>주관 : 블루엔터테인먼트
<br>후원 : CJ문화재단
<br>
<br>현장수령시 신분증 & 전화번호 대조 후 발권해드립니다.',350,'N',to_date('19/11/15','RR/MM/DD'),null,1662,1,350);
Insert into DODREAM.REWARD (REWARD_NO,REWARD_PRICE,REWARD_NAME,REWARD_EXPLAIN,REWARD_LIMIT,REWARD_SHIP_CDT,REWARD_SHIP_DT,REWARD_OP_ADD,REWARD_REF_PNO,REWARD_OP_NO,REWARD_AMOUNT) values (408,10000,'테스트 리워드','촉촉한초코칩 화이팅',-1,'N',to_date('19/12/25','RR/MM/DD'),'270mm / 화이트
<br>280mm / 블랙',1678,2,-1);
Insert into DODREAM.REWARD (REWARD_NO,REWARD_PRICE,REWARD_NAME,REWARD_EXPLAIN,REWARD_LIMIT,REWARD_SHIP_CDT,REWARD_SHIP_DT,REWARD_OP_ADD,REWARD_REF_PNO,REWARD_OP_NO,REWARD_AMOUNT) values (392,11111,'test','test',-1,'Y',to_date('19/12/15','RR/MM/DD'),null,1667,1,-1);
Insert into DODREAM.REWARD (REWARD_NO,REWARD_PRICE,REWARD_NAME,REWARD_EXPLAIN,REWARD_LIMIT,REWARD_SHIP_CDT,REWARD_SHIP_DT,REWARD_OP_ADD,REWARD_REF_PNO,REWARD_OP_NO,REWARD_AMOUNT) values (393,1000,'아베시 세트','이 리워드를 결제하시면
<br>결제금액은 저희의 회식비로 쓰입니다',-1,'N',to_date('19/12/05','RR/MM/DD'),null,1669,1,-10000003);
Insert into DODREAM.REWARD (REWARD_NO,REWARD_PRICE,REWARD_NAME,REWARD_EXPLAIN,REWARD_LIMIT,REWARD_SHIP_CDT,REWARD_SHIP_DT,REWARD_OP_ADD,REWARD_REF_PNO,REWARD_OP_NO,REWARD_AMOUNT) values (413,20000,'하하','사진 보내드립니다',1,'N',to_date('19/12/25','RR/MM/DD'),null,1693,1,1);
Insert into DODREAM.REWARD (REWARD_NO,REWARD_PRICE,REWARD_NAME,REWARD_EXPLAIN,REWARD_LIMIT,REWARD_SHIP_CDT,REWARD_SHIP_DT,REWARD_OP_ADD,REWARD_REF_PNO,REWARD_OP_NO,REWARD_AMOUNT) values (414,1000,'????','ㄴ',1,'N',to_date('19/11/15','RR/MM/DD'),null,1698,1,1);
Insert into DODREAM.REWARD (REWARD_NO,REWARD_PRICE,REWARD_NAME,REWARD_EXPLAIN,REWARD_LIMIT,REWARD_SHIP_CDT,REWARD_SHIP_DT,REWARD_OP_ADD,REWARD_REF_PNO,REWARD_OP_NO,REWARD_AMOUNT) values (423,4000,'4딸라','4딸라!',-1,'N',to_date('19/11/05','RR/MM/DD'),null,1724,1,-1);
Insert into DODREAM.REWARD (REWARD_NO,REWARD_PRICE,REWARD_NAME,REWARD_EXPLAIN,REWARD_LIMIT,REWARD_SHIP_CDT,REWARD_SHIP_DT,REWARD_OP_ADD,REWARD_REF_PNO,REWARD_OP_NO,REWARD_AMOUNT) values (422,35000,'ADOY(아도이) Drive Vol.1 초대권','ADOY(아도이)Drive Vol.1 초대권
<br>
<br>공연 초대(1인 2매)
<br>일시 : 2019.12.06(토) 7PM
<br>장소 : YES24 라이브홀
<br>주최 : 엔젤하우스, 블루엔터테인먼트
<br>주관 : 블루엔터테인먼트
<br>후원 : CJ문화재단',350,'N',to_date('19/11/15','RR/MM/DD'),'직접쓸수있는옵션',1703,3,350);
REM INSERTING into DODREAM.REWARD_OPTION
SET DEFINE OFF;
Insert into DODREAM.REWARD_OPTION (REWORD_OP_NO,REWORD_OP_DETAIL) values (1,'옵션 입력이 필요 없는 리워드');
Insert into DODREAM.REWARD_OPTION (REWORD_OP_NO,REWORD_OP_DETAIL) values (2,'선택 옵션이 필요한 리워드');
Insert into DODREAM.REWARD_OPTION (REWORD_OP_NO,REWORD_OP_DETAIL) values (3,'직접 입력 옵션이 필요한 리워드');
REM INSERTING into DODREAM.SUBREPLY
SET DEFINE OFF;
Insert into DODREAM.SUBREPLY (SUBRE_NO,SUBRE_CON,SUBRE_STATUS,SUBRE_WRI_DT,SUBRE_MODI_DT,SUBRE_WRITER,SUBRE_REF_RNO) values (48,'rkskekfk<br>12','Y',to_date('19/10/16','RR/MM/DD'),to_date('19/10/16','RR/MM/DD'),3,66);
Insert into DODREAM.SUBREPLY (SUBRE_NO,SUBRE_CON,SUBRE_STATUS,SUBRE_WRI_DT,SUBRE_MODI_DT,SUBRE_WRITER,SUBRE_REF_RNO) values (50,'테스트 수정<br>123qqqqqqqqqqqq','Y',to_date('19/10/16','RR/MM/DD'),to_date('19/10/16','RR/MM/DD'),3,66);
Insert into DODREAM.SUBREPLY (SUBRE_NO,SUBRE_CON,SUBRE_STATUS,SUBRE_WRI_DT,SUBRE_MODI_DT,SUBRE_WRITER,SUBRE_REF_RNO) values (51,'가나다다다다','Y',to_date('19/10/16','RR/MM/DD'),to_date('19/10/16','RR/MM/DD'),3,59);
Insert into DODREAM.SUBREPLY (SUBRE_NO,SUBRE_CON,SUBRE_STATUS,SUBRE_WRI_DT,SUBRE_MODI_DT,SUBRE_WRITER,SUBRE_REF_RNO) values (52,'rkskekfk<br>12','Y',to_date('19/10/16','RR/MM/DD'),to_date('19/10/16','RR/MM/DD'),3,57);
Insert into DODREAM.SUBREPLY (SUBRE_NO,SUBRE_CON,SUBRE_STATUS,SUBRE_WRI_DT,SUBRE_MODI_DT,SUBRE_WRITER,SUBRE_REF_RNO) values (53,'가<br>나<br>다','Y',to_date('19/10/16','RR/MM/DD'),to_date('19/10/16','RR/MM/DD'),3,67);
Insert into DODREAM.SUBREPLY (SUBRE_NO,SUBRE_CON,SUBRE_STATUS,SUBRE_WRI_DT,SUBRE_MODI_DT,SUBRE_WRITER,SUBRE_REF_RNO) values (54,'rk<br>rk','Y',to_date('19/10/16','RR/MM/DD'),to_date('19/10/16','RR/MM/DD'),3,66);
Insert into DODREAM.SUBREPLY (SUBRE_NO,SUBRE_CON,SUBRE_STATUS,SUBRE_WRI_DT,SUBRE_MODI_DT,SUBRE_WRITER,SUBRE_REF_RNO) values (57,'문의가 잘 되는?','Y',to_date('19/10/16','RR/MM/DD'),to_date('19/10/16','RR/MM/DD'),9,67);
Insert into DODREAM.SUBREPLY (SUBRE_NO,SUBRE_CON,SUBRE_STATUS,SUBRE_WRI_DT,SUBRE_MODI_DT,SUBRE_WRITER,SUBRE_REF_RNO) values (58,'댓글이 잘 달리나?<br>잘 됐으면 좋겠다구','Y',to_date('19/10/16','RR/MM/DD'),to_date('19/10/16','RR/MM/DD'),9,66);
Insert into DODREAM.SUBREPLY (SUBRE_NO,SUBRE_CON,SUBRE_STATUS,SUBRE_WRI_DT,SUBRE_MODI_DT,SUBRE_WRITER,SUBRE_REF_RNO) values (59,'욥욥<br>수정이 잘 됐으면 좋겠다<br>우왕 굳','Y',to_date('19/10/16','RR/MM/DD'),to_date('19/10/16','RR/MM/DD'),9,66);
Insert into DODREAM.SUBREPLY (SUBRE_NO,SUBRE_CON,SUBRE_STATUS,SUBRE_WRI_DT,SUBRE_MODI_DT,SUBRE_WRITER,SUBRE_REF_RNO) values (60,'ㅋㄷㅋㄷ','Y',to_date('19/10/16','RR/MM/DD'),to_date('19/10/16','RR/MM/DD'),9,61);
Insert into DODREAM.SUBREPLY (SUBRE_NO,SUBRE_CON,SUBRE_STATUS,SUBRE_WRI_DT,SUBRE_MODI_DT,SUBRE_WRITER,SUBRE_REF_RNO) values (61,'잘했어요 정말','Y',to_date('19/10/16','RR/MM/DD'),to_date('19/10/16','RR/MM/DD'),9,67);
Insert into DODREAM.SUBREPLY (SUBRE_NO,SUBRE_CON,SUBRE_STATUS,SUBRE_WRI_DT,SUBRE_MODI_DT,SUBRE_WRITER,SUBRE_REF_RNO) values (62,'앗 죄송염','Y',to_date('19/10/16','RR/MM/DD'),to_date('19/10/16','RR/MM/DD'),9,71);
Insert into DODREAM.SUBREPLY (SUBRE_NO,SUBRE_CON,SUBRE_STATUS,SUBRE_WRI_DT,SUBRE_MODI_DT,SUBRE_WRITER,SUBRE_REF_RNO) values (63,'파이팅','N',to_date('19/10/17','RR/MM/DD'),to_date('19/10/17','RR/MM/DD'),3,73);
Insert into DODREAM.SUBREPLY (SUBRE_NO,SUBRE_CON,SUBRE_STATUS,SUBRE_WRI_DT,SUBRE_MODI_DT,SUBRE_WRITER,SUBRE_REF_RNO) values (64,'너무 멋있습니다.<br>***','Y',to_date('19/10/17','RR/MM/DD'),to_date('19/10/17','RR/MM/DD'),17,74);
Insert into DODREAM.SUBREPLY (SUBRE_NO,SUBRE_CON,SUBRE_STATUS,SUBRE_WRI_DT,SUBRE_MODI_DT,SUBRE_WRITER,SUBRE_REF_RNO) values (65,'adsfad','N',to_date('19/10/17','RR/MM/DD'),to_date('19/10/17','RR/MM/DD'),17,73);
Insert into DODREAM.SUBREPLY (SUBRE_NO,SUBRE_CON,SUBRE_STATUS,SUBRE_WRI_DT,SUBRE_MODI_DT,SUBRE_WRITER,SUBRE_REF_RNO) values (66,'ㅇㄹ','N',to_date('19/10/17','RR/MM/DD'),to_date('19/10/17','RR/MM/DD'),4,82);
Insert into DODREAM.SUBREPLY (SUBRE_NO,SUBRE_CON,SUBRE_STATUS,SUBRE_WRI_DT,SUBRE_MODI_DT,SUBRE_WRITER,SUBRE_REF_RNO) values (67,'아자아자아자!!!!!!!!!!','N',to_date('19/10/17','RR/MM/DD'),to_date('19/10/17','RR/MM/DD'),17,83);
Insert into DODREAM.SUBREPLY (SUBRE_NO,SUBRE_CON,SUBRE_STATUS,SUBRE_WRI_DT,SUBRE_MODI_DT,SUBRE_WRITER,SUBRE_REF_RNO) values (21,'asd','Y',to_date('19/10/10','RR/MM/DD'),to_date('19/10/10','RR/MM/DD'),17,57);
Insert into DODREAM.SUBREPLY (SUBRE_NO,SUBRE_CON,SUBRE_STATUS,SUBRE_WRI_DT,SUBRE_MODI_DT,SUBRE_WRITER,SUBRE_REF_RNO) values (68,'댓글ㅁㄴㄷㅇㅁ','N',to_date('19/10/17','RR/MM/DD'),to_date('19/10/17','RR/MM/DD'),17,87);
Insert into DODREAM.SUBREPLY (SUBRE_NO,SUBRE_CON,SUBRE_STATUS,SUBRE_WRI_DT,SUBRE_MODI_DT,SUBRE_WRITER,SUBRE_REF_RNO) values (69,'?六???子<br>China is all in one','Y',to_date('19/10/17','RR/MM/DD'),to_date('19/10/17','RR/MM/DD'),126,86);
Insert into DODREAM.SUBREPLY (SUBRE_NO,SUBRE_CON,SUBRE_STATUS,SUBRE_WRI_DT,SUBRE_MODI_DT,SUBRE_WRITER,SUBRE_REF_RNO) values (70,'2방人','Y',to_date('19/10/17','RR/MM/DD'),to_date('19/10/17','RR/MM/DD'),126,69);
Insert into DODREAM.SUBREPLY (SUBRE_NO,SUBRE_CON,SUBRE_STATUS,SUBRE_WRI_DT,SUBRE_MODI_DT,SUBRE_WRITER,SUBRE_REF_RNO) values (27,'asdasd111111','N',to_date('19/10/16','RR/MM/DD'),to_date('19/10/16','RR/MM/DD'),79,61);
REM INSERTING into DODREAM.USER_TB
SET DEFINE OFF;
Insert into DODREAM.USER_TB (USER_NO,USER_EMAIL,USER_NICKNAME,USER_PWD,USER_EM_AUTH_YN,USER_ADMIN_YN,USER_STATUS,USER_ER_DT,USER_LOGIN_DATE,USER_MF_DT,USER_ADDR,USER_PHONE,USER_PF_IMG,USER_SELF) values (2,'admin1@dodream.co.kr','관리자1','1234','Y','Y','Y',to_date('19/09/20','RR/MM/DD'),to_date('19/09/20','RR/MM/DD'),to_date('19/09/20','RR/MM/DD'),null,null,'talent.png',null);
Insert into DODREAM.USER_TB (USER_NO,USER_EMAIL,USER_NICKNAME,USER_PWD,USER_EM_AUTH_YN,USER_ADMIN_YN,USER_STATUS,USER_ER_DT,USER_LOGIN_DATE,USER_MF_DT,USER_ADDR,USER_PHONE,USER_PF_IMG,USER_SELF) values (3,'test1@test.co.kr','관리자3','12345','Y','Y','Y',to_date('19/09/20','RR/MM/DD'),to_date('19/09/20','RR/MM/DD'),to_date('19/10/17','RR/MM/DD'),'세종특별자치시 조치원읍 새내16길 9,,30024',null,'20191017115505.jpg','안녕하세요? 반가워요.');
Insert into DODREAM.USER_TB (USER_NO,USER_EMAIL,USER_NICKNAME,USER_PWD,USER_EM_AUTH_YN,USER_ADMIN_YN,USER_STATUS,USER_ER_DT,USER_LOGIN_DATE,USER_MF_DT,USER_ADDR,USER_PHONE,USER_PF_IMG,USER_SELF) values (4,'test2@test.co.kr','테스트유저2수정','1234','Y','N','Y',to_date('19/09/20','RR/MM/DD'),to_date('19/09/20','RR/MM/DD'),to_date('19/09/25','RR/MM/DD'),'강원도 춘천시 동면 소양강로 104,105동,24209,,,,,,,,,,,,,,,,,,,,,,,,,,,,',null,'20190925173620.','우앙!! 된다!!!');
Insert into DODREAM.USER_TB (USER_NO,USER_EMAIL,USER_NICKNAME,USER_PWD,USER_EM_AUTH_YN,USER_ADMIN_YN,USER_STATUS,USER_ER_DT,USER_LOGIN_DATE,USER_MF_DT,USER_ADDR,USER_PHONE,USER_PF_IMG,USER_SELF) values (5,'test3@test.co.kr','테스트유저3','1234','Y','N','Y',to_date('19/09/20','RR/MM/DD'),to_date('19/09/20','RR/MM/DD'),to_date('19/09/20','RR/MM/DD'),null,null,'talent.png',null);
Insert into DODREAM.USER_TB (USER_NO,USER_EMAIL,USER_NICKNAME,USER_PWD,USER_EM_AUTH_YN,USER_ADMIN_YN,USER_STATUS,USER_ER_DT,USER_LOGIN_DATE,USER_MF_DT,USER_ADDR,USER_PHONE,USER_PF_IMG,USER_SELF) values (6,'test4@test.co.kr','테스트유저4','1234','Y','N','Y',to_date('19/09/20','RR/MM/DD'),to_date('19/09/20','RR/MM/DD'),to_date('19/09/20','RR/MM/DD'),null,null,'talent.png',null);
Insert into DODREAM.USER_TB (USER_NO,USER_EMAIL,USER_NICKNAME,USER_PWD,USER_EM_AUTH_YN,USER_ADMIN_YN,USER_STATUS,USER_ER_DT,USER_LOGIN_DATE,USER_MF_DT,USER_ADDR,USER_PHONE,USER_PF_IMG,USER_SELF) values (7,'test5@test.co.kr','테스트유저5','1234','Y','N','Y',to_date('19/09/20','RR/MM/DD'),to_date('19/09/20','RR/MM/DD'),to_date('19/09/20','RR/MM/DD'),null,null,'talent.png',null);
Insert into DODREAM.USER_TB (USER_NO,USER_EMAIL,USER_NICKNAME,USER_PWD,USER_EM_AUTH_YN,USER_ADMIN_YN,USER_STATUS,USER_ER_DT,USER_LOGIN_DATE,USER_MF_DT,USER_ADDR,USER_PHONE,USER_PF_IMG,USER_SELF) values (8,'test6@test.co.kr','테스트유저6','1234','Y','N','Y',to_date('19/09/20','RR/MM/DD'),to_date('19/09/20','RR/MM/DD'),to_date('19/09/20','RR/MM/DD'),null,null,'talent.png',null);
Insert into DODREAM.USER_TB (USER_NO,USER_EMAIL,USER_NICKNAME,USER_PWD,USER_EM_AUTH_YN,USER_ADMIN_YN,USER_STATUS,USER_ER_DT,USER_LOGIN_DATE,USER_MF_DT,USER_ADDR,USER_PHONE,USER_PF_IMG,USER_SELF) values (9,'test7@test.co.kr','테스트유저7','1234','Y','N','Y',to_date('19/09/20','RR/MM/DD'),to_date('19/09/20','RR/MM/DD'),to_date('19/09/20','RR/MM/DD'),null,null,'talent.png',null);
Insert into DODREAM.USER_TB (USER_NO,USER_EMAIL,USER_NICKNAME,USER_PWD,USER_EM_AUTH_YN,USER_ADMIN_YN,USER_STATUS,USER_ER_DT,USER_LOGIN_DATE,USER_MF_DT,USER_ADDR,USER_PHONE,USER_PF_IMG,USER_SELF) values (10,'test8@test.co.kr','테스트유저8','1234','Y','N','Y',to_date('19/09/20','RR/MM/DD'),to_date('19/09/20','RR/MM/DD'),to_date('19/09/20','RR/MM/DD'),null,null,'talent.png',null);
Insert into DODREAM.USER_TB (USER_NO,USER_EMAIL,USER_NICKNAME,USER_PWD,USER_EM_AUTH_YN,USER_ADMIN_YN,USER_STATUS,USER_ER_DT,USER_LOGIN_DATE,USER_MF_DT,USER_ADDR,USER_PHONE,USER_PF_IMG,USER_SELF) values (11,'test9@test.co.kr','테스트유저9','1234','Y','N','Y',to_date('19/09/20','RR/MM/DD'),to_date('19/09/20','RR/MM/DD'),to_date('19/09/20','RR/MM/DD'),null,null,'talent.png',null);
Insert into DODREAM.USER_TB (USER_NO,USER_EMAIL,USER_NICKNAME,USER_PWD,USER_EM_AUTH_YN,USER_ADMIN_YN,USER_STATUS,USER_ER_DT,USER_LOGIN_DATE,USER_MF_DT,USER_ADDR,USER_PHONE,USER_PF_IMG,USER_SELF) values (12,'test10@test.co.kr','테스트유저10','12345','Y','N','Y',to_date('19/09/20','RR/MM/DD'),to_date('19/09/20','RR/MM/DD'),to_date('19/09/27','RR/MM/DD'),null,null,'talent.png',null);
Insert into DODREAM.USER_TB (USER_NO,USER_EMAIL,USER_NICKNAME,USER_PWD,USER_EM_AUTH_YN,USER_ADMIN_YN,USER_STATUS,USER_ER_DT,USER_LOGIN_DATE,USER_MF_DT,USER_ADDR,USER_PHONE,USER_PF_IMG,USER_SELF) values (13,'test11@test.co.kr','테스트유저11','1234','Y','N','B',to_date('19/09/20','RR/MM/DD'),to_date('19/09/20','RR/MM/DD'),to_date('19/09/20','RR/MM/DD'),null,null,'talent.png',null);
Insert into DODREAM.USER_TB (USER_NO,USER_EMAIL,USER_NICKNAME,USER_PWD,USER_EM_AUTH_YN,USER_ADMIN_YN,USER_STATUS,USER_ER_DT,USER_LOGIN_DATE,USER_MF_DT,USER_ADDR,USER_PHONE,USER_PF_IMG,USER_SELF) values (14,'test12@test.co.kr','테스트유저12','1234','Y','N','B',to_date('19/09/20','RR/MM/DD'),to_date('19/09/20','RR/MM/DD'),to_date('19/09/20','RR/MM/DD'),null,null,'talent.png',null);
Insert into DODREAM.USER_TB (USER_NO,USER_EMAIL,USER_NICKNAME,USER_PWD,USER_EM_AUTH_YN,USER_ADMIN_YN,USER_STATUS,USER_ER_DT,USER_LOGIN_DATE,USER_MF_DT,USER_ADDR,USER_PHONE,USER_PF_IMG,USER_SELF) values (15,'test13@test.co.kr','테스트유저13','1234','Y','N','Y',to_date('19/09/20','RR/MM/DD'),to_date('19/09/20','RR/MM/DD'),to_date('19/09/20','RR/MM/DD'),null,null,'talent.png',null);
Insert into DODREAM.USER_TB (USER_NO,USER_EMAIL,USER_NICKNAME,USER_PWD,USER_EM_AUTH_YN,USER_ADMIN_YN,USER_STATUS,USER_ER_DT,USER_LOGIN_DATE,USER_MF_DT,USER_ADDR,USER_PHONE,USER_PF_IMG,USER_SELF) values (16,'test14@test.co.kr','테스트유저14','1234','Y','N','Y',to_date('19/09/20','RR/MM/DD'),to_date('19/09/20','RR/MM/DD'),to_date('19/09/20','RR/MM/DD'),null,null,'talent.png',null);
Insert into DODREAM.USER_TB (USER_NO,USER_EMAIL,USER_NICKNAME,USER_PWD,USER_EM_AUTH_YN,USER_ADMIN_YN,USER_STATUS,USER_ER_DT,USER_LOGIN_DATE,USER_MF_DT,USER_ADDR,USER_PHONE,USER_PF_IMG,USER_SELF) values (17,'test15@test.co.kr','테스트유저15','1234','Y','N','Y',to_date('19/09/20','RR/MM/DD'),to_date('19/09/20','RR/MM/DD'),to_date('19/09/20','RR/MM/DD'),null,null,'talent.png',null);
Insert into DODREAM.USER_TB (USER_NO,USER_EMAIL,USER_NICKNAME,USER_PWD,USER_EM_AUTH_YN,USER_ADMIN_YN,USER_STATUS,USER_ER_DT,USER_LOGIN_DATE,USER_MF_DT,USER_ADDR,USER_PHONE,USER_PF_IMG,USER_SELF) values (18,'test16@test.co.kr','테스트유저16','1234','Y','N','Y',to_date('19/09/20','RR/MM/DD'),to_date('19/09/20','RR/MM/DD'),to_date('19/09/20','RR/MM/DD'),null,null,'talent.png',null);
Insert into DODREAM.USER_TB (USER_NO,USER_EMAIL,USER_NICKNAME,USER_PWD,USER_EM_AUTH_YN,USER_ADMIN_YN,USER_STATUS,USER_ER_DT,USER_LOGIN_DATE,USER_MF_DT,USER_ADDR,USER_PHONE,USER_PF_IMG,USER_SELF) values (19,'test17@test.co.kr','테스트유저17','1234','Y','N','Y',to_date('19/09/20','RR/MM/DD'),to_date('19/09/20','RR/MM/DD'),to_date('19/09/20','RR/MM/DD'),null,null,'talent.png',null);
Insert into DODREAM.USER_TB (USER_NO,USER_EMAIL,USER_NICKNAME,USER_PWD,USER_EM_AUTH_YN,USER_ADMIN_YN,USER_STATUS,USER_ER_DT,USER_LOGIN_DATE,USER_MF_DT,USER_ADDR,USER_PHONE,USER_PF_IMG,USER_SELF) values (20,'test18@test.co.kr','테스트유저18','1234','Y','N','Y',to_date('19/09/20','RR/MM/DD'),to_date('19/09/20','RR/MM/DD'),to_date('19/09/20','RR/MM/DD'),null,null,'talent.png',null);
Insert into DODREAM.USER_TB (USER_NO,USER_EMAIL,USER_NICKNAME,USER_PWD,USER_EM_AUTH_YN,USER_ADMIN_YN,USER_STATUS,USER_ER_DT,USER_LOGIN_DATE,USER_MF_DT,USER_ADDR,USER_PHONE,USER_PF_IMG,USER_SELF) values (21,'test19@test.co.kr','테스트유저19','1234','Y','N','Y',to_date('19/09/20','RR/MM/DD'),to_date('19/09/20','RR/MM/DD'),to_date('19/09/20','RR/MM/DD'),null,null,'talent.png',null);
Insert into DODREAM.USER_TB (USER_NO,USER_EMAIL,USER_NICKNAME,USER_PWD,USER_EM_AUTH_YN,USER_ADMIN_YN,USER_STATUS,USER_ER_DT,USER_LOGIN_DATE,USER_MF_DT,USER_ADDR,USER_PHONE,USER_PF_IMG,USER_SELF) values (22,'test20@test.co.kr','테스트유저20','1234','Y','N','Y',to_date('19/09/20','RR/MM/DD'),to_date('19/09/20','RR/MM/DD'),to_date('19/09/20','RR/MM/DD'),null,null,'talent.png',null);
Insert into DODREAM.USER_TB (USER_NO,USER_EMAIL,USER_NICKNAME,USER_PWD,USER_EM_AUTH_YN,USER_ADMIN_YN,USER_STATUS,USER_ER_DT,USER_LOGIN_DATE,USER_MF_DT,USER_ADDR,USER_PHONE,USER_PF_IMG,USER_SELF) values (23,'test21@test.co.kr','테스트유저21','1234','Y','N','Y',to_date('19/09/20','RR/MM/DD'),to_date('19/09/20','RR/MM/DD'),to_date('19/09/20','RR/MM/DD'),null,null,'talent.png',null);
Insert into DODREAM.USER_TB (USER_NO,USER_EMAIL,USER_NICKNAME,USER_PWD,USER_EM_AUTH_YN,USER_ADMIN_YN,USER_STATUS,USER_ER_DT,USER_LOGIN_DATE,USER_MF_DT,USER_ADDR,USER_PHONE,USER_PF_IMG,USER_SELF) values (24,'test22@test.co.kr','테스트유저22','1234','Y','N','Y',to_date('19/09/20','RR/MM/DD'),to_date('19/09/20','RR/MM/DD'),to_date('19/09/20','RR/MM/DD'),null,null,'talent.png',null);
Insert into DODREAM.USER_TB (USER_NO,USER_EMAIL,USER_NICKNAME,USER_PWD,USER_EM_AUTH_YN,USER_ADMIN_YN,USER_STATUS,USER_ER_DT,USER_LOGIN_DATE,USER_MF_DT,USER_ADDR,USER_PHONE,USER_PF_IMG,USER_SELF) values (25,'test23@test.co.kr','테스트유저23','1234','Y','N','Y',to_date('19/09/20','RR/MM/DD'),to_date('19/09/20','RR/MM/DD'),to_date('19/09/20','RR/MM/DD'),null,null,'talent.png',null);
Insert into DODREAM.USER_TB (USER_NO,USER_EMAIL,USER_NICKNAME,USER_PWD,USER_EM_AUTH_YN,USER_ADMIN_YN,USER_STATUS,USER_ER_DT,USER_LOGIN_DATE,USER_MF_DT,USER_ADDR,USER_PHONE,USER_PF_IMG,USER_SELF) values (26,'test24@test.co.kr','테스트유저24','1234','Y','N','Y',to_date('19/09/20','RR/MM/DD'),to_date('19/09/20','RR/MM/DD'),to_date('19/09/20','RR/MM/DD'),null,null,'talent.png',null);
Insert into DODREAM.USER_TB (USER_NO,USER_EMAIL,USER_NICKNAME,USER_PWD,USER_EM_AUTH_YN,USER_ADMIN_YN,USER_STATUS,USER_ER_DT,USER_LOGIN_DATE,USER_MF_DT,USER_ADDR,USER_PHONE,USER_PF_IMG,USER_SELF) values (27,'test25@test.co.kr','테스트유저25','1234','Y','N','Y',to_date('19/09/20','RR/MM/DD'),to_date('19/09/20','RR/MM/DD'),to_date('19/09/20','RR/MM/DD'),null,null,'talent.png',null);
Insert into DODREAM.USER_TB (USER_NO,USER_EMAIL,USER_NICKNAME,USER_PWD,USER_EM_AUTH_YN,USER_ADMIN_YN,USER_STATUS,USER_ER_DT,USER_LOGIN_DATE,USER_MF_DT,USER_ADDR,USER_PHONE,USER_PF_IMG,USER_SELF) values (28,'test26@test.co.kr','테스트유저26','1234','Y','N','Y',to_date('19/09/20','RR/MM/DD'),to_date('19/09/20','RR/MM/DD'),to_date('19/09/20','RR/MM/DD'),null,null,'talent.png',null);
Insert into DODREAM.USER_TB (USER_NO,USER_EMAIL,USER_NICKNAME,USER_PWD,USER_EM_AUTH_YN,USER_ADMIN_YN,USER_STATUS,USER_ER_DT,USER_LOGIN_DATE,USER_MF_DT,USER_ADDR,USER_PHONE,USER_PF_IMG,USER_SELF) values (29,'test27@test.co.kr','테스트유저27','1234','Y','N','Y',to_date('19/09/20','RR/MM/DD'),to_date('19/09/20','RR/MM/DD'),to_date('19/09/20','RR/MM/DD'),null,null,'talent.png',null);
Insert into DODREAM.USER_TB (USER_NO,USER_EMAIL,USER_NICKNAME,USER_PWD,USER_EM_AUTH_YN,USER_ADMIN_YN,USER_STATUS,USER_ER_DT,USER_LOGIN_DATE,USER_MF_DT,USER_ADDR,USER_PHONE,USER_PF_IMG,USER_SELF) values (30,'test28@test.co.kr','테스트유저28','1234','Y','N','Y',to_date('19/09/20','RR/MM/DD'),to_date('19/09/20','RR/MM/DD'),to_date('19/09/20','RR/MM/DD'),null,null,'talent.png',null);
Insert into DODREAM.USER_TB (USER_NO,USER_EMAIL,USER_NICKNAME,USER_PWD,USER_EM_AUTH_YN,USER_ADMIN_YN,USER_STATUS,USER_ER_DT,USER_LOGIN_DATE,USER_MF_DT,USER_ADDR,USER_PHONE,USER_PF_IMG,USER_SELF) values (31,'test29@test.co.kr','테스트유저29','1234','Y','N','Y',to_date('19/09/20','RR/MM/DD'),to_date('19/09/20','RR/MM/DD'),to_date('19/09/20','RR/MM/DD'),null,null,'talent.png',null);
Insert into DODREAM.USER_TB (USER_NO,USER_EMAIL,USER_NICKNAME,USER_PWD,USER_EM_AUTH_YN,USER_ADMIN_YN,USER_STATUS,USER_ER_DT,USER_LOGIN_DATE,USER_MF_DT,USER_ADDR,USER_PHONE,USER_PF_IMG,USER_SELF) values (32,'test30@test.co.kr','테스트유저30','1234','Y','N','Y',to_date('19/09/20','RR/MM/DD'),to_date('19/09/20','RR/MM/DD'),to_date('19/09/20','RR/MM/DD'),null,null,'talent.png',null);
Insert into DODREAM.USER_TB (USER_NO,USER_EMAIL,USER_NICKNAME,USER_PWD,USER_EM_AUTH_YN,USER_ADMIN_YN,USER_STATUS,USER_ER_DT,USER_LOGIN_DATE,USER_MF_DT,USER_ADDR,USER_PHONE,USER_PF_IMG,USER_SELF) values (33,'test31@test.co.kr','테스트유저31','1234','Y','N','Y',to_date('19/09/20','RR/MM/DD'),to_date('19/09/20','RR/MM/DD'),to_date('19/09/20','RR/MM/DD'),null,null,'talent.png',null);
Insert into DODREAM.USER_TB (USER_NO,USER_EMAIL,USER_NICKNAME,USER_PWD,USER_EM_AUTH_YN,USER_ADMIN_YN,USER_STATUS,USER_ER_DT,USER_LOGIN_DATE,USER_MF_DT,USER_ADDR,USER_PHONE,USER_PF_IMG,USER_SELF) values (35,'test33@test.co.kr','테스트유저33','1234','Y','N','Y',to_date('19/09/20','RR/MM/DD'),to_date('19/09/20','RR/MM/DD'),to_date('19/09/20','RR/MM/DD'),null,null,'talent.png',null);
Insert into DODREAM.USER_TB (USER_NO,USER_EMAIL,USER_NICKNAME,USER_PWD,USER_EM_AUTH_YN,USER_ADMIN_YN,USER_STATUS,USER_ER_DT,USER_LOGIN_DATE,USER_MF_DT,USER_ADDR,USER_PHONE,USER_PF_IMG,USER_SELF) values (36,'test34@test.co.kr','테스트유저34','1234','Y','N','Y',to_date('19/09/20','RR/MM/DD'),to_date('19/09/20','RR/MM/DD'),to_date('19/09/20','RR/MM/DD'),null,null,'talent.png',null);
Insert into DODREAM.USER_TB (USER_NO,USER_EMAIL,USER_NICKNAME,USER_PWD,USER_EM_AUTH_YN,USER_ADMIN_YN,USER_STATUS,USER_ER_DT,USER_LOGIN_DATE,USER_MF_DT,USER_ADDR,USER_PHONE,USER_PF_IMG,USER_SELF) values (37,'test35@test.co.kr','테스트유저35','1234','Y','N','Y',to_date('19/09/20','RR/MM/DD'),to_date('19/09/20','RR/MM/DD'),to_date('19/09/20','RR/MM/DD'),null,null,'talent.png',null);
Insert into DODREAM.USER_TB (USER_NO,USER_EMAIL,USER_NICKNAME,USER_PWD,USER_EM_AUTH_YN,USER_ADMIN_YN,USER_STATUS,USER_ER_DT,USER_LOGIN_DATE,USER_MF_DT,USER_ADDR,USER_PHONE,USER_PF_IMG,USER_SELF) values (38,'test36@test.co.kr','테스트유저36','1234','Y','N','Y',to_date('19/09/20','RR/MM/DD'),to_date('19/09/20','RR/MM/DD'),to_date('19/09/20','RR/MM/DD'),null,null,'talent.png',null);
Insert into DODREAM.USER_TB (USER_NO,USER_EMAIL,USER_NICKNAME,USER_PWD,USER_EM_AUTH_YN,USER_ADMIN_YN,USER_STATUS,USER_ER_DT,USER_LOGIN_DATE,USER_MF_DT,USER_ADDR,USER_PHONE,USER_PF_IMG,USER_SELF) values (39,'test37@test.co.kr','테스트유저37','1234','Y','N','Y',to_date('19/09/20','RR/MM/DD'),to_date('19/09/20','RR/MM/DD'),to_date('19/09/20','RR/MM/DD'),null,null,'talent.png',null);
Insert into DODREAM.USER_TB (USER_NO,USER_EMAIL,USER_NICKNAME,USER_PWD,USER_EM_AUTH_YN,USER_ADMIN_YN,USER_STATUS,USER_ER_DT,USER_LOGIN_DATE,USER_MF_DT,USER_ADDR,USER_PHONE,USER_PF_IMG,USER_SELF) values (41,'test39@test.co.kr','테스트유저39','1234','Y','N','Y',to_date('19/09/20','RR/MM/DD'),to_date('19/09/20','RR/MM/DD'),to_date('19/09/20','RR/MM/DD'),null,null,'talent.png',null);
Insert into DODREAM.USER_TB (USER_NO,USER_EMAIL,USER_NICKNAME,USER_PWD,USER_EM_AUTH_YN,USER_ADMIN_YN,USER_STATUS,USER_ER_DT,USER_LOGIN_DATE,USER_MF_DT,USER_ADDR,USER_PHONE,USER_PF_IMG,USER_SELF) values (42,'test40@test.co.kr','테스트유저40','1234','Y','N','Y',to_date('19/09/20','RR/MM/DD'),to_date('19/09/20','RR/MM/DD'),to_date('19/09/20','RR/MM/DD'),null,null,'talent.png',null);
Insert into DODREAM.USER_TB (USER_NO,USER_EMAIL,USER_NICKNAME,USER_PWD,USER_EM_AUTH_YN,USER_ADMIN_YN,USER_STATUS,USER_ER_DT,USER_LOGIN_DATE,USER_MF_DT,USER_ADDR,USER_PHONE,USER_PF_IMG,USER_SELF) values (43,'test41@test.co.kr','테스트유저41','1234','Y','N','B',to_date('19/09/20','RR/MM/DD'),to_date('19/09/20','RR/MM/DD'),to_date('19/09/20','RR/MM/DD'),null,null,'talent.png',null);
Insert into DODREAM.USER_TB (USER_NO,USER_EMAIL,USER_NICKNAME,USER_PWD,USER_EM_AUTH_YN,USER_ADMIN_YN,USER_STATUS,USER_ER_DT,USER_LOGIN_DATE,USER_MF_DT,USER_ADDR,USER_PHONE,USER_PF_IMG,USER_SELF) values (44,'test42@test.co.kr','테스트유저42','1234','Y','N','B',to_date('19/09/20','RR/MM/DD'),to_date('19/09/20','RR/MM/DD'),to_date('19/09/20','RR/MM/DD'),null,null,'talent.png',null);
Insert into DODREAM.USER_TB (USER_NO,USER_EMAIL,USER_NICKNAME,USER_PWD,USER_EM_AUTH_YN,USER_ADMIN_YN,USER_STATUS,USER_ER_DT,USER_LOGIN_DATE,USER_MF_DT,USER_ADDR,USER_PHONE,USER_PF_IMG,USER_SELF) values (45,'test43@test.co.kr','테스트유저43','1234','Y','N','B',to_date('19/09/20','RR/MM/DD'),to_date('19/09/20','RR/MM/DD'),to_date('19/09/20','RR/MM/DD'),null,null,'talent.png',null);
Insert into DODREAM.USER_TB (USER_NO,USER_EMAIL,USER_NICKNAME,USER_PWD,USER_EM_AUTH_YN,USER_ADMIN_YN,USER_STATUS,USER_ER_DT,USER_LOGIN_DATE,USER_MF_DT,USER_ADDR,USER_PHONE,USER_PF_IMG,USER_SELF) values (46,'test44@test.co.kr','닉네임입니다','1234','Y','N','B',to_date('19/09/20','RR/MM/DD'),to_date('19/09/20','RR/MM/DD'),to_date('19/09/26','RR/MM/DD'),'부산광역시 연제구 중앙대로 999,상세주소,47545',null,'20190926170151.jpg','자기소개 하하하');
Insert into DODREAM.USER_TB (USER_NO,USER_EMAIL,USER_NICKNAME,USER_PWD,USER_EM_AUTH_YN,USER_ADMIN_YN,USER_STATUS,USER_ER_DT,USER_LOGIN_DATE,USER_MF_DT,USER_ADDR,USER_PHONE,USER_PF_IMG,USER_SELF) values (48,'test46@test.co.kr','테스트유저46','1234','Y','N','Y',to_date('19/09/20','RR/MM/DD'),to_date('19/09/20','RR/MM/DD'),to_date('19/09/20','RR/MM/DD'),null,null,'talent.png',null);
Insert into DODREAM.USER_TB (USER_NO,USER_EMAIL,USER_NICKNAME,USER_PWD,USER_EM_AUTH_YN,USER_ADMIN_YN,USER_STATUS,USER_ER_DT,USER_LOGIN_DATE,USER_MF_DT,USER_ADDR,USER_PHONE,USER_PF_IMG,USER_SELF) values (49,'test47@test.co.kr','테스트유저47','1234','Y','N','B',to_date('19/09/20','RR/MM/DD'),to_date('19/09/20','RR/MM/DD'),to_date('19/09/20','RR/MM/DD'),null,null,'talent.png',null);
Insert into DODREAM.USER_TB (USER_NO,USER_EMAIL,USER_NICKNAME,USER_PWD,USER_EM_AUTH_YN,USER_ADMIN_YN,USER_STATUS,USER_ER_DT,USER_LOGIN_DATE,USER_MF_DT,USER_ADDR,USER_PHONE,USER_PF_IMG,USER_SELF) values (50,'test48@test.co.kr','테스트유저48','1234','Y','N','B',to_date('19/09/20','RR/MM/DD'),to_date('19/09/20','RR/MM/DD'),to_date('19/09/20','RR/MM/DD'),null,null,'talent.png',null);
Insert into DODREAM.USER_TB (USER_NO,USER_EMAIL,USER_NICKNAME,USER_PWD,USER_EM_AUTH_YN,USER_ADMIN_YN,USER_STATUS,USER_ER_DT,USER_LOGIN_DATE,USER_MF_DT,USER_ADDR,USER_PHONE,USER_PF_IMG,USER_SELF) values (51,'test49@test.co.kr','테스트유저49','1234','Y','N','B',to_date('19/09/20','RR/MM/DD'),to_date('19/09/20','RR/MM/DD'),to_date('19/09/20','RR/MM/DD'),null,null,'talent.png',null);
Insert into DODREAM.USER_TB (USER_NO,USER_EMAIL,USER_NICKNAME,USER_PWD,USER_EM_AUTH_YN,USER_ADMIN_YN,USER_STATUS,USER_ER_DT,USER_LOGIN_DATE,USER_MF_DT,USER_ADDR,USER_PHONE,USER_PF_IMG,USER_SELF) values (52,'test50@test.co.kr','테스트유저50','1234','Y','N','B',to_date('19/09/20','RR/MM/DD'),to_date('19/09/20','RR/MM/DD'),to_date('19/09/20','RR/MM/DD'),null,null,'talent.png',null);
Insert into DODREAM.USER_TB (USER_NO,USER_EMAIL,USER_NICKNAME,USER_PWD,USER_EM_AUTH_YN,USER_ADMIN_YN,USER_STATUS,USER_ER_DT,USER_LOGIN_DATE,USER_MF_DT,USER_ADDR,USER_PHONE,USER_PF_IMG,USER_SELF) values (54,'test52@test.co.kr','테스트유저52','1234','Y','N','B',to_date('19/09/20','RR/MM/DD'),to_date('19/09/20','RR/MM/DD'),to_date('19/09/20','RR/MM/DD'),null,null,'talent.png',null);
Insert into DODREAM.USER_TB (USER_NO,USER_EMAIL,USER_NICKNAME,USER_PWD,USER_EM_AUTH_YN,USER_ADMIN_YN,USER_STATUS,USER_ER_DT,USER_LOGIN_DATE,USER_MF_DT,USER_ADDR,USER_PHONE,USER_PF_IMG,USER_SELF) values (55,'test53@test.co.kr','테스트유저53','1234','Y','N','B',to_date('19/09/20','RR/MM/DD'),to_date('19/09/20','RR/MM/DD'),to_date('19/09/20','RR/MM/DD'),null,null,'talent.png',null);
Insert into DODREAM.USER_TB (USER_NO,USER_EMAIL,USER_NICKNAME,USER_PWD,USER_EM_AUTH_YN,USER_ADMIN_YN,USER_STATUS,USER_ER_DT,USER_LOGIN_DATE,USER_MF_DT,USER_ADDR,USER_PHONE,USER_PF_IMG,USER_SELF) values (56,'test54@test.co.kr','테스트유저54','1234','Y','N','B',to_date('19/09/20','RR/MM/DD'),to_date('19/09/20','RR/MM/DD'),to_date('19/09/20','RR/MM/DD'),null,null,'talent.png',null);
Insert into DODREAM.USER_TB (USER_NO,USER_EMAIL,USER_NICKNAME,USER_PWD,USER_EM_AUTH_YN,USER_ADMIN_YN,USER_STATUS,USER_ER_DT,USER_LOGIN_DATE,USER_MF_DT,USER_ADDR,USER_PHONE,USER_PF_IMG,USER_SELF) values (57,'test55@test.co.kr','테스트유저55','1234','Y','N','B',to_date('19/09/20','RR/MM/DD'),to_date('19/09/20','RR/MM/DD'),to_date('19/09/20','RR/MM/DD'),null,null,'talent.png',null);
Insert into DODREAM.USER_TB (USER_NO,USER_EMAIL,USER_NICKNAME,USER_PWD,USER_EM_AUTH_YN,USER_ADMIN_YN,USER_STATUS,USER_ER_DT,USER_LOGIN_DATE,USER_MF_DT,USER_ADDR,USER_PHONE,USER_PF_IMG,USER_SELF) values (58,'test56@test.co.kr','테스트유저56','1234','Y','N','B',to_date('19/09/20','RR/MM/DD'),to_date('19/09/20','RR/MM/DD'),to_date('19/09/20','RR/MM/DD'),null,null,'talent.png',null);
Insert into DODREAM.USER_TB (USER_NO,USER_EMAIL,USER_NICKNAME,USER_PWD,USER_EM_AUTH_YN,USER_ADMIN_YN,USER_STATUS,USER_ER_DT,USER_LOGIN_DATE,USER_MF_DT,USER_ADDR,USER_PHONE,USER_PF_IMG,USER_SELF) values (59,'test57@test.co.kr','테스트유저57','1234','Y','N','B',to_date('19/09/20','RR/MM/DD'),to_date('19/09/20','RR/MM/DD'),to_date('19/09/20','RR/MM/DD'),null,null,'talent.png',null);
Insert into DODREAM.USER_TB (USER_NO,USER_EMAIL,USER_NICKNAME,USER_PWD,USER_EM_AUTH_YN,USER_ADMIN_YN,USER_STATUS,USER_ER_DT,USER_LOGIN_DATE,USER_MF_DT,USER_ADDR,USER_PHONE,USER_PF_IMG,USER_SELF) values (61,'test59@test.co.kr','테스트유저59','1234','Y','N','Y',to_date('19/09/20','RR/MM/DD'),to_date('19/09/20','RR/MM/DD'),to_date('19/09/20','RR/MM/DD'),null,null,'talent.png',null);
Insert into DODREAM.USER_TB (USER_NO,USER_EMAIL,USER_NICKNAME,USER_PWD,USER_EM_AUTH_YN,USER_ADMIN_YN,USER_STATUS,USER_ER_DT,USER_LOGIN_DATE,USER_MF_DT,USER_ADDR,USER_PHONE,USER_PF_IMG,USER_SELF) values (62,'test60@test.co.kr','테스트유저60','1234','Y','N','Y',to_date('19/09/20','RR/MM/DD'),to_date('19/09/20','RR/MM/DD'),to_date('19/09/20','RR/MM/DD'),null,null,'talent.png',null);
Insert into DODREAM.USER_TB (USER_NO,USER_EMAIL,USER_NICKNAME,USER_PWD,USER_EM_AUTH_YN,USER_ADMIN_YN,USER_STATUS,USER_ER_DT,USER_LOGIN_DATE,USER_MF_DT,USER_ADDR,USER_PHONE,USER_PF_IMG,USER_SELF) values (63,'test61@test.co.kr','테스트유저61','1234','Y','N','Y',to_date('19/09/20','RR/MM/DD'),to_date('19/09/20','RR/MM/DD'),to_date('19/09/20','RR/MM/DD'),null,null,'talent.png',null);
Insert into DODREAM.USER_TB (USER_NO,USER_EMAIL,USER_NICKNAME,USER_PWD,USER_EM_AUTH_YN,USER_ADMIN_YN,USER_STATUS,USER_ER_DT,USER_LOGIN_DATE,USER_MF_DT,USER_ADDR,USER_PHONE,USER_PF_IMG,USER_SELF) values (64,'test62@test.co.kr','테스트유저62','1234','Y','N','Y',to_date('19/09/20','RR/MM/DD'),to_date('19/09/20','RR/MM/DD'),to_date('19/09/20','RR/MM/DD'),null,null,'talent.png',null);
Insert into DODREAM.USER_TB (USER_NO,USER_EMAIL,USER_NICKNAME,USER_PWD,USER_EM_AUTH_YN,USER_ADMIN_YN,USER_STATUS,USER_ER_DT,USER_LOGIN_DATE,USER_MF_DT,USER_ADDR,USER_PHONE,USER_PF_IMG,USER_SELF) values (65,'test63@test.co.kr','테스트유저63','1234','Y','N','Y',to_date('19/09/20','RR/MM/DD'),to_date('19/09/20','RR/MM/DD'),to_date('19/09/20','RR/MM/DD'),null,null,'talent.png',null);
Insert into DODREAM.USER_TB (USER_NO,USER_EMAIL,USER_NICKNAME,USER_PWD,USER_EM_AUTH_YN,USER_ADMIN_YN,USER_STATUS,USER_ER_DT,USER_LOGIN_DATE,USER_MF_DT,USER_ADDR,USER_PHONE,USER_PF_IMG,USER_SELF) values (67,'test65@test.co.kr','테스트유저65','1234','Y','N','Y',to_date('19/09/20','RR/MM/DD'),to_date('19/09/20','RR/MM/DD'),to_date('19/09/20','RR/MM/DD'),null,null,'talent.png',null);
Insert into DODREAM.USER_TB (USER_NO,USER_EMAIL,USER_NICKNAME,USER_PWD,USER_EM_AUTH_YN,USER_ADMIN_YN,USER_STATUS,USER_ER_DT,USER_LOGIN_DATE,USER_MF_DT,USER_ADDR,USER_PHONE,USER_PF_IMG,USER_SELF) values (68,'test66@test.co.kr','테스트유저66','1234','Y','N','Y',to_date('19/09/20','RR/MM/DD'),to_date('19/09/20','RR/MM/DD'),to_date('19/09/20','RR/MM/DD'),null,null,'talent.png',null);
Insert into DODREAM.USER_TB (USER_NO,USER_EMAIL,USER_NICKNAME,USER_PWD,USER_EM_AUTH_YN,USER_ADMIN_YN,USER_STATUS,USER_ER_DT,USER_LOGIN_DATE,USER_MF_DT,USER_ADDR,USER_PHONE,USER_PF_IMG,USER_SELF) values (69,'test67@test.co.kr','테스트유저67','1234','Y','N','Y',to_date('19/09/20','RR/MM/DD'),to_date('19/09/20','RR/MM/DD'),to_date('19/09/20','RR/MM/DD'),null,null,'talent.png',null);
Insert into DODREAM.USER_TB (USER_NO,USER_EMAIL,USER_NICKNAME,USER_PWD,USER_EM_AUTH_YN,USER_ADMIN_YN,USER_STATUS,USER_ER_DT,USER_LOGIN_DATE,USER_MF_DT,USER_ADDR,USER_PHONE,USER_PF_IMG,USER_SELF) values (70,'test68@test.co.kr','테스트유저68','1234','Y','N','N',to_date('19/09/20','RR/MM/DD'),to_date('19/09/20','RR/MM/DD'),to_date('19/09/20','RR/MM/DD'),null,null,'talent.png',null);
Insert into DODREAM.USER_TB (USER_NO,USER_EMAIL,USER_NICKNAME,USER_PWD,USER_EM_AUTH_YN,USER_ADMIN_YN,USER_STATUS,USER_ER_DT,USER_LOGIN_DATE,USER_MF_DT,USER_ADDR,USER_PHONE,USER_PF_IMG,USER_SELF) values (71,'test69@test.co.kr','테스트유저69','1234','Y','N','Y',to_date('19/09/20','RR/MM/DD'),to_date('19/09/20','RR/MM/DD'),to_date('19/09/20','RR/MM/DD'),null,null,'talent.png',null);
Insert into DODREAM.USER_TB (USER_NO,USER_EMAIL,USER_NICKNAME,USER_PWD,USER_EM_AUTH_YN,USER_ADMIN_YN,USER_STATUS,USER_ER_DT,USER_LOGIN_DATE,USER_MF_DT,USER_ADDR,USER_PHONE,USER_PF_IMG,USER_SELF) values (73,'test71@test.co.kr','테스트유저71','1234','Y','N','Y',to_date('19/09/20','RR/MM/DD'),to_date('19/09/20','RR/MM/DD'),to_date('19/09/20','RR/MM/DD'),null,null,'talent.png',null);
Insert into DODREAM.USER_TB (USER_NO,USER_EMAIL,USER_NICKNAME,USER_PWD,USER_EM_AUTH_YN,USER_ADMIN_YN,USER_STATUS,USER_ER_DT,USER_LOGIN_DATE,USER_MF_DT,USER_ADDR,USER_PHONE,USER_PF_IMG,USER_SELF) values (74,'test72@test.co.kr','테스트유저72dff','1234','Y','N','Y',to_date('19/09/20','RR/MM/DD'),to_date('19/09/20','RR/MM/DD'),to_date('19/10/16','RR/MM/DD'),',,',null,'talent.png',null);
Insert into DODREAM.USER_TB (USER_NO,USER_EMAIL,USER_NICKNAME,USER_PWD,USER_EM_AUTH_YN,USER_ADMIN_YN,USER_STATUS,USER_ER_DT,USER_LOGIN_DATE,USER_MF_DT,USER_ADDR,USER_PHONE,USER_PF_IMG,USER_SELF) values (75,'test73@test.co.kr','테스트유저73','1234','Y','N','Y',to_date('19/09/20','RR/MM/DD'),to_date('19/09/20','RR/MM/DD'),to_date('19/09/20','RR/MM/DD'),null,null,'talent.png',null);
Insert into DODREAM.USER_TB (USER_NO,USER_EMAIL,USER_NICKNAME,USER_PWD,USER_EM_AUTH_YN,USER_ADMIN_YN,USER_STATUS,USER_ER_DT,USER_LOGIN_DATE,USER_MF_DT,USER_ADDR,USER_PHONE,USER_PF_IMG,USER_SELF) values (76,'test74@test.co.kr','테스트유저74','1234','Y','N','Y',to_date('19/09/20','RR/MM/DD'),to_date('19/09/20','RR/MM/DD'),to_date('19/09/20','RR/MM/DD'),null,null,'talent.png',null);
Insert into DODREAM.USER_TB (USER_NO,USER_EMAIL,USER_NICKNAME,USER_PWD,USER_EM_AUTH_YN,USER_ADMIN_YN,USER_STATUS,USER_ER_DT,USER_LOGIN_DATE,USER_MF_DT,USER_ADDR,USER_PHONE,USER_PF_IMG,USER_SELF) values (77,'test75@test.co.kr','테스트유저75','1234','Y','N','Y',to_date('19/09/20','RR/MM/DD'),to_date('19/09/20','RR/MM/DD'),to_date('19/09/20','RR/MM/DD'),null,null,'talent.png',null);
Insert into DODREAM.USER_TB (USER_NO,USER_EMAIL,USER_NICKNAME,USER_PWD,USER_EM_AUTH_YN,USER_ADMIN_YN,USER_STATUS,USER_ER_DT,USER_LOGIN_DATE,USER_MF_DT,USER_ADDR,USER_PHONE,USER_PF_IMG,USER_SELF) values (79,'test77@test.co.kr','테스트유저77','1234','Y','N','Y',to_date('19/09/20','RR/MM/DD'),to_date('19/09/20','RR/MM/DD'),to_date('19/09/20','RR/MM/DD'),null,null,'talent.png',null);
Insert into DODREAM.USER_TB (USER_NO,USER_EMAIL,USER_NICKNAME,USER_PWD,USER_EM_AUTH_YN,USER_ADMIN_YN,USER_STATUS,USER_ER_DT,USER_LOGIN_DATE,USER_MF_DT,USER_ADDR,USER_PHONE,USER_PF_IMG,USER_SELF) values (80,'test78@test.co.kr','테스트유저78','1234','Y','N','Y',to_date('19/09/20','RR/MM/DD'),to_date('19/09/20','RR/MM/DD'),to_date('19/09/20','RR/MM/DD'),null,null,'talent.png',null);
Insert into DODREAM.USER_TB (USER_NO,USER_EMAIL,USER_NICKNAME,USER_PWD,USER_EM_AUTH_YN,USER_ADMIN_YN,USER_STATUS,USER_ER_DT,USER_LOGIN_DATE,USER_MF_DT,USER_ADDR,USER_PHONE,USER_PF_IMG,USER_SELF) values (81,'test79@test.co.kr','테스트유저79','1234','Y','N','Y',to_date('19/09/20','RR/MM/DD'),to_date('19/09/20','RR/MM/DD'),to_date('19/09/20','RR/MM/DD'),null,null,'talent.png',null);
Insert into DODREAM.USER_TB (USER_NO,USER_EMAIL,USER_NICKNAME,USER_PWD,USER_EM_AUTH_YN,USER_ADMIN_YN,USER_STATUS,USER_ER_DT,USER_LOGIN_DATE,USER_MF_DT,USER_ADDR,USER_PHONE,USER_PF_IMG,USER_SELF) values (82,'test80@test.co.kr','테스트유저80','1234','Y','N','Y',to_date('19/09/20','RR/MM/DD'),to_date('19/09/20','RR/MM/DD'),to_date('19/10/04','RR/MM/DD'),'서울특별시 중구 세종대로 110,111,04524','01000000000','20191004141500.jpg',null);
Insert into DODREAM.USER_TB (USER_NO,USER_EMAIL,USER_NICKNAME,USER_PWD,USER_EM_AUTH_YN,USER_ADMIN_YN,USER_STATUS,USER_ER_DT,USER_LOGIN_DATE,USER_MF_DT,USER_ADDR,USER_PHONE,USER_PF_IMG,USER_SELF) values (83,'test81@test.co.kr','테스트유저81','1234','Y','N','Y',to_date('19/09/20','RR/MM/DD'),to_date('19/09/20','RR/MM/DD'),to_date('19/09/20','RR/MM/DD'),null,null,'talent.png',null);
Insert into DODREAM.USER_TB (USER_NO,USER_EMAIL,USER_NICKNAME,USER_PWD,USER_EM_AUTH_YN,USER_ADMIN_YN,USER_STATUS,USER_ER_DT,USER_LOGIN_DATE,USER_MF_DT,USER_ADDR,USER_PHONE,USER_PF_IMG,USER_SELF) values (84,'test82@test.co.kr','테스트유저82','1234','Y','N','Y',to_date('19/09/20','RR/MM/DD'),to_date('19/09/20','RR/MM/DD'),to_date('19/09/20','RR/MM/DD'),null,null,'talent.png',null);
Insert into DODREAM.USER_TB (USER_NO,USER_EMAIL,USER_NICKNAME,USER_PWD,USER_EM_AUTH_YN,USER_ADMIN_YN,USER_STATUS,USER_ER_DT,USER_LOGIN_DATE,USER_MF_DT,USER_ADDR,USER_PHONE,USER_PF_IMG,USER_SELF) values (85,'test83@test.co.kr','테스트유저83','1234','Y','N','Y',to_date('19/09/20','RR/MM/DD'),to_date('19/09/20','RR/MM/DD'),to_date('19/09/20','RR/MM/DD'),null,null,'talent.png',null);
Insert into DODREAM.USER_TB (USER_NO,USER_EMAIL,USER_NICKNAME,USER_PWD,USER_EM_AUTH_YN,USER_ADMIN_YN,USER_STATUS,USER_ER_DT,USER_LOGIN_DATE,USER_MF_DT,USER_ADDR,USER_PHONE,USER_PF_IMG,USER_SELF) values (87,'test85@test.co.kr','테스트유저85','1234','Y','N','Y',to_date('19/09/20','RR/MM/DD'),to_date('19/09/20','RR/MM/DD'),to_date('19/09/20','RR/MM/DD'),null,null,'talent.png',null);
Insert into DODREAM.USER_TB (USER_NO,USER_EMAIL,USER_NICKNAME,USER_PWD,USER_EM_AUTH_YN,USER_ADMIN_YN,USER_STATUS,USER_ER_DT,USER_LOGIN_DATE,USER_MF_DT,USER_ADDR,USER_PHONE,USER_PF_IMG,USER_SELF) values (88,'test86@test.co.kr','테스트유저86','1234','Y','N','Y',to_date('19/09/20','RR/MM/DD'),to_date('19/09/20','RR/MM/DD'),to_date('19/09/20','RR/MM/DD'),null,null,'talent.png',null);
Insert into DODREAM.USER_TB (USER_NO,USER_EMAIL,USER_NICKNAME,USER_PWD,USER_EM_AUTH_YN,USER_ADMIN_YN,USER_STATUS,USER_ER_DT,USER_LOGIN_DATE,USER_MF_DT,USER_ADDR,USER_PHONE,USER_PF_IMG,USER_SELF) values (89,'test87@test.co.kr','테스트유저87','1234','Y','N','Y',to_date('19/09/20','RR/MM/DD'),to_date('19/09/20','RR/MM/DD'),to_date('19/09/20','RR/MM/DD'),null,null,'talent.png',null);
Insert into DODREAM.USER_TB (USER_NO,USER_EMAIL,USER_NICKNAME,USER_PWD,USER_EM_AUTH_YN,USER_ADMIN_YN,USER_STATUS,USER_ER_DT,USER_LOGIN_DATE,USER_MF_DT,USER_ADDR,USER_PHONE,USER_PF_IMG,USER_SELF) values (90,'test88@test.co.kr','테스트유저88','1234','Y','N','Y',to_date('19/09/20','RR/MM/DD'),to_date('19/09/20','RR/MM/DD'),to_date('19/09/20','RR/MM/DD'),null,null,'talent.png',null);
Insert into DODREAM.USER_TB (USER_NO,USER_EMAIL,USER_NICKNAME,USER_PWD,USER_EM_AUTH_YN,USER_ADMIN_YN,USER_STATUS,USER_ER_DT,USER_LOGIN_DATE,USER_MF_DT,USER_ADDR,USER_PHONE,USER_PF_IMG,USER_SELF) values (91,'test89@test.co.kr','테스트유저89','1234','Y','N','Y',to_date('19/09/20','RR/MM/DD'),to_date('19/09/20','RR/MM/DD'),to_date('19/09/20','RR/MM/DD'),null,null,'talent.png',null);
Insert into DODREAM.USER_TB (USER_NO,USER_EMAIL,USER_NICKNAME,USER_PWD,USER_EM_AUTH_YN,USER_ADMIN_YN,USER_STATUS,USER_ER_DT,USER_LOGIN_DATE,USER_MF_DT,USER_ADDR,USER_PHONE,USER_PF_IMG,USER_SELF) values (93,'test91@test.co.kr','테스트유저91','1234','Y','N','Y',to_date('19/09/20','RR/MM/DD'),to_date('19/09/20','RR/MM/DD'),to_date('19/09/20','RR/MM/DD'),null,null,'talent.png',null);
Insert into DODREAM.USER_TB (USER_NO,USER_EMAIL,USER_NICKNAME,USER_PWD,USER_EM_AUTH_YN,USER_ADMIN_YN,USER_STATUS,USER_ER_DT,USER_LOGIN_DATE,USER_MF_DT,USER_ADDR,USER_PHONE,USER_PF_IMG,USER_SELF) values (94,'test92@test.co.kr','테스트유저92','1234','Y','N','Y',to_date('19/09/20','RR/MM/DD'),to_date('19/09/20','RR/MM/DD'),to_date('19/09/20','RR/MM/DD'),null,null,'talent.png',null);
Insert into DODREAM.USER_TB (USER_NO,USER_EMAIL,USER_NICKNAME,USER_PWD,USER_EM_AUTH_YN,USER_ADMIN_YN,USER_STATUS,USER_ER_DT,USER_LOGIN_DATE,USER_MF_DT,USER_ADDR,USER_PHONE,USER_PF_IMG,USER_SELF) values (95,'test93@test.co.kr','테스트유저93','1234','Y','N','Y',to_date('19/09/20','RR/MM/DD'),to_date('19/09/20','RR/MM/DD'),to_date('19/09/20','RR/MM/DD'),null,null,'talent.png',null);
Insert into DODREAM.USER_TB (USER_NO,USER_EMAIL,USER_NICKNAME,USER_PWD,USER_EM_AUTH_YN,USER_ADMIN_YN,USER_STATUS,USER_ER_DT,USER_LOGIN_DATE,USER_MF_DT,USER_ADDR,USER_PHONE,USER_PF_IMG,USER_SELF) values (96,'test94@test.co.kr','테스트유저94','1234','Y','N','Y',to_date('19/09/20','RR/MM/DD'),to_date('19/09/20','RR/MM/DD'),to_date('19/09/20','RR/MM/DD'),null,null,'talent.png',null);
Insert into DODREAM.USER_TB (USER_NO,USER_EMAIL,USER_NICKNAME,USER_PWD,USER_EM_AUTH_YN,USER_ADMIN_YN,USER_STATUS,USER_ER_DT,USER_LOGIN_DATE,USER_MF_DT,USER_ADDR,USER_PHONE,USER_PF_IMG,USER_SELF) values (97,'test95@test.co.kr','테스트유저95','1234','Y','N','Y',to_date('19/09/20','RR/MM/DD'),to_date('19/09/20','RR/MM/DD'),to_date('19/09/20','RR/MM/DD'),null,null,'talent.png',null);
Insert into DODREAM.USER_TB (USER_NO,USER_EMAIL,USER_NICKNAME,USER_PWD,USER_EM_AUTH_YN,USER_ADMIN_YN,USER_STATUS,USER_ER_DT,USER_LOGIN_DATE,USER_MF_DT,USER_ADDR,USER_PHONE,USER_PF_IMG,USER_SELF) values (98,'test96@test.co.kr','테스트유저96','1234','Y','N','Y',to_date('19/09/20','RR/MM/DD'),to_date('19/09/20','RR/MM/DD'),to_date('19/09/20','RR/MM/DD'),null,null,'talent.png',null);
Insert into DODREAM.USER_TB (USER_NO,USER_EMAIL,USER_NICKNAME,USER_PWD,USER_EM_AUTH_YN,USER_ADMIN_YN,USER_STATUS,USER_ER_DT,USER_LOGIN_DATE,USER_MF_DT,USER_ADDR,USER_PHONE,USER_PF_IMG,USER_SELF) values (99,'test97@test.co.kr','테스트유저97','1234','Y','N','Y',to_date('19/09/20','RR/MM/DD'),to_date('19/09/20','RR/MM/DD'),to_date('19/09/20','RR/MM/DD'),null,null,'talent.png',null);
Insert into DODREAM.USER_TB (USER_NO,USER_EMAIL,USER_NICKNAME,USER_PWD,USER_EM_AUTH_YN,USER_ADMIN_YN,USER_STATUS,USER_ER_DT,USER_LOGIN_DATE,USER_MF_DT,USER_ADDR,USER_PHONE,USER_PF_IMG,USER_SELF) values (100,'test98@test.co.kr','테스트유저98','1234','Y','N','Y',to_date('19/09/20','RR/MM/DD'),to_date('19/09/20','RR/MM/DD'),to_date('19/09/20','RR/MM/DD'),null,null,'talent.png',null);
Insert into DODREAM.USER_TB (USER_NO,USER_EMAIL,USER_NICKNAME,USER_PWD,USER_EM_AUTH_YN,USER_ADMIN_YN,USER_STATUS,USER_ER_DT,USER_LOGIN_DATE,USER_MF_DT,USER_ADDR,USER_PHONE,USER_PF_IMG,USER_SELF) values (101,'test99@test.co.kr','테스트유저99','1234','Y','N','B',to_date('19/09/20','RR/MM/DD'),to_date('19/09/20','RR/MM/DD'),to_date('19/09/20','RR/MM/DD'),null,null,'talent.png',null);
Insert into DODREAM.USER_TB (USER_NO,USER_EMAIL,USER_NICKNAME,USER_PWD,USER_EM_AUTH_YN,USER_ADMIN_YN,USER_STATUS,USER_ER_DT,USER_LOGIN_DATE,USER_MF_DT,USER_ADDR,USER_PHONE,USER_PF_IMG,USER_SELF) values (102,'test100@test.co.kr','테스트유저100','1234','Y','N','N',to_date('19/09/20','RR/MM/DD'),to_date('19/09/20','RR/MM/DD'),to_date('19/09/20','RR/MM/DD'),null,null,'talent.png',null);
Insert into DODREAM.USER_TB (USER_NO,USER_EMAIL,USER_NICKNAME,USER_PWD,USER_EM_AUTH_YN,USER_ADMIN_YN,USER_STATUS,USER_ER_DT,USER_LOGIN_DATE,USER_MF_DT,USER_ADDR,USER_PHONE,USER_PF_IMG,USER_SELF) values (105,'test101@test.co.kr','테스트유저101','1234','Y','N','Y',to_date('19/09/23','RR/MM/DD'),to_date('19/09/23','RR/MM/DD'),to_date('19/09/23','RR/MM/DD'),null,null,'talent.png',null);
Insert into DODREAM.USER_TB (USER_NO,USER_EMAIL,USER_NICKNAME,USER_PWD,USER_EM_AUTH_YN,USER_ADMIN_YN,USER_STATUS,USER_ER_DT,USER_LOGIN_DATE,USER_MF_DT,USER_ADDR,USER_PHONE,USER_PF_IMG,USER_SELF) values (106,'test','결제테스트','1234','Y','N','Y',to_date('19/09/23','RR/MM/DD'),to_date('19/09/23','RR/MM/DD'),to_date('19/10/17','RR/MM/DD'),'서울특별시 종로구 세종대로 145-2,KH아카데미,03186','01050006000','talent.png','결제결제');
Insert into DODREAM.USER_TB (USER_NO,USER_EMAIL,USER_NICKNAME,USER_PWD,USER_EM_AUTH_YN,USER_ADMIN_YN,USER_STATUS,USER_ER_DT,USER_LOGIN_DATE,USER_MF_DT,USER_ADDR,USER_PHONE,USER_PF_IMG,USER_SELF) values (111,'admin2@dodream.co.kr','관리자2','1234','Y','Y','Y',to_date('19/09/27','RR/MM/DD'),to_date('19/09/27','RR/MM/DD'),to_date('19/09/27','RR/MM/DD'),',,',null,'20190927171917.jpg','관리자 2입니다.');
Insert into DODREAM.USER_TB (USER_NO,USER_EMAIL,USER_NICKNAME,USER_PWD,USER_EM_AUTH_YN,USER_ADMIN_YN,USER_STATUS,USER_ER_DT,USER_LOGIN_DATE,USER_MF_DT,USER_ADDR,USER_PHONE,USER_PF_IMG,USER_SELF) values (109,'raonnzena12@gmail.com','수국','asd123!','Y','Y','Y',to_date('19/09/24','RR/MM/DD'),to_date('19/09/24','RR/MM/DD'),to_date('19/10/12','RR/MM/DD'),'서울특별시 종로구 광화문우체국사서함 123-4,사서함,03187','01050008000','20190930162000.jpg','자기소개입니다.');
Insert into DODREAM.USER_TB (USER_NO,USER_EMAIL,USER_NICKNAME,USER_PWD,USER_EM_AUTH_YN,USER_ADMIN_YN,USER_STATUS,USER_ER_DT,USER_LOGIN_DATE,USER_MF_DT,USER_ADDR,USER_PHONE,USER_PF_IMG,USER_SELF) values (110,'test103@test.co.kr','테스트유저103','test1106','Y','Y','Y',to_date('19/09/24','RR/MM/DD'),to_date('19/09/24','RR/MM/DD'),to_date('19/10/12','RR/MM/DD'),'서울특별시 중구 남대문로 120,2층 A강의장,04540','010-3441-4526','20191008170447.jpg','수정했어요!,수정했어요!');
Insert into DODREAM.USER_TB (USER_NO,USER_EMAIL,USER_NICKNAME,USER_PWD,USER_EM_AUTH_YN,USER_ADMIN_YN,USER_STATUS,USER_ER_DT,USER_LOGIN_DATE,USER_MF_DT,USER_ADDR,USER_PHONE,USER_PF_IMG,USER_SELF) values (34,'test32@test.co.kr','테스트유저32','1234','Y','N','Y',to_date('19/09/20','RR/MM/DD'),to_date('19/09/20','RR/MM/DD'),to_date('19/09/20','RR/MM/DD'),null,null,'talent.png',null);
Insert into DODREAM.USER_TB (USER_NO,USER_EMAIL,USER_NICKNAME,USER_PWD,USER_EM_AUTH_YN,USER_ADMIN_YN,USER_STATUS,USER_ER_DT,USER_LOGIN_DATE,USER_MF_DT,USER_ADDR,USER_PHONE,USER_PF_IMG,USER_SELF) values (114,'raonnzena@naver.com','HSH/ㅍㅇ','1181081072','Y','N','Y',to_date('19/10/02','RR/MM/DD'),to_date('19/10/02','RR/MM/DD'),to_date('19/10/02','RR/MM/DD'),null,null,'http://k.kakaocdn.net/dn/bVn19i/btqyLJYIyOq/Duc7zYBojXvZrvmSRjfcH0/profile_640x640s.jpg',null);
Insert into DODREAM.USER_TB (USER_NO,USER_EMAIL,USER_NICKNAME,USER_PWD,USER_EM_AUTH_YN,USER_ADMIN_YN,USER_STATUS,USER_ER_DT,USER_LOGIN_DATE,USER_MF_DT,USER_ADDR,USER_PHONE,USER_PF_IMG,USER_SELF) values (115,'test104@test.co.kr','테스트유저104','1177176761','Y','N','Y',to_date('19/10/04','RR/MM/DD'),to_date('19/10/04','RR/MM/DD'),to_date('19/10/16','RR/MM/DD'),'서울특별시 양천구 목동중앙남로5길 46,202호,07959','000000','http://k.kakaocdn.net/dn/9gbqK/btqyAv78pMG/KMdx82UJaJYDUJzIzSbKB1/profile_640x640s.jpg','왜져');
Insert into DODREAM.USER_TB (USER_NO,USER_EMAIL,USER_NICKNAME,USER_PWD,USER_EM_AUTH_YN,USER_ADMIN_YN,USER_STATUS,USER_ER_DT,USER_LOGIN_DATE,USER_MF_DT,USER_ADDR,USER_PHONE,USER_PF_IMG,USER_SELF) values (40,'test38@test.co.kr','테스트유저38','1234','Y','N','Y',to_date('19/09/20','RR/MM/DD'),to_date('19/09/20','RR/MM/DD'),to_date('19/09/20','RR/MM/DD'),null,null,'talent.png',null);
Insert into DODREAM.USER_TB (USER_NO,USER_EMAIL,USER_NICKNAME,USER_PWD,USER_EM_AUTH_YN,USER_ADMIN_YN,USER_STATUS,USER_ER_DT,USER_LOGIN_DATE,USER_MF_DT,USER_ADDR,USER_PHONE,USER_PF_IMG,USER_SELF) values (47,'test45@test.co.kr','테스트유저45','1234','Y','N','B',to_date('19/09/20','RR/MM/DD'),to_date('19/09/20','RR/MM/DD'),to_date('19/09/20','RR/MM/DD'),null,null,'talent.png',null);
Insert into DODREAM.USER_TB (USER_NO,USER_EMAIL,USER_NICKNAME,USER_PWD,USER_EM_AUTH_YN,USER_ADMIN_YN,USER_STATUS,USER_ER_DT,USER_LOGIN_DATE,USER_MF_DT,USER_ADDR,USER_PHONE,USER_PF_IMG,USER_SELF) values (53,'test51@test.co.kr','테스트유저51','1234','Y','N','B',to_date('19/09/20','RR/MM/DD'),to_date('19/09/20','RR/MM/DD'),to_date('19/09/20','RR/MM/DD'),null,null,'talent.png',null);
Insert into DODREAM.USER_TB (USER_NO,USER_EMAIL,USER_NICKNAME,USER_PWD,USER_EM_AUTH_YN,USER_ADMIN_YN,USER_STATUS,USER_ER_DT,USER_LOGIN_DATE,USER_MF_DT,USER_ADDR,USER_PHONE,USER_PF_IMG,USER_SELF) values (60,'test58@test.co.kr','테스트유저58','1234','Y','N','Y',to_date('19/09/20','RR/MM/DD'),to_date('19/09/20','RR/MM/DD'),to_date('19/09/20','RR/MM/DD'),null,null,'talent.png',null);
Insert into DODREAM.USER_TB (USER_NO,USER_EMAIL,USER_NICKNAME,USER_PWD,USER_EM_AUTH_YN,USER_ADMIN_YN,USER_STATUS,USER_ER_DT,USER_LOGIN_DATE,USER_MF_DT,USER_ADDR,USER_PHONE,USER_PF_IMG,USER_SELF) values (66,'test64@test.co.kr','테스트유저64','1234','Y','N','Y',to_date('19/09/20','RR/MM/DD'),to_date('19/09/20','RR/MM/DD'),to_date('19/09/20','RR/MM/DD'),null,null,'talent.png',null);
Insert into DODREAM.USER_TB (USER_NO,USER_EMAIL,USER_NICKNAME,USER_PWD,USER_EM_AUTH_YN,USER_ADMIN_YN,USER_STATUS,USER_ER_DT,USER_LOGIN_DATE,USER_MF_DT,USER_ADDR,USER_PHONE,USER_PF_IMG,USER_SELF) values (72,'test70@test.co.kr','테스트유저70','1234','Y','N','Y',to_date('19/09/20','RR/MM/DD'),to_date('19/09/20','RR/MM/DD'),to_date('19/09/20','RR/MM/DD'),null,null,'talent.png',null);
Insert into DODREAM.USER_TB (USER_NO,USER_EMAIL,USER_NICKNAME,USER_PWD,USER_EM_AUTH_YN,USER_ADMIN_YN,USER_STATUS,USER_ER_DT,USER_LOGIN_DATE,USER_MF_DT,USER_ADDR,USER_PHONE,USER_PF_IMG,USER_SELF) values (78,'test76@test.co.kr','테스트유저76','1234','Y','N','Y',to_date('19/09/20','RR/MM/DD'),to_date('19/09/20','RR/MM/DD'),to_date('19/09/20','RR/MM/DD'),null,null,'talent.png',null);
Insert into DODREAM.USER_TB (USER_NO,USER_EMAIL,USER_NICKNAME,USER_PWD,USER_EM_AUTH_YN,USER_ADMIN_YN,USER_STATUS,USER_ER_DT,USER_LOGIN_DATE,USER_MF_DT,USER_ADDR,USER_PHONE,USER_PF_IMG,USER_SELF) values (86,'test84@test.co.kr','테스트유저84','1234','Y','N','Y',to_date('19/09/20','RR/MM/DD'),to_date('19/09/20','RR/MM/DD'),to_date('19/09/20','RR/MM/DD'),null,null,'talent.png',null);
Insert into DODREAM.USER_TB (USER_NO,USER_EMAIL,USER_NICKNAME,USER_PWD,USER_EM_AUTH_YN,USER_ADMIN_YN,USER_STATUS,USER_ER_DT,USER_LOGIN_DATE,USER_MF_DT,USER_ADDR,USER_PHONE,USER_PF_IMG,USER_SELF) values (92,'test90@test.co.kr','테스트유저90','1234','Y','N','Y',to_date('19/09/20','RR/MM/DD'),to_date('19/09/20','RR/MM/DD'),to_date('19/09/20','RR/MM/DD'),null,null,'talent.png',null);
Insert into DODREAM.USER_TB (USER_NO,USER_EMAIL,USER_NICKNAME,USER_PWD,USER_EM_AUTH_YN,USER_ADMIN_YN,USER_STATUS,USER_ER_DT,USER_LOGIN_DATE,USER_MF_DT,USER_ADDR,USER_PHONE,USER_PF_IMG,USER_SELF) values (120,'sourcandy120@gmail.com','멜리젤리봉봉','test1106','Y','N','Y',to_date('19/10/16','RR/MM/DD'),to_date('19/10/16','RR/MM/DD'),to_date('19/10/17','RR/MM/DD'),'서울특별시 양천구 목동중앙남로5길 46,202호,07959',null,'20191017112704.png','지금 작업하고 있어요.');
Insert into DODREAM.USER_TB (USER_NO,USER_EMAIL,USER_NICKNAME,USER_PWD,USER_EM_AUTH_YN,USER_ADMIN_YN,USER_STATUS,USER_ER_DT,USER_LOGIN_DATE,USER_MF_DT,USER_ADDR,USER_PHONE,USER_PF_IMG,USER_SELF) values (117,'crackajack91@naver.com','crackerjack','63461377','Y','N','Y',to_date('19/10/16','RR/MM/DD'),to_date('19/10/16','RR/MM/DD'),to_date('19/10/16','RR/MM/DD'),null,null,'talent.png',null);
Insert into DODREAM.USER_TB (USER_NO,USER_EMAIL,USER_NICKNAME,USER_PWD,USER_EM_AUTH_YN,USER_ADMIN_YN,USER_STATUS,USER_ER_DT,USER_LOGIN_DATE,USER_MF_DT,USER_ADDR,USER_PHONE,USER_PF_IMG,USER_SELF) values (118,'dldudtkd58@naver.com','앵상','77171433','Y','N','B',to_date('19/10/16','RR/MM/DD'),to_date('19/10/16','RR/MM/DD'),to_date('19/10/16','RR/MM/DD'),null,null,'talent.png',null);
Insert into DODREAM.USER_TB (USER_NO,USER_EMAIL,USER_NICKNAME,USER_PWD,USER_EM_AUTH_YN,USER_ADMIN_YN,USER_STATUS,USER_ER_DT,USER_LOGIN_DATE,USER_MF_DT,USER_ADDR,USER_PHONE,USER_PF_IMG,USER_SELF) values (119,'test105@test.co.kr','테스트유저105','1234','Y','N','Y',to_date('19/10/16','RR/MM/DD'),to_date('19/10/16','RR/MM/DD'),to_date('19/10/16','RR/MM/DD'),null,null,'talent.png',null);
Insert into DODREAM.USER_TB (USER_NO,USER_EMAIL,USER_NICKNAME,USER_PWD,USER_EM_AUTH_YN,USER_ADMIN_YN,USER_STATUS,USER_ER_DT,USER_LOGIN_DATE,USER_MF_DT,USER_ADDR,USER_PHONE,USER_PF_IMG,USER_SELF) values (121,'dldudtkd58@naver.com','이영상','1234','Y','N','Y',to_date('19/10/16','RR/MM/DD'),to_date('19/10/16','RR/MM/DD'),to_date('19/10/16','RR/MM/DD'),null,null,'talent.png',null);
Insert into DODREAM.USER_TB (USER_NO,USER_EMAIL,USER_NICKNAME,USER_PWD,USER_EM_AUTH_YN,USER_ADMIN_YN,USER_STATUS,USER_ER_DT,USER_LOGIN_DATE,USER_MF_DT,USER_ADDR,USER_PHONE,USER_PF_IMG,USER_SELF) values (1,'chsong91@naver.com','크래커잭','1234','Y','Y','Y',to_date('19/09/20','RR/MM/DD'),to_date('19/09/20','RR/MM/DD'),to_date('19/10/17','RR/MM/DD'),'서울특별시 강동구 천호대로 1077,101동 4006호,05340',null,'20191017114407.jpg','녕안녕');
Insert into DODREAM.USER_TB (USER_NO,USER_EMAIL,USER_NICKNAME,USER_PWD,USER_EM_AUTH_YN,USER_ADMIN_YN,USER_STATUS,USER_ER_DT,USER_LOGIN_DATE,USER_MF_DT,USER_ADDR,USER_PHONE,USER_PF_IMG,USER_SELF) values (123,'sundown710@naver.com','sundown710','fpdlsqhdn12','Y','N','Y',to_date('19/10/17','RR/MM/DD'),to_date('19/10/17','RR/MM/DD'),to_date('19/10/17','RR/MM/DD'),null,null,'talent.png',null);
Insert into DODREAM.USER_TB (USER_NO,USER_EMAIL,USER_NICKNAME,USER_PWD,USER_EM_AUTH_YN,USER_ADMIN_YN,USER_STATUS,USER_ER_DT,USER_LOGIN_DATE,USER_MF_DT,USER_ADDR,USER_PHONE,USER_PF_IMG,USER_SELF) values (124,'peacefix@naver.com','peacefix','123456','Y','N','Y',to_date('19/10/17','RR/MM/DD'),to_date('19/10/17','RR/MM/DD'),to_date('19/10/17','RR/MM/DD'),',,',null,'20191017142130.jpg',null);
Insert into DODREAM.USER_TB (USER_NO,USER_EMAIL,USER_NICKNAME,USER_PWD,USER_EM_AUTH_YN,USER_ADMIN_YN,USER_STATUS,USER_ER_DT,USER_LOGIN_DATE,USER_MF_DT,USER_ADDR,USER_PHONE,USER_PF_IMG,USER_SELF) values (125,'purewhite_ms@naver.com','라랄라라라랄','test1111','Y','N','N',to_date('19/10/17','RR/MM/DD'),to_date('19/10/17','RR/MM/DD'),to_date('19/10/17','RR/MM/DD'),null,null,'talent.png',null);
Insert into DODREAM.USER_TB (USER_NO,USER_EMAIL,USER_NICKNAME,USER_PWD,USER_EM_AUTH_YN,USER_ADMIN_YN,USER_STATUS,USER_ER_DT,USER_LOGIN_DATE,USER_MF_DT,USER_ADDR,USER_PHONE,USER_PF_IMG,USER_SELF) values (126,'phj9803@naver.com','김두한','1q2w3e','Y','N','Y',to_date('19/10/17','RR/MM/DD'),to_date('19/10/17','RR/MM/DD'),to_date('19/10/17','RR/MM/DD'),'서울특별시 성북구 북악산로15길 42,,02817',null,'20191017145050.jpg','4딸라!');
Insert into DODREAM.USER_TB (USER_NO,USER_EMAIL,USER_NICKNAME,USER_PWD,USER_EM_AUTH_YN,USER_ADMIN_YN,USER_STATUS,USER_ER_DT,USER_LOGIN_DATE,USER_MF_DT,USER_ADDR,USER_PHONE,USER_PF_IMG,USER_SELF) values (127,'knbdh9782@naver.com','선생님','qorehd12a3','Y','N','Y',to_date('19/10/17','RR/MM/DD'),to_date('19/10/17','RR/MM/DD'),to_date('19/10/17','RR/MM/DD'),null,null,'talent.png',null);
Insert into DODREAM.USER_TB (USER_NO,USER_EMAIL,USER_NICKNAME,USER_PWD,USER_EM_AUTH_YN,USER_ADMIN_YN,USER_STATUS,USER_ER_DT,USER_LOGIN_DATE,USER_MF_DT,USER_ADDR,USER_PHONE,USER_PF_IMG,USER_SELF) values (128,'inae324@naver.com','김인애','321654987','Y','N','Y',to_date('19/10/17','RR/MM/DD'),to_date('19/10/17','RR/MM/DD'),to_date('19/10/17','RR/MM/DD'),null,null,'talent.png',null);
Insert into DODREAM.USER_TB (USER_NO,USER_EMAIL,USER_NICKNAME,USER_PWD,USER_EM_AUTH_YN,USER_ADMIN_YN,USER_STATUS,USER_ER_DT,USER_LOGIN_DATE,USER_MF_DT,USER_ADDR,USER_PHONE,USER_PF_IMG,USER_SELF) values (129,'9747wkd@gamil.com','HEZZZ','wkd9747wkd','Y','N','Y',to_date('19/10/17','RR/MM/DD'),to_date('19/10/17','RR/MM/DD'),to_date('19/10/17','RR/MM/DD'),null,null,'talent.png',null);
Insert into DODREAM.USER_TB (USER_NO,USER_EMAIL,USER_NICKNAME,USER_PWD,USER_EM_AUTH_YN,USER_ADMIN_YN,USER_STATUS,USER_ER_DT,USER_LOGIN_DATE,USER_MF_DT,USER_ADDR,USER_PHONE,USER_PF_IMG,USER_SELF) values (130,'hhyeseol@gmail.com','yes','dptjfdlekd1','Y','N','Y',to_date('19/10/17','RR/MM/DD'),to_date('19/10/17','RR/MM/DD'),to_date('19/10/17','RR/MM/DD'),null,null,'talent.png',null);
Insert into DODREAM.USER_TB (USER_NO,USER_EMAIL,USER_NICKNAME,USER_PWD,USER_EM_AUTH_YN,USER_ADMIN_YN,USER_STATUS,USER_ER_DT,USER_LOGIN_DATE,USER_MF_DT,USER_ADDR,USER_PHONE,USER_PF_IMG,USER_SELF) values (131,'wotlrdlekt@naver.com','KoKoKo','qkrwotlr2','Y','N','Y',to_date('19/10/17','RR/MM/DD'),to_date('19/10/17','RR/MM/DD'),to_date('19/10/17','RR/MM/DD'),null,null,'talent.png',null);
Insert into DODREAM.USER_TB (USER_NO,USER_EMAIL,USER_NICKNAME,USER_PWD,USER_EM_AUTH_YN,USER_ADMIN_YN,USER_STATUS,USER_ER_DT,USER_LOGIN_DATE,USER_MF_DT,USER_ADDR,USER_PHONE,USER_PF_IMG,USER_SELF) values (132,'hji9281@gmail.com','나처럼해봐요요렇게','qwer1234','Y','N','Y',to_date('19/10/17','RR/MM/DD'),to_date('19/10/17','RR/MM/DD'),to_date('19/10/17','RR/MM/DD'),null,null,'talent.png',null);
Insert into DODREAM.USER_TB (USER_NO,USER_EMAIL,USER_NICKNAME,USER_PWD,USER_EM_AUTH_YN,USER_ADMIN_YN,USER_STATUS,USER_ER_DT,USER_LOGIN_DATE,USER_MF_DT,USER_ADDR,USER_PHONE,USER_PF_IMG,USER_SELF) values (133,'kgtest@naver.com','asd','spdlqjspdlqj','Y','N','Y',to_date('19/10/17','RR/MM/DD'),to_date('19/10/17','RR/MM/DD'),to_date('19/10/17','RR/MM/DD'),null,null,'talent.png',null);
--------------------------------------------------------
--  DDL for Index PK_REPORT_TB
--------------------------------------------------------

  CREATE UNIQUE INDEX "DODREAM"."PK_REPORT_TB" ON "DODREAM"."REPORT_TB" ("REPORT_NO") 
  PCTFREE 10 INITRANS 2 MAXTRANS 255 COMPUTE STATISTICS 
  STORAGE(INITIAL 65536 NEXT 1048576 MINEXTENTS 1 MAXEXTENTS 2147483645
  PCTINCREASE 0 FREELISTS 1 FREELIST GROUPS 1 BUFFER_POOL DEFAULT FLASH_CACHE DEFAULT CELL_FLASH_CACHE DEFAULT)
  TABLESPACE "SYSTEM" ;
--------------------------------------------------------
--  DDL for Index PK_PROJECT_TB
--------------------------------------------------------

  CREATE UNIQUE INDEX "DODREAM"."PK_PROJECT_TB" ON "DODREAM"."PROJECT_TB" ("PROJECT_NO") 
  PCTFREE 10 INITRANS 2 MAXTRANS 255 COMPUTE STATISTICS 
  STORAGE(INITIAL 65536 NEXT 1048576 MINEXTENTS 1 MAXEXTENTS 2147483645
  PCTINCREASE 0 FREELISTS 1 FREELIST GROUPS 1 BUFFER_POOL DEFAULT FLASH_CACHE DEFAULT CELL_FLASH_CACHE DEFAULT)
  TABLESPACE "SYSTEM" ;
--------------------------------------------------------
--  DDL for Index PK_USER_TB
--------------------------------------------------------

  CREATE UNIQUE INDEX "DODREAM"."PK_USER_TB" ON "DODREAM"."USER_TB" ("USER_NO") 
  PCTFREE 10 INITRANS 2 MAXTRANS 255 COMPUTE STATISTICS 
  STORAGE(INITIAL 65536 NEXT 1048576 MINEXTENTS 1 MAXEXTENTS 2147483645
  PCTINCREASE 0 FREELISTS 1 FREELIST GROUPS 1 BUFFER_POOL DEFAULT FLASH_CACHE DEFAULT CELL_FLASH_CACHE DEFAULT)
  TABLESPACE "SYSTEM" ;
--------------------------------------------------------
--  DDL for Index PK_RESERVE_STATUS
--------------------------------------------------------

  CREATE UNIQUE INDEX "DODREAM"."PK_RESERVE_STATUS" ON "DODREAM"."RESERVE_STATUS" ("RESERVE_ST_NO") 
  PCTFREE 10 INITRANS 2 MAXTRANS 255 COMPUTE STATISTICS 
  STORAGE(INITIAL 65536 NEXT 1048576 MINEXTENTS 1 MAXEXTENTS 2147483645
  PCTINCREASE 0 FREELISTS 1 FREELIST GROUPS 1 BUFFER_POOL DEFAULT FLASH_CACHE DEFAULT CELL_FLASH_CACHE DEFAULT)
  TABLESPACE "SYSTEM" ;
--------------------------------------------------------
--  DDL for Index PK_ALARM
--------------------------------------------------------

  CREATE UNIQUE INDEX "DODREAM"."PK_ALARM" ON "DODREAM"."ALARM" ("ALARM_NO") 
  PCTFREE 10 INITRANS 2 MAXTRANS 255 COMPUTE STATISTICS 
  STORAGE(INITIAL 65536 NEXT 1048576 MINEXTENTS 1 MAXEXTENTS 2147483645
  PCTINCREASE 0 FREELISTS 1 FREELIST GROUPS 1 BUFFER_POOL DEFAULT FLASH_CACHE DEFAULT CELL_FLASH_CACHE DEFAULT)
  TABLESPACE "SYSTEM" ;
--------------------------------------------------------
--  DDL for Index PK_DAYCOUNT
--------------------------------------------------------

  CREATE UNIQUE INDEX "DODREAM"."PK_DAYCOUNT" ON "DODREAM"."DAYCOUNT" ("VISIT_DATE", "USER_NO") 
  PCTFREE 10 INITRANS 2 MAXTRANS 255 COMPUTE STATISTICS 
  STORAGE(INITIAL 65536 NEXT 1048576 MINEXTENTS 1 MAXEXTENTS 2147483645
  PCTINCREASE 0 FREELISTS 1 FREELIST GROUPS 1 BUFFER_POOL DEFAULT FLASH_CACHE DEFAULT CELL_FLASH_CACHE DEFAULT)
  TABLESPACE "SYSTEM" ;
--------------------------------------------------------
--  DDL for Index PK_FOLLOW_TB
--------------------------------------------------------

  CREATE UNIQUE INDEX "DODREAM"."PK_FOLLOW_TB" ON "DODREAM"."FOLLOW_TB" ("FOLLOW", "FOLLOWER") 
  PCTFREE 10 INITRANS 2 MAXTRANS 255 COMPUTE STATISTICS 
  STORAGE(INITIAL 65536 NEXT 1048576 MINEXTENTS 1 MAXEXTENTS 2147483645
  PCTINCREASE 0 FREELISTS 1 FREELIST GROUPS 1 BUFFER_POOL DEFAULT FLASH_CACHE DEFAULT CELL_FLASH_CACHE DEFAULT)
  TABLESPACE "SYSTEM" ;
--------------------------------------------------------
--  DDL for Index PK_LIKE_TB
--------------------------------------------------------

  CREATE UNIQUE INDEX "DODREAM"."PK_LIKE_TB" ON "DODREAM"."LIKE_TB" ("LIKE_USER", "LIKE_PRJ") 
  PCTFREE 10 INITRANS 2 MAXTRANS 255 COMPUTE STATISTICS 
  STORAGE(INITIAL 65536 NEXT 1048576 MINEXTENTS 1 MAXEXTENTS 2147483645
  PCTINCREASE 0 FREELISTS 1 FREELIST GROUPS 1 BUFFER_POOL DEFAULT FLASH_CACHE DEFAULT CELL_FLASH_CACHE DEFAULT)
  TABLESPACE "SYSTEM" ;
--------------------------------------------------------
--  DDL for Index PK_REPLY
--------------------------------------------------------

  CREATE UNIQUE INDEX "DODREAM"."PK_REPLY" ON "DODREAM"."REPLY" ("REPLY_NO") 
  PCTFREE 10 INITRANS 2 MAXTRANS 255 COMPUTE STATISTICS 
  STORAGE(INITIAL 65536 NEXT 1048576 MINEXTENTS 1 MAXEXTENTS 2147483645
  PCTINCREASE 0 FREELISTS 1 FREELIST GROUPS 1 BUFFER_POOL DEFAULT FLASH_CACHE DEFAULT CELL_FLASH_CACHE DEFAULT)
  TABLESPACE "SYSTEM" ;
--------------------------------------------------------
--  DDL for Index PK_SUBREPLY
--------------------------------------------------------

  CREATE UNIQUE INDEX "DODREAM"."PK_SUBREPLY" ON "DODREAM"."SUBREPLY" ("SUBRE_NO") 
  PCTFREE 10 INITRANS 2 MAXTRANS 255 COMPUTE STATISTICS 
  STORAGE(INITIAL 65536 NEXT 1048576 MINEXTENTS 1 MAXEXTENTS 2147483645
  PCTINCREASE 0 FREELISTS 1 FREELIST GROUPS 1 BUFFER_POOL DEFAULT FLASH_CACHE DEFAULT CELL_FLASH_CACHE DEFAULT)
  TABLESPACE "SYSTEM" ;
--------------------------------------------------------
--  DDL for Index PK_PROJECT_CG
--------------------------------------------------------

  CREATE UNIQUE INDEX "DODREAM"."PK_PROJECT_CG" ON "DODREAM"."PROJECT_CG" ("PROJECT_CT_NO") 
  PCTFREE 10 INITRANS 2 MAXTRANS 255 COMPUTE STATISTICS 
  STORAGE(INITIAL 65536 NEXT 1048576 MINEXTENTS 1 MAXEXTENTS 2147483645
  PCTINCREASE 0 FREELISTS 1 FREELIST GROUPS 1 BUFFER_POOL DEFAULT FLASH_CACHE DEFAULT CELL_FLASH_CACHE DEFAULT)
  TABLESPACE "SYSTEM" ;
--------------------------------------------------------
--  DDL for Index PK_REPORT_REPLY
--------------------------------------------------------

  CREATE UNIQUE INDEX "DODREAM"."PK_REPORT_REPLY" ON "DODREAM"."REPORT_REPLY" ("REPORT_RP_NO") 
  PCTFREE 10 INITRANS 2 MAXTRANS 255 COMPUTE STATISTICS 
  STORAGE(INITIAL 65536 NEXT 1048576 MINEXTENTS 1 MAXEXTENTS 2147483645
  PCTINCREASE 0 FREELISTS 1 FREELIST GROUPS 1 BUFFER_POOL DEFAULT FLASH_CACHE DEFAULT CELL_FLASH_CACHE DEFAULT)
  TABLESPACE "SYSTEM" ;
--------------------------------------------------------
--  DDL for Index PK_NOTICE
--------------------------------------------------------

  CREATE UNIQUE INDEX "DODREAM"."PK_NOTICE" ON "DODREAM"."NOTICE" ("NOTICE_NO") 
  PCTFREE 10 INITRANS 2 MAXTRANS 255 COMPUTE STATISTICS 
  STORAGE(INITIAL 65536 NEXT 1048576 MINEXTENTS 1 MAXEXTENTS 2147483645
  PCTINCREASE 0 FREELISTS 1 FREELIST GROUPS 1 BUFFER_POOL DEFAULT FLASH_CACHE DEFAULT CELL_FLASH_CACHE DEFAULT)
  TABLESPACE "SYSTEM" ;
--------------------------------------------------------
--  DDL for Index PK_PROJECT_STATUS
--------------------------------------------------------

  CREATE UNIQUE INDEX "DODREAM"."PK_PROJECT_STATUS" ON "DODREAM"."PROJECT_STATUS" ("PROJECT_ST_NO") 
  PCTFREE 10 INITRANS 2 MAXTRANS 255 COMPUTE STATISTICS 
  STORAGE(INITIAL 65536 NEXT 1048576 MINEXTENTS 1 MAXEXTENTS 2147483645
  PCTINCREASE 0 FREELISTS 1 FREELIST GROUPS 1 BUFFER_POOL DEFAULT FLASH_CACHE DEFAULT CELL_FLASH_CACHE DEFAULT)
  TABLESPACE "SYSTEM" ;
--------------------------------------------------------
--  DDL for Index PK_REPLY_CG
--------------------------------------------------------

  CREATE UNIQUE INDEX "DODREAM"."PK_REPLY_CG" ON "DODREAM"."REPLY_CG" ("REPLY_CG_NO") 
  PCTFREE 10 INITRANS 2 MAXTRANS 255 COMPUTE STATISTICS 
  STORAGE(INITIAL 65536 NEXT 1048576 MINEXTENTS 1 MAXEXTENTS 2147483645
  PCTINCREASE 0 FREELISTS 1 FREELIST GROUPS 1 BUFFER_POOL DEFAULT FLASH_CACHE DEFAULT CELL_FLASH_CACHE DEFAULT)
  TABLESPACE "SYSTEM" ;
--------------------------------------------------------
--  DDL for Index PK_REWARD_OPTION
--------------------------------------------------------

  CREATE UNIQUE INDEX "DODREAM"."PK_REWARD_OPTION" ON "DODREAM"."REWARD_OPTION" ("REWORD_OP_NO") 
  PCTFREE 10 INITRANS 2 MAXTRANS 255 COMPUTE STATISTICS 
  STORAGE(INITIAL 65536 NEXT 1048576 MINEXTENTS 1 MAXEXTENTS 2147483645
  PCTINCREASE 0 FREELISTS 1 FREELIST GROUPS 1 BUFFER_POOL DEFAULT FLASH_CACHE DEFAULT CELL_FLASH_CACHE DEFAULT)
  TABLESPACE "SYSTEM" ;
--------------------------------------------------------
--  DDL for Index PK_FAQ
--------------------------------------------------------

  CREATE UNIQUE INDEX "DODREAM"."PK_FAQ" ON "DODREAM"."FAQ" ("FAQ_NO") 
  PCTFREE 10 INITRANS 2 MAXTRANS 255 COMPUTE STATISTICS 
  STORAGE(INITIAL 65536 NEXT 1048576 MINEXTENTS 1 MAXEXTENTS 2147483645
  PCTINCREASE 0 FREELISTS 1 FREELIST GROUPS 1 BUFFER_POOL DEFAULT FLASH_CACHE DEFAULT CELL_FLASH_CACHE DEFAULT)
  TABLESPACE "SYSTEM" ;
--------------------------------------------------------
--  DDL for Index PK_HISTORY
--------------------------------------------------------

  CREATE UNIQUE INDEX "DODREAM"."PK_HISTORY" ON "DODREAM"."HISTORY" ("RESERVE_NO", "REWARD_NO") 
  PCTFREE 10 INITRANS 2 MAXTRANS 255 COMPUTE STATISTICS 
  STORAGE(INITIAL 65536 NEXT 1048576 MINEXTENTS 1 MAXEXTENTS 2147483645
  PCTINCREASE 0 FREELISTS 1 FREELIST GROUPS 1 BUFFER_POOL DEFAULT FLASH_CACHE DEFAULT CELL_FLASH_CACHE DEFAULT)
  TABLESPACE "SYSTEM" ;
--------------------------------------------------------
--  DDL for Index PK_RESERVE
--------------------------------------------------------

  CREATE UNIQUE INDEX "DODREAM"."PK_RESERVE" ON "DODREAM"."RESERVE" ("RESERVE_NO") 
  PCTFREE 10 INITRANS 2 MAXTRANS 255 COMPUTE STATISTICS 
  STORAGE(INITIAL 65536 NEXT 1048576 MINEXTENTS 1 MAXEXTENTS 2147483645
  PCTINCREASE 0 FREELISTS 1 FREELIST GROUPS 1 BUFFER_POOL DEFAULT FLASH_CACHE DEFAULT CELL_FLASH_CACHE DEFAULT)
  TABLESPACE "SYSTEM" ;
--------------------------------------------------------
--  DDL for Index PK_REWARD
--------------------------------------------------------

  CREATE UNIQUE INDEX "DODREAM"."PK_REWARD" ON "DODREAM"."REWARD" ("REWARD_NO") 
  PCTFREE 10 INITRANS 2 MAXTRANS 255 COMPUTE STATISTICS 
  STORAGE(INITIAL 65536 NEXT 1048576 MINEXTENTS 1 MAXEXTENTS 2147483645
  PCTINCREASE 0 FREELISTS 1 FREELIST GROUPS 1 BUFFER_POOL DEFAULT FLASH_CACHE DEFAULT CELL_FLASH_CACHE DEFAULT)
  TABLESPACE "SYSTEM" ;
--------------------------------------------------------
--  DDL for Index PK_DAYTOTAL
--------------------------------------------------------

  CREATE UNIQUE INDEX "DODREAM"."PK_DAYTOTAL" ON "DODREAM"."DAYTOTAL" ("VISIT_DATE") 
  PCTFREE 10 INITRANS 2 MAXTRANS 255 COMPUTE STATISTICS 
  STORAGE(INITIAL 65536 NEXT 1048576 MINEXTENTS 1 MAXEXTENTS 2147483645
  PCTINCREASE 0 FREELISTS 1 FREELIST GROUPS 1 BUFFER_POOL DEFAULT FLASH_CACHE DEFAULT CELL_FLASH_CACHE DEFAULT)
  TABLESPACE "SYSTEM" ;
--------------------------------------------------------
--  DDL for Index PK_REVIEW
--------------------------------------------------------

  CREATE UNIQUE INDEX "DODREAM"."PK_REVIEW" ON "DODREAM"."REVIEW" ("REVIEW_NO") 
  PCTFREE 10 INITRANS 2 MAXTRANS 255 COMPUTE STATISTICS 
  STORAGE(INITIAL 65536 NEXT 1048576 MINEXTENTS 1 MAXEXTENTS 2147483645
  PCTINCREASE 0 FREELISTS 1 FREELIST GROUPS 1 BUFFER_POOL DEFAULT FLASH_CACHE DEFAULT CELL_FLASH_CACHE DEFAULT)
  TABLESPACE "SYSTEM" ;
--------------------------------------------------------
--  DDL for Trigger TRG_CHANGE_USER_PFIMAGE
--------------------------------------------------------

  CREATE OR REPLACE TRIGGER "DODREAM"."TRG_CHANGE_USER_PFIMAGE" 
AFTER INSERT ON USER_TB 
BEGIN 
    UPDATE USER_TB SET USER_PF_IMG = 'talent.png' WHERE USER_PF_IMG IS NULL OR USER_PF_IMG = 'undefined';
END;

/
ALTER TRIGGER "DODREAM"."TRG_CHANGE_USER_PFIMAGE" ENABLE;
--------------------------------------------------------
--  DDL for Trigger TRG_HIS_INSERT
--------------------------------------------------------

  CREATE OR REPLACE TRIGGER "DODREAM"."TRG_HIS_INSERT" 
AFTER INSERT
ON HISTORY
FOR EACH ROW
BEGIN
    UPDATE REWARD
    SET REWARD_AMOUNT = REWARD_AMOUNT - :NEW.REWARD_SUM
    WHERE REWARD_NO = :NEW.REWARD_NO;
END;

/
ALTER TRIGGER "DODREAM"."TRG_HIS_INSERT" ENABLE;
--------------------------------------------------------
--  DDL for Trigger TRG_INSERT_DAYTOTAL
--------------------------------------------------------

  CREATE OR REPLACE TRIGGER "DODREAM"."TRG_INSERT_DAYTOTAL" 
BEFORE DELETE
ON DAYCOUNT
BEGIN
    INSERT INTO DAYTOTAL VALUES(
    SYSDATE-1, (SELECT COUNT(TO_CHAR(VISIT_DATE-1)) FROM DAYCOUNT)
    );
END;
/
ALTER TRIGGER "DODREAM"."TRG_INSERT_DAYTOTAL" ENABLE;
--------------------------------------------------------
--  DDL for Trigger TRG_REPORT_ALARM
--------------------------------------------------------

  CREATE OR REPLACE TRIGGER "DODREAM"."TRG_REPORT_ALARM" 
AFTER INSERT
ON REPORT_TB
FOR EACH ROW

BEGIN
    INSERT INTO ALARM VALUES ( SEQ_ALA_NO.NEXTVAL, '신고', '신고가 접수 되었습니다', DEFAULT, SYSDATE, :NEW.REPORT_REF_PNO);
END;

/
ALTER TRIGGER "DODREAM"."TRG_REPORT_ALARM" ENABLE;
--------------------------------------------------------
--  DDL for Trigger TRG_RSV_UPDATE
--------------------------------------------------------

  CREATE OR REPLACE TRIGGER "DODREAM"."TRG_RSV_UPDATE" 
AFTER UPDATE
ON RESERVE
FOR EACH ROW
DECLARE
    V_RWD_NO HISTORY.REWARD_NO%TYPE;
    V_RWD_SUM HISTORY.REWARD_SUM%TYPE;
    V_COUNT NUMBER;

    -- 커서 생성 선언
    CURSOR C1
    IS SELECT H.REWARD_NO, H.REWARD_SUM 
        FROM HISTORY H
        WHERE RESERVE_NO = :NEW.RESERVE_NO;
BEGIN
    SELECT COUNT(*)
    INTO V_COUNT
    FROM HISTORY
    WHERE RESERVE_NO = :NEW.RESERVE_NO;

    DBMS_OUTPUT.PUT_LINE('트리거 실행');
    DBMS_OUTPUT.PUT_LINE(:NEW.RESERVE_NO);

    IF :NEW.RESERVE_STATUS_NO = 3
    THEN
        DBMS_OUTPUT.PUT_LINE('더하기 동작 실행');
        OPEN C1; -- 커서 오픈

        LOOP
            FETCH C1 --커서 패치 : 서브쿼리의 결과에서 한 ROW씩 순서대로 데이터를 가져옴
            INTO V_RWD_NO, V_RWD_SUM;
            DBMS_OUTPUT.PUT_LINE(C1%ROWCOUNT);
            UPDATE REWARD
            SET REWARD_AMOUNT = REWARD_AMOUNT + V_RWD_SUM
            WHERE REWARD_NO = V_RWD_NO;
            DBMS_OUTPUT.PUT_LINE(V_RWD_NO||'번 리워드 의 갯수 '||V_RWD_SUM);
            EXIT WHEN V_COUNT = C1%ROWCOUNT;
        END LOOP;
        CLOSE C1;

    END IF;

END;

/
ALTER TRIGGER "DODREAM"."TRG_RSV_UPDATE" ENABLE;
--------------------------------------------------------
--  DDL for Trigger TRG_TOTAL_ADDI_1
--------------------------------------------------------

  CREATE OR REPLACE TRIGGER "DODREAM"."TRG_TOTAL_ADDI_1" 
BEFORE INSERT ON RESERVE 
BEGIN 
PKG_TOTAL_ADDI.RESERVE_INDEX :=0;
END;

/
ALTER TRIGGER "DODREAM"."TRG_TOTAL_ADDI_1" ENABLE;
--------------------------------------------------------
--  DDL for Trigger TRG_TOTAL_ADDI_2
--------------------------------------------------------

  CREATE OR REPLACE TRIGGER "DODREAM"."TRG_TOTAL_ADDI_2" 
AFTER INSERT ON RESERVE
FOR EACH ROW 
BEGIN
PKG_TOTAL_ADDI.RESERVE_INDEX := PKG_TOTAL_ADDI.RESERVE_INDEX + 1;
PKG_TOTAL_ADDI.RESERVE_NO(PKG_TOTAL_ADDI.RESERVE_INDEX) := :NEW.RESERVE_NO;
END;

/
ALTER TRIGGER "DODREAM"."TRG_TOTAL_ADDI_2" ENABLE;
--------------------------------------------------------
--  DDL for Trigger TRG_TOTAL_ADDI_3
--------------------------------------------------------

  CREATE OR REPLACE TRIGGER "DODREAM"."TRG_TOTAL_ADDI_3" 
AFTER INSERT ON RESERVE 
DECLARE
    V_ADDITIONAL NUMBER;
    V_RESERVE_NO NUMBER;
    V_PROJECT_NO NUMBER;
BEGIN
    FOR i IN 1 .. PKG_TOTAL_ADDI.RESERVE_INDEX LOOP
        SELECT RESERVE_REF_PNO INTO V_PROJECT_NO FROM RESERVE WHERE RESERVE_NO = PKG_TOTAL_ADDI.RESERVE_NO(i);
        SELECT ADDITIONAL INTO V_ADDITIONAL FROM RESERVE WHERE RESERVE_NO = PKG_TOTAL_ADDI.RESERVE_NO(i);
        UPDATE PROJECT_TB SET PROJECT_TOTAL = PROJECT_TOTAL + V_ADDITIONAL WHERE PROJECT_NO = V_PROJECT_NO;
    END LOOP;
    PKG_TOTAL_ADDI.RESERVE_INDEX := 0;
END;

/
ALTER TRIGGER "DODREAM"."TRG_TOTAL_ADDI_3" ENABLE;
--------------------------------------------------------
--  DDL for Trigger TRG_TOTAL_CANCELRESERVE
--------------------------------------------------------

  CREATE OR REPLACE TRIGGER "DODREAM"."TRG_TOTAL_CANCELRESERVE" 
AFTER UPDATE ON RESERVE
DECLARE
    V_PROJECT_NO NUMBER;
    V_REWARDPRICE NUMBER;
    V_ADDI NUMBER;
    V_RESERVE_NO NUMBER;
BEGIN
    SELECT RESERVE_NO INTO V_RESERVE_NO FROM RESERVE WHERE RESERVE_STATUS_NO = 5;
    SELECT RESERVE_REF_PNO INTO V_PROJECT_NO FROM RESERVE WHERE RESERVE_NO = V_RESERVE_NO;
    SELECT SUM(REWARD_PRICE * REWARD_SUM) INTO V_REWARDPRICE FROM HISTORY JOIN REWARD USING(REWARD_NO) WHERE RESERVE_NO = V_RESERVE_NO;
    SELECT ADDITIONAL INTO V_ADDI FROM RESERVE WHERE RESERVE_NO = V_RESERVE_NO;
    UPDATE PROJECT_TB SET PROJECT_TOTAL = PROJECT_TOTAL - (V_REWARDPRICE + V_ADDI) WHERE PROJECT_NO = V_PROJECT_NO;
    UPDATE RESERVE SET RESERVE_STATUS_NO = 3 WHERE RESERVE_NO = V_RESERVE_NO;
END;

/
ALTER TRIGGER "DODREAM"."TRG_TOTAL_CANCELRESERVE" DISABLE;
--------------------------------------------------------
--  DDL for Trigger TRG_TOTAL_CANCELRESERVE_EDIT
--------------------------------------------------------

  CREATE OR REPLACE TRIGGER "DODREAM"."TRG_TOTAL_CANCELRESERVE_EDIT" 
AFTER UPDATE ON RESERVE
FOR EACH ROW
DECLARE
    V_PROJECT_NO NUMBER;
    V_REWARDPRICE NUMBER;
    V_REWARDSUM NUMBER;
    V_ADDI NUMBER;
    V_RESERVE_NO NUMBER;
    V_RESERVE_STATUS_NO NUMBER;
    V_COUNT NUMBER;
        -- 커서 생성 선언
    CURSOR C1
    IS SELECT H.REWARD_SUM, R.REWARD_PRICE 
        FROM HISTORY H 
        JOIN REWARD R ON(H.REWARD_NO = R.REWARD_NO)
        WHERE RESERVE_NO = :NEW.RESERVE_NO;

BEGIN
    SELECT COUNT(*)
    INTO V_COUNT
    FROM HISTORY
    WHERE RESERVE_NO = :NEW.RESERVE_NO;

    DBMS_OUTPUT.PUT_LINE('트리거 실행');
    DBMS_OUTPUT.PUT_LINE(:NEW.RESERVE_NO);

    IF :NEW.RESERVE_STATUS_NO = 3
    THEN
        DBMS_OUTPUT.PUT_LINE('빼기 동작 실행');
        OPEN C1; -- 커서 오픈

        LOOP
            FETCH C1 --커서 패치 : 서브쿼리의 결과에서 한 ROW씩 순서대로 데이터를 가져옴
            INTO V_REWARDSUM, V_REWARDPRICE;

            DBMS_OUTPUT.PUT_LINE(C1%ROWCOUNT);

            UPDATE PROJECT_TB
            SET PROJECT_TOTAL = PROJECT_TOTAL - (V_REWARDSUM * V_REWARDPRICE)
            WHERE PROJECT_NO = :NEW.RESERVE_REF_PNO;

            EXIT WHEN V_COUNT = C1%ROWCOUNT;
        END LOOP;
        CLOSE C1;

    END IF;

    UPDATE PROJECT_TB
    SET PROJECT_TOTAL = PROJECT_TOTAL - :OLD.ADDITIONAL
    WHERE PROJECT_NO = :NEW.RESERVE_REF_PNO;

END;

/
ALTER TRIGGER "DODREAM"."TRG_TOTAL_CANCELRESERVE_EDIT" ENABLE;
--------------------------------------------------------
--  DDL for Trigger TRG_TOTAL_REWARD_1
--------------------------------------------------------

  CREATE OR REPLACE TRIGGER "DODREAM"."TRG_TOTAL_REWARD_1" 
BEFORE INSERT ON RESERVE 
BEGIN 
PKG_TOTAL_REWARD.RESERVE_INDEX :=0;
END;

/
ALTER TRIGGER "DODREAM"."TRG_TOTAL_REWARD_1" ENABLE;
--------------------------------------------------------
--  DDL for Trigger TRG_TOTAL_REWARD_2
--------------------------------------------------------

  CREATE OR REPLACE TRIGGER "DODREAM"."TRG_TOTAL_REWARD_2" 
AFTER INSERT ON HISTORY
FOR EACH ROW 
BEGIN
PKG_TOTAL_REWARD.RESERVE_INDEX := PKG_TOTAL_REWARD.RESERVE_INDEX + 1;
PKG_TOTAL_REWARD.RESERVE_NO(PKG_TOTAL_REWARD.RESERVE_INDEX) := :NEW.RESERVE_NO;
PKG_TOTAL_REWARD.REWARD_NO(PKG_TOTAL_REWARD.RESERVE_INDEX) := :NEW.REWARD_NO;
END;

/
ALTER TRIGGER "DODREAM"."TRG_TOTAL_REWARD_2" ENABLE;
--------------------------------------------------------
--  DDL for Trigger TRG_TOTAL_REWARD_3
--------------------------------------------------------

  CREATE OR REPLACE TRIGGER "DODREAM"."TRG_TOTAL_REWARD_3" 
AFTER INSERT ON HISTORY 
DECLARE
    V_REWARDPRICE NUMBER;
    V_PROJECT_NO NUMBER;
BEGIN
    FOR i IN 1 .. PKG_TOTAL_REWARD.RESERVE_INDEX LOOP
        SELECT RESERVE_REF_PNO INTO V_PROJECT_NO FROM HISTORY JOIN RESERVE USING(RESERVE_NO) WHERE RESERVE_NO = PKG_TOTAL_REWARD.RESERVE_NO(i) AND REWARD_NO = PKG_TOTAL_REWARD.REWARD_NO(i);
        SELECT REWARD_PRICE*REWARD_SUM INTO V_REWARDPRICE FROM HISTORY JOIN RESERVE USING(RESERVE_NO) JOIN REWARD USING(REWARD_NO) WHERE RESERVE_NO = PKG_TOTAL_REWARD.RESERVE_NO(i) AND REWARD_NO = PKG_TOTAL_REWARD.REWARD_NO(i);
        UPDATE PROJECT_TB SET PROJECT_TOTAL = PROJECT_TOTAL + V_REWARDPRICE WHERE PROJECT_NO = V_PROJECT_NO;
    END LOOP;
    PKG_TOTAL_REWARD.RESERVE_INDEX := 0;
END;

/
ALTER TRIGGER "DODREAM"."TRG_TOTAL_REWARD_3" ENABLE;
--------------------------------------------------------
--  DDL for Trigger TRG_USER_STATUS
--------------------------------------------------------

  CREATE OR REPLACE TRIGGER "DODREAM"."TRG_USER_STATUS" 
AFTER UPDATE
ON USER_TB
FOR EACH ROW
DECLARE
    
BEGIN
    IF :NEW.USER_STATUS = 'N' OR :NEW.USER_STATUS = 'B'
    THEN
        UPDATE RESERVE SET RESERVE_STATUS_NO = 3 
        WHERE RESERVE_STATUS_NO = 1  AND RESERVE_USER = :NEW.USER_NO;
    END IF;

END;

/
ALTER TRIGGER "DODREAM"."TRG_USER_STATUS" ENABLE;
--------------------------------------------------------
--  DDL for Procedure DELETE_TEMP_PROJECT
--------------------------------------------------------
set define off;

  CREATE OR REPLACE PROCEDURE "DODREAM"."DELETE_TEMP_PROJECT" 
IS
BEGIN
    DELETE FROM PROJECT_TB 
    WHERE TO_CHAR(SYSDATE, 'YYYYMMDD') - TO_CHAR(PROJECT_ER_DT, 'YYYYMMDD') >= 2 
    AND PROJECT_ST_NO = 0;
    COMMIT;
END;

/
--------------------------------------------------------
--  DDL for Procedure DEL_DAYCOUNT
--------------------------------------------------------
set define off;

  CREATE OR REPLACE PROCEDURE "DODREAM"."DEL_DAYCOUNT" 
IS
BEGIN
    DELETE FROM DAYCOUNT WHERE TO_CHAR(VISIT_DATE) = TO_CHAR(SYSDATE-1);
    COMMIT;
END;

/
--------------------------------------------------------
--  DDL for Procedure UPDATE_FAIL_PROJECT
--------------------------------------------------------
set define off;

  CREATE OR REPLACE PROCEDURE "DODREAM"."UPDATE_FAIL_PROJECT" 
IS
BEGIN
    UPDATE PROJECT_TB SET PROJECT_ST_NO = 5
    WHERE PROJECT_TOTAL < PROJECT_GOAL AND TO_DATE(TO_CHAR(SYSDATE,'YYYYMMDD'),'YYYYMMDD')-TO_DATE(TO_CHAR(PROJECT_CLOSE_DT,'YYYYMMDD'),'YYYYMMDD') >= 1;
    COMMIT;
END;

/
--------------------------------------------------------
--  DDL for Procedure UPDATE_FINISH_PROJECT
--------------------------------------------------------
set define off;

  CREATE OR REPLACE PROCEDURE "DODREAM"."UPDATE_FINISH_PROJECT" 
IS
BEGIN
    UPDATE PROJECT_TB 
    SET PROJECT_ST_NO = 5
    WHERE PROJECT_ST_NO = 7 AND PROJECT_NO NOT IN (SELECT PROJECT_NO FROM RESERVE JOIN PROJECT_TB ON (RESERVE_REF_PNO = PROJECT_NO) WHERE RESERVE_STATUS_NO >= 1 GROUP BY PROJECT_NO);
    COMMIT;
END;

/
--------------------------------------------------------
--  DDL for Procedure UPDATE_SUCCESS_PROJECT
--------------------------------------------------------
set define off;

  CREATE OR REPLACE PROCEDURE "DODREAM"."UPDATE_SUCCESS_PROJECT" 
IS
BEGIN
    UPDATE PROJECT_TB SET PROJECT_ST_NO = 7
    WHERE PROJECT_TOTAL >= PROJECT_GOAL AND TO_DATE(TO_CHAR(SYSDATE,'YYYYMMDD'),'YYYYMMDD')-TO_DATE(TO_CHAR(PROJECT_CLOSE_DT,'YYYYMMDD'),'YYYYMMDD') >= 1;
    COMMIT;
END;

/
--------------------------------------------------------
--  DDL for Package PKG_TOTAL_ADDI
--------------------------------------------------------

  CREATE OR REPLACE PACKAGE "DODREAM"."PKG_TOTAL_ADDI" AS
TYPE RESERVE_TAB_TYPE IS TABLE OF RESERVE.RESERVE_NO%TYPE INDEX BY BINARY_INTEGER;
RESERVE_NO RESERVE_TAB_TYPE;
RESERVE_INDEX BINARY_INTEGER;
END PKG_TOTAL_ADDI;

/
--------------------------------------------------------
--  DDL for Package PKG_TOTAL_REWARD
--------------------------------------------------------

  CREATE OR REPLACE PACKAGE "DODREAM"."PKG_TOTAL_REWARD" AS
TYPE RESERVE_TAB_TYPE IS TABLE OF HISTORY.RESERVE_NO%TYPE INDEX BY BINARY_INTEGER;
RESERVE_NO RESERVE_TAB_TYPE;
REWARD_NO RESERVE_TAB_TYPE;
RESERVE_INDEX BINARY_INTEGER;
END PKG_TOTAL_REWARD;

/
--------------------------------------------------------
--  DDL for Function GET_REWARDPRICE
--------------------------------------------------------

  CREATE OR REPLACE FUNCTION "DODREAM"."GET_REWARDPRICE" (V_RESERVE_NO IN NUMBER)
RETURN NUMBER
IS
    PRAGMA AUTONOMOUS_TRANSACTION;
    V_REWARDPRICE NUMBER;
BEGIN
    SELECT SUM(REWARD_PRICE * REWARD_SUM) INTO V_REWARDPRICE FROM HISTORY JOIN REWARD USING(REWARD_NO) WHERE RESERVE_NO = V_RESERVE_NO;
    ROLLBACK;
    RETURN V_REWARDPRICE;
END;

/
--------------------------------------------------------
--  Constraints for Table SUBREPLY
--------------------------------------------------------

  ALTER TABLE "DODREAM"."SUBREPLY" ADD CONSTRAINT "PK_SUBREPLY" PRIMARY KEY ("SUBRE_NO")
  USING INDEX PCTFREE 10 INITRANS 2 MAXTRANS 255 COMPUTE STATISTICS 
  STORAGE(INITIAL 65536 NEXT 1048576 MINEXTENTS 1 MAXEXTENTS 2147483645
  PCTINCREASE 0 FREELISTS 1 FREELIST GROUPS 1 BUFFER_POOL DEFAULT FLASH_CACHE DEFAULT CELL_FLASH_CACHE DEFAULT)
  TABLESPACE "SYSTEM"  ENABLE;
  ALTER TABLE "DODREAM"."SUBREPLY" MODIFY ("SUBRE_REF_RNO" NOT NULL ENABLE);
  ALTER TABLE "DODREAM"."SUBREPLY" MODIFY ("SUBRE_WRITER" NOT NULL ENABLE);
  ALTER TABLE "DODREAM"."SUBREPLY" MODIFY ("SUBRE_MODI_DT" NOT NULL ENABLE);
  ALTER TABLE "DODREAM"."SUBREPLY" MODIFY ("SUBRE_WRI_DT" NOT NULL ENABLE);
  ALTER TABLE "DODREAM"."SUBREPLY" MODIFY ("SUBRE_STATUS" NOT NULL ENABLE);
  ALTER TABLE "DODREAM"."SUBREPLY" MODIFY ("SUBRE_CON" NOT NULL ENABLE);
  ALTER TABLE "DODREAM"."SUBREPLY" MODIFY ("SUBRE_NO" NOT NULL ENABLE);
--------------------------------------------------------
--  Constraints for Table ALARM
--------------------------------------------------------

  ALTER TABLE "DODREAM"."ALARM" ADD CONSTRAINT "PK_ALARM" PRIMARY KEY ("ALARM_NO")
  USING INDEX PCTFREE 10 INITRANS 2 MAXTRANS 255 COMPUTE STATISTICS 
  STORAGE(INITIAL 65536 NEXT 1048576 MINEXTENTS 1 MAXEXTENTS 2147483645
  PCTINCREASE 0 FREELISTS 1 FREELIST GROUPS 1 BUFFER_POOL DEFAULT FLASH_CACHE DEFAULT CELL_FLASH_CACHE DEFAULT)
  TABLESPACE "SYSTEM"  ENABLE;
  ALTER TABLE "DODREAM"."ALARM" MODIFY ("ALARM_CAT_NO" NOT NULL ENABLE);
  ALTER TABLE "DODREAM"."ALARM" MODIFY ("ALARM_DATE" NOT NULL ENABLE);
  ALTER TABLE "DODREAM"."ALARM" MODIFY ("ALARM_STATUS" NOT NULL ENABLE);
  ALTER TABLE "DODREAM"."ALARM" MODIFY ("ALARM_CONTENT" NOT NULL ENABLE);
  ALTER TABLE "DODREAM"."ALARM" MODIFY ("ALARM_TITLE" NOT NULL ENABLE);
  ALTER TABLE "DODREAM"."ALARM" MODIFY ("ALARM_NO" NOT NULL ENABLE);
--------------------------------------------------------
--  Constraints for Table REPORT_TB
--------------------------------------------------------

  ALTER TABLE "DODREAM"."REPORT_TB" MODIFY ("REPORT_STATUS" NOT NULL ENABLE);
  ALTER TABLE "DODREAM"."REPORT_TB" ADD CONSTRAINT "PK_REPORT_TB" PRIMARY KEY ("REPORT_NO")
  USING INDEX PCTFREE 10 INITRANS 2 MAXTRANS 255 COMPUTE STATISTICS 
  STORAGE(INITIAL 65536 NEXT 1048576 MINEXTENTS 1 MAXEXTENTS 2147483645
  PCTINCREASE 0 FREELISTS 1 FREELIST GROUPS 1 BUFFER_POOL DEFAULT FLASH_CACHE DEFAULT CELL_FLASH_CACHE DEFAULT)
  TABLESPACE "SYSTEM"  ENABLE;
  ALTER TABLE "DODREAM"."REPORT_TB" MODIFY ("REPORT_WRITER" NOT NULL ENABLE);
  ALTER TABLE "DODREAM"."REPORT_TB" MODIFY ("REPORT_REF_PNO" NOT NULL ENABLE);
  ALTER TABLE "DODREAM"."REPORT_TB" MODIFY ("REPORT_CONTENT" NOT NULL ENABLE);
  ALTER TABLE "DODREAM"."REPORT_TB" MODIFY ("REPORT_DATE" NOT NULL ENABLE);
  ALTER TABLE "DODREAM"."REPORT_TB" MODIFY ("REPORT_NO" NOT NULL ENABLE);
--------------------------------------------------------
--  Constraints for Table PROJECT_TB
--------------------------------------------------------

  ALTER TABLE "DODREAM"."PROJECT_TB" ADD CONSTRAINT "PK_PROJECT_TB" PRIMARY KEY ("PROJECT_NO")
  USING INDEX PCTFREE 10 INITRANS 2 MAXTRANS 255 COMPUTE STATISTICS 
  STORAGE(INITIAL 65536 NEXT 1048576 MINEXTENTS 1 MAXEXTENTS 2147483645
  PCTINCREASE 0 FREELISTS 1 FREELIST GROUPS 1 BUFFER_POOL DEFAULT FLASH_CACHE DEFAULT CELL_FLASH_CACHE DEFAULT)
  TABLESPACE "SYSTEM"  ENABLE;
  ALTER TABLE "DODREAM"."PROJECT_TB" MODIFY ("PROJECT_NO" NOT NULL ENABLE);
--------------------------------------------------------
--  Constraints for Table NOTICE
--------------------------------------------------------

  ALTER TABLE "DODREAM"."NOTICE" ADD CONSTRAINT "PK_NOTICE" PRIMARY KEY ("NOTICE_NO")
  USING INDEX PCTFREE 10 INITRANS 2 MAXTRANS 255 COMPUTE STATISTICS 
  STORAGE(INITIAL 65536 NEXT 1048576 MINEXTENTS 1 MAXEXTENTS 2147483645
  PCTINCREASE 0 FREELISTS 1 FREELIST GROUPS 1 BUFFER_POOL DEFAULT FLASH_CACHE DEFAULT CELL_FLASH_CACHE DEFAULT)
  TABLESPACE "SYSTEM"  ENABLE;
  ALTER TABLE "DODREAM"."NOTICE" MODIFY ("NOTICE_WRITER" NOT NULL ENABLE);
  ALTER TABLE "DODREAM"."NOTICE" MODIFY ("NOTICE_STATUS" NOT NULL ENABLE);
  ALTER TABLE "DODREAM"."NOTICE" MODIFY ("NOTICE_MF_DT" NOT NULL ENABLE);
  ALTER TABLE "DODREAM"."NOTICE" MODIFY ("NOTICE_ER_DT" NOT NULL ENABLE);
  ALTER TABLE "DODREAM"."NOTICE" MODIFY ("NOTICE_CONTENT" NOT NULL ENABLE);
  ALTER TABLE "DODREAM"."NOTICE" MODIFY ("NOTICE_TITLE" NOT NULL ENABLE);
  ALTER TABLE "DODREAM"."NOTICE" MODIFY ("NOTICE_NO" NOT NULL ENABLE);
--------------------------------------------------------
--  Constraints for Table PROJECT_STATUS
--------------------------------------------------------

  ALTER TABLE "DODREAM"."PROJECT_STATUS" ADD CONSTRAINT "PK_PROJECT_STATUS" PRIMARY KEY ("PROJECT_ST_NO")
  USING INDEX PCTFREE 10 INITRANS 2 MAXTRANS 255 COMPUTE STATISTICS 
  STORAGE(INITIAL 65536 NEXT 1048576 MINEXTENTS 1 MAXEXTENTS 2147483645
  PCTINCREASE 0 FREELISTS 1 FREELIST GROUPS 1 BUFFER_POOL DEFAULT FLASH_CACHE DEFAULT CELL_FLASH_CACHE DEFAULT)
  TABLESPACE "SYSTEM"  ENABLE;
  ALTER TABLE "DODREAM"."PROJECT_STATUS" MODIFY ("PROJECT_ST_DETAIL" NOT NULL ENABLE);
  ALTER TABLE "DODREAM"."PROJECT_STATUS" MODIFY ("PROJECT_ST_NO" NOT NULL ENABLE);
--------------------------------------------------------
--  Constraints for Table USER_TB
--------------------------------------------------------

  ALTER TABLE "DODREAM"."USER_TB" ADD CONSTRAINT "PK_USER_TB" PRIMARY KEY ("USER_NO")
  USING INDEX PCTFREE 10 INITRANS 2 MAXTRANS 255 COMPUTE STATISTICS 
  STORAGE(INITIAL 65536 NEXT 1048576 MINEXTENTS 1 MAXEXTENTS 2147483645
  PCTINCREASE 0 FREELISTS 1 FREELIST GROUPS 1 BUFFER_POOL DEFAULT FLASH_CACHE DEFAULT CELL_FLASH_CACHE DEFAULT)
  TABLESPACE "SYSTEM"  ENABLE;
  ALTER TABLE "DODREAM"."USER_TB" ADD UNIQUE ("USER_NICKNAME")
  USING INDEX PCTFREE 10 INITRANS 2 MAXTRANS 255 COMPUTE STATISTICS 
  STORAGE(INITIAL 65536 NEXT 1048576 MINEXTENTS 1 MAXEXTENTS 2147483645
  PCTINCREASE 0 FREELISTS 1 FREELIST GROUPS 1 BUFFER_POOL DEFAULT FLASH_CACHE DEFAULT CELL_FLASH_CACHE DEFAULT)
  TABLESPACE "SYSTEM"  ENABLE;
  ALTER TABLE "DODREAM"."USER_TB" MODIFY ("USER_MF_DT" NOT NULL ENABLE);
  ALTER TABLE "DODREAM"."USER_TB" MODIFY ("USER_LOGIN_DATE" NOT NULL ENABLE);
  ALTER TABLE "DODREAM"."USER_TB" MODIFY ("USER_ER_DT" NOT NULL ENABLE);
  ALTER TABLE "DODREAM"."USER_TB" MODIFY ("USER_STATUS" NOT NULL ENABLE);
  ALTER TABLE "DODREAM"."USER_TB" MODIFY ("USER_ADMIN_YN" NOT NULL ENABLE);
  ALTER TABLE "DODREAM"."USER_TB" MODIFY ("USER_EM_AUTH_YN" NOT NULL ENABLE);
  ALTER TABLE "DODREAM"."USER_TB" MODIFY ("USER_PWD" NOT NULL ENABLE);
  ALTER TABLE "DODREAM"."USER_TB" MODIFY ("USER_NICKNAME" NOT NULL ENABLE);
  ALTER TABLE "DODREAM"."USER_TB" MODIFY ("USER_EMAIL" NOT NULL ENABLE);
  ALTER TABLE "DODREAM"."USER_TB" MODIFY ("USER_NO" NOT NULL ENABLE);
--------------------------------------------------------
--  Constraints for Table RESERVE
--------------------------------------------------------

  ALTER TABLE "DODREAM"."RESERVE" ADD CONSTRAINT "PK_RESERVE" PRIMARY KEY ("RESERVE_NO")
  USING INDEX PCTFREE 10 INITRANS 2 MAXTRANS 255 COMPUTE STATISTICS 
  STORAGE(INITIAL 65536 NEXT 1048576 MINEXTENTS 1 MAXEXTENTS 2147483645
  PCTINCREASE 0 FREELISTS 1 FREELIST GROUPS 1 BUFFER_POOL DEFAULT FLASH_CACHE DEFAULT CELL_FLASH_CACHE DEFAULT)
  TABLESPACE "SYSTEM"  ENABLE;
  ALTER TABLE "DODREAM"."RESERVE" MODIFY ("RESERVE_USER" NOT NULL ENABLE);
  ALTER TABLE "DODREAM"."RESERVE" MODIFY ("RESERVE_ADDRESS" NOT NULL ENABLE);
  ALTER TABLE "DODREAM"."RESERVE" MODIFY ("RESERVE_NAME" NOT NULL ENABLE);
  ALTER TABLE "DODREAM"."RESERVE" MODIFY ("RESERVE_DATE" NOT NULL ENABLE);
  ALTER TABLE "DODREAM"."RESERVE" MODIFY ("ADDITIONAL" NOT NULL ENABLE);
  ALTER TABLE "DODREAM"."RESERVE" MODIFY ("BILLINGKEY" NOT NULL ENABLE);
  ALTER TABLE "DODREAM"."RESERVE" MODIFY ("RESERVE_NO" NOT NULL ENABLE);
  ALTER TABLE "DODREAM"."RESERVE" MODIFY ("RESERVE_CONTRACT" NOT NULL ENABLE);
  ALTER TABLE "DODREAM"."RESERVE" MODIFY ("RESERVE_STATUS_NO" NOT NULL ENABLE);
  ALTER TABLE "DODREAM"."RESERVE" MODIFY ("RESERVE_REF_PNO" NOT NULL ENABLE);
--------------------------------------------------------
--  Constraints for Table REWARD
--------------------------------------------------------

  ALTER TABLE "DODREAM"."REWARD" ADD CONSTRAINT "PK_REWARD" PRIMARY KEY ("REWARD_NO")
  USING INDEX PCTFREE 10 INITRANS 2 MAXTRANS 255 COMPUTE STATISTICS 
  STORAGE(INITIAL 65536 NEXT 1048576 MINEXTENTS 1 MAXEXTENTS 2147483645
  PCTINCREASE 0 FREELISTS 1 FREELIST GROUPS 1 BUFFER_POOL DEFAULT FLASH_CACHE DEFAULT CELL_FLASH_CACHE DEFAULT)
  TABLESPACE "SYSTEM"  ENABLE;
  ALTER TABLE "DODREAM"."REWARD" MODIFY ("REWARD_NO" NOT NULL ENABLE);
--------------------------------------------------------
--  Constraints for Table DAYCOUNT
--------------------------------------------------------

  ALTER TABLE "DODREAM"."DAYCOUNT" ADD CONSTRAINT "PK_DAYCOUNT" PRIMARY KEY ("VISIT_DATE", "USER_NO")
  USING INDEX PCTFREE 10 INITRANS 2 MAXTRANS 255 COMPUTE STATISTICS 
  STORAGE(INITIAL 65536 NEXT 1048576 MINEXTENTS 1 MAXEXTENTS 2147483645
  PCTINCREASE 0 FREELISTS 1 FREELIST GROUPS 1 BUFFER_POOL DEFAULT FLASH_CACHE DEFAULT CELL_FLASH_CACHE DEFAULT)
  TABLESPACE "SYSTEM"  ENABLE;
  ALTER TABLE "DODREAM"."DAYCOUNT" MODIFY ("USER_NO" NOT NULL ENABLE);
  ALTER TABLE "DODREAM"."DAYCOUNT" MODIFY ("VISIT_DATE" NOT NULL ENABLE);
--------------------------------------------------------
--  Constraints for Table RESERVE_STATUS
--------------------------------------------------------

  ALTER TABLE "DODREAM"."RESERVE_STATUS" ADD CONSTRAINT "PK_RESERVE_STATUS" PRIMARY KEY ("RESERVE_ST_NO")
  USING INDEX PCTFREE 10 INITRANS 2 MAXTRANS 255 COMPUTE STATISTICS 
  STORAGE(INITIAL 65536 NEXT 1048576 MINEXTENTS 1 MAXEXTENTS 2147483645
  PCTINCREASE 0 FREELISTS 1 FREELIST GROUPS 1 BUFFER_POOL DEFAULT FLASH_CACHE DEFAULT CELL_FLASH_CACHE DEFAULT)
  TABLESPACE "SYSTEM"  ENABLE;
  ALTER TABLE "DODREAM"."RESERVE_STATUS" MODIFY ("RESERVE_ST_DETAIL" NOT NULL ENABLE);
  ALTER TABLE "DODREAM"."RESERVE_STATUS" MODIFY ("RESERVE_ST_NO" NOT NULL ENABLE);
--------------------------------------------------------
--  Constraints for Table FAQ
--------------------------------------------------------

  ALTER TABLE "DODREAM"."FAQ" ADD CONSTRAINT "PK_FAQ" PRIMARY KEY ("FAQ_NO")
  USING INDEX PCTFREE 10 INITRANS 2 MAXTRANS 255 COMPUTE STATISTICS 
  STORAGE(INITIAL 65536 NEXT 1048576 MINEXTENTS 1 MAXEXTENTS 2147483645
  PCTINCREASE 0 FREELISTS 1 FREELIST GROUPS 1 BUFFER_POOL DEFAULT FLASH_CACHE DEFAULT CELL_FLASH_CACHE DEFAULT)
  TABLESPACE "SYSTEM"  ENABLE;
  ALTER TABLE "DODREAM"."FAQ" MODIFY ("FAQ_WRITER" NOT NULL ENABLE);
  ALTER TABLE "DODREAM"."FAQ" MODIFY ("FAQ_STATUS" NOT NULL ENABLE);
  ALTER TABLE "DODREAM"."FAQ" MODIFY ("FAQ_MODIFY_DATE" NOT NULL ENABLE);
  ALTER TABLE "DODREAM"."FAQ" MODIFY ("FAQ_ENROLL_DATE" NOT NULL ENABLE);
  ALTER TABLE "DODREAM"."FAQ" MODIFY ("FAQ_CONTENT" NOT NULL ENABLE);
  ALTER TABLE "DODREAM"."FAQ" MODIFY ("FAQ_TITLE" NOT NULL ENABLE);
  ALTER TABLE "DODREAM"."FAQ" MODIFY ("FAQ_NO" NOT NULL ENABLE);
--------------------------------------------------------
--  Constraints for Table REPLY
--------------------------------------------------------

  ALTER TABLE "DODREAM"."REPLY" ADD CONSTRAINT "PK_REPLY" PRIMARY KEY ("REPLY_NO")
  USING INDEX PCTFREE 10 INITRANS 2 MAXTRANS 255 COMPUTE STATISTICS 
  STORAGE(INITIAL 65536 NEXT 1048576 MINEXTENTS 1 MAXEXTENTS 2147483645
  PCTINCREASE 0 FREELISTS 1 FREELIST GROUPS 1 BUFFER_POOL DEFAULT FLASH_CACHE DEFAULT CELL_FLASH_CACHE DEFAULT)
  TABLESPACE "SYSTEM"  ENABLE;
  ALTER TABLE "DODREAM"."REPLY" MODIFY ("REPLY_CG_NO" NOT NULL ENABLE);
  ALTER TABLE "DODREAM"."REPLY" MODIFY ("REPLY_WRITER" NOT NULL ENABLE);
  ALTER TABLE "DODREAM"."REPLY" MODIFY ("REPLY_REF_PNO" NOT NULL ENABLE);
  ALTER TABLE "DODREAM"."REPLY" MODIFY ("REPLY_MODI_DT" NOT NULL ENABLE);
  ALTER TABLE "DODREAM"."REPLY" MODIFY ("REPLY_WRI_DT" NOT NULL ENABLE);
  ALTER TABLE "DODREAM"."REPLY" MODIFY ("REPLY_STATUS" NOT NULL ENABLE);
  ALTER TABLE "DODREAM"."REPLY" MODIFY ("REPLY_CONTENT" NOT NULL ENABLE);
  ALTER TABLE "DODREAM"."REPLY" MODIFY ("REPLY_NO" NOT NULL ENABLE);
--------------------------------------------------------
--  Constraints for Table PROJECT_CG
--------------------------------------------------------

  ALTER TABLE "DODREAM"."PROJECT_CG" ADD CONSTRAINT "PK_PROJECT_CG" PRIMARY KEY ("PROJECT_CT_NO")
  USING INDEX PCTFREE 10 INITRANS 2 MAXTRANS 255 COMPUTE STATISTICS 
  STORAGE(INITIAL 65536 NEXT 1048576 MINEXTENTS 1 MAXEXTENTS 2147483645
  PCTINCREASE 0 FREELISTS 1 FREELIST GROUPS 1 BUFFER_POOL DEFAULT FLASH_CACHE DEFAULT CELL_FLASH_CACHE DEFAULT)
  TABLESPACE "SYSTEM"  ENABLE;
  ALTER TABLE "DODREAM"."PROJECT_CG" MODIFY ("PROJECT_CT_NAME" NOT NULL ENABLE);
  ALTER TABLE "DODREAM"."PROJECT_CG" MODIFY ("PROJECT_CT_NO" NOT NULL ENABLE);
--------------------------------------------------------
--  Constraints for Table LIKE_TB
--------------------------------------------------------

  ALTER TABLE "DODREAM"."LIKE_TB" ADD CONSTRAINT "PK_LIKE_TB" PRIMARY KEY ("LIKE_USER", "LIKE_PRJ")
  USING INDEX PCTFREE 10 INITRANS 2 MAXTRANS 255 COMPUTE STATISTICS 
  STORAGE(INITIAL 65536 NEXT 1048576 MINEXTENTS 1 MAXEXTENTS 2147483645
  PCTINCREASE 0 FREELISTS 1 FREELIST GROUPS 1 BUFFER_POOL DEFAULT FLASH_CACHE DEFAULT CELL_FLASH_CACHE DEFAULT)
  TABLESPACE "SYSTEM"  ENABLE;
  ALTER TABLE "DODREAM"."LIKE_TB" MODIFY ("LIKE_PRJ" NOT NULL ENABLE);
  ALTER TABLE "DODREAM"."LIKE_TB" MODIFY ("LIKE_USER" NOT NULL ENABLE);
--------------------------------------------------------
--  Constraints for Table REPORT_REPLY
--------------------------------------------------------

  ALTER TABLE "DODREAM"."REPORT_REPLY" ADD CONSTRAINT "PK_REPORT_REPLY" PRIMARY KEY ("REPORT_RP_NO")
  USING INDEX PCTFREE 10 INITRANS 2 MAXTRANS 255 COMPUTE STATISTICS 
  STORAGE(INITIAL 65536 NEXT 1048576 MINEXTENTS 1 MAXEXTENTS 2147483645
  PCTINCREASE 0 FREELISTS 1 FREELIST GROUPS 1 BUFFER_POOL DEFAULT FLASH_CACHE DEFAULT CELL_FLASH_CACHE DEFAULT)
  TABLESPACE "SYSTEM"  ENABLE;
  ALTER TABLE "DODREAM"."REPORT_REPLY" MODIFY ("REPORT_RP_WRITER" NOT NULL ENABLE);
  ALTER TABLE "DODREAM"."REPORT_REPLY" MODIFY ("REPORT_RP_REF_RNO" NOT NULL ENABLE);
  ALTER TABLE "DODREAM"."REPORT_REPLY" MODIFY ("REPORT_RP_DT" NOT NULL ENABLE);
  ALTER TABLE "DODREAM"."REPORT_REPLY" MODIFY ("REPORT_RP_NO" NOT NULL ENABLE);
--------------------------------------------------------
--  Constraints for Table FOLLOW_TB
--------------------------------------------------------

  ALTER TABLE "DODREAM"."FOLLOW_TB" ADD CONSTRAINT "PK_FOLLOW_TB" PRIMARY KEY ("FOLLOW", "FOLLOWER")
  USING INDEX PCTFREE 10 INITRANS 2 MAXTRANS 255 COMPUTE STATISTICS 
  STORAGE(INITIAL 65536 NEXT 1048576 MINEXTENTS 1 MAXEXTENTS 2147483645
  PCTINCREASE 0 FREELISTS 1 FREELIST GROUPS 1 BUFFER_POOL DEFAULT FLASH_CACHE DEFAULT CELL_FLASH_CACHE DEFAULT)
  TABLESPACE "SYSTEM"  ENABLE;
  ALTER TABLE "DODREAM"."FOLLOW_TB" MODIFY ("FOLLOWER" NOT NULL ENABLE);
  ALTER TABLE "DODREAM"."FOLLOW_TB" MODIFY ("FOLLOW" NOT NULL ENABLE);
--------------------------------------------------------
--  Constraints for Table HISTORY
--------------------------------------------------------

  ALTER TABLE "DODREAM"."HISTORY" ADD CONSTRAINT "PK_HISTORY" PRIMARY KEY ("RESERVE_NO", "REWARD_NO")
  USING INDEX PCTFREE 10 INITRANS 2 MAXTRANS 255 COMPUTE STATISTICS 
  STORAGE(INITIAL 65536 NEXT 1048576 MINEXTENTS 1 MAXEXTENTS 2147483645
  PCTINCREASE 0 FREELISTS 1 FREELIST GROUPS 1 BUFFER_POOL DEFAULT FLASH_CACHE DEFAULT CELL_FLASH_CACHE DEFAULT)
  TABLESPACE "SYSTEM"  ENABLE;
  ALTER TABLE "DODREAM"."HISTORY" MODIFY ("REWARD_SUM" NOT NULL ENABLE);
  ALTER TABLE "DODREAM"."HISTORY" MODIFY ("REWARD_NO" NOT NULL ENABLE);
  ALTER TABLE "DODREAM"."HISTORY" MODIFY ("RESERVE_NO" NOT NULL ENABLE);
--------------------------------------------------------
--  Constraints for Table REWARD_OPTION
--------------------------------------------------------

  ALTER TABLE "DODREAM"."REWARD_OPTION" ADD CONSTRAINT "PK_REWARD_OPTION" PRIMARY KEY ("REWORD_OP_NO")
  USING INDEX PCTFREE 10 INITRANS 2 MAXTRANS 255 COMPUTE STATISTICS 
  STORAGE(INITIAL 65536 NEXT 1048576 MINEXTENTS 1 MAXEXTENTS 2147483645
  PCTINCREASE 0 FREELISTS 1 FREELIST GROUPS 1 BUFFER_POOL DEFAULT FLASH_CACHE DEFAULT CELL_FLASH_CACHE DEFAULT)
  TABLESPACE "SYSTEM"  ENABLE;
  ALTER TABLE "DODREAM"."REWARD_OPTION" MODIFY ("REWORD_OP_DETAIL" NOT NULL ENABLE);
  ALTER TABLE "DODREAM"."REWARD_OPTION" MODIFY ("REWORD_OP_NO" NOT NULL ENABLE);
--------------------------------------------------------
--  Constraints for Table REPLY_CG
--------------------------------------------------------

  ALTER TABLE "DODREAM"."REPLY_CG" ADD CONSTRAINT "PK_REPLY_CG" PRIMARY KEY ("REPLY_CG_NO")
  USING INDEX PCTFREE 10 INITRANS 2 MAXTRANS 255 COMPUTE STATISTICS 
  STORAGE(INITIAL 65536 NEXT 1048576 MINEXTENTS 1 MAXEXTENTS 2147483645
  PCTINCREASE 0 FREELISTS 1 FREELIST GROUPS 1 BUFFER_POOL DEFAULT FLASH_CACHE DEFAULT CELL_FLASH_CACHE DEFAULT)
  TABLESPACE "SYSTEM"  ENABLE;
  ALTER TABLE "DODREAM"."REPLY_CG" MODIFY ("REPLY_CG_NM" NOT NULL ENABLE);
  ALTER TABLE "DODREAM"."REPLY_CG" MODIFY ("REPLY_CG_NO" NOT NULL ENABLE);
--------------------------------------------------------
--  Constraints for Table DAYTOTAL
--------------------------------------------------------

  ALTER TABLE "DODREAM"."DAYTOTAL" ADD CONSTRAINT "PK_DAYTOTAL" PRIMARY KEY ("VISIT_DATE")
  USING INDEX PCTFREE 10 INITRANS 2 MAXTRANS 255 COMPUTE STATISTICS 
  STORAGE(INITIAL 65536 NEXT 1048576 MINEXTENTS 1 MAXEXTENTS 2147483645
  PCTINCREASE 0 FREELISTS 1 FREELIST GROUPS 1 BUFFER_POOL DEFAULT FLASH_CACHE DEFAULT CELL_FLASH_CACHE DEFAULT)
  TABLESPACE "SYSTEM"  ENABLE;
  ALTER TABLE "DODREAM"."DAYTOTAL" MODIFY ("TOTAL_COUNT" NOT NULL ENABLE);
  ALTER TABLE "DODREAM"."DAYTOTAL" MODIFY ("VISIT_DATE" NOT NULL ENABLE);
--------------------------------------------------------
--  Constraints for Table REVIEW
--------------------------------------------------------

  ALTER TABLE "DODREAM"."REVIEW" MODIFY ("REVIEW_SUBTITLE" NOT NULL ENABLE);
  ALTER TABLE "DODREAM"."REVIEW" MODIFY ("REVIEW_COUNT" NOT NULL ENABLE);
  ALTER TABLE "DODREAM"."REVIEW" ADD CONSTRAINT "PK_REVIEW" PRIMARY KEY ("REVIEW_NO")
  USING INDEX PCTFREE 10 INITRANS 2 MAXTRANS 255 COMPUTE STATISTICS 
  STORAGE(INITIAL 65536 NEXT 1048576 MINEXTENTS 1 MAXEXTENTS 2147483645
  PCTINCREASE 0 FREELISTS 1 FREELIST GROUPS 1 BUFFER_POOL DEFAULT FLASH_CACHE DEFAULT CELL_FLASH_CACHE DEFAULT)
  TABLESPACE "SYSTEM"  ENABLE;
  ALTER TABLE "DODREAM"."REVIEW" MODIFY ("REVIEW_WRITER" NOT NULL ENABLE);
  ALTER TABLE "DODREAM"."REVIEW" MODIFY ("REVIEW_REF_PNO" NOT NULL ENABLE);
  ALTER TABLE "DODREAM"."REVIEW" MODIFY ("REVIEW_STATUS" NOT NULL ENABLE);
  ALTER TABLE "DODREAM"."REVIEW" MODIFY ("REVIEW_MF_DT" NOT NULL ENABLE);
  ALTER TABLE "DODREAM"."REVIEW" MODIFY ("REVIEW_ER_DT" NOT NULL ENABLE);
  ALTER TABLE "DODREAM"."REVIEW" MODIFY ("REVIEW_CONTENT" NOT NULL ENABLE);
  ALTER TABLE "DODREAM"."REVIEW" MODIFY ("REVIEW_TITLE" NOT NULL ENABLE);
  ALTER TABLE "DODREAM"."REVIEW" MODIFY ("REVIEW_NO" NOT NULL ENABLE);
  ALTER TABLE "DODREAM"."REVIEW" MODIFY ("REVIEW_CNO" NOT NULL ENABLE);
--------------------------------------------------------
--  Ref Constraints for Table DAYCOUNT
--------------------------------------------------------

  ALTER TABLE "DODREAM"."DAYCOUNT" ADD CONSTRAINT "FK_USER_TB_TO_DAYCOUNT_1" FOREIGN KEY ("USER_NO")
	  REFERENCES "DODREAM"."USER_TB" ("USER_NO") ENABLE;
--------------------------------------------------------
--  Ref Constraints for Table FAQ
--------------------------------------------------------

  ALTER TABLE "DODREAM"."FAQ" ADD CONSTRAINT "FK_USER_TB_TO_FAQ_1" FOREIGN KEY ("FAQ_WRITER")
	  REFERENCES "DODREAM"."USER_TB" ("USER_NO") ENABLE;
--------------------------------------------------------
--  Ref Constraints for Table FOLLOW_TB
--------------------------------------------------------

  ALTER TABLE "DODREAM"."FOLLOW_TB" ADD CONSTRAINT "FK_USER_TB_TO_FOLLOW_TB_1" FOREIGN KEY ("FOLLOW")
	  REFERENCES "DODREAM"."USER_TB" ("USER_NO") ENABLE;
  ALTER TABLE "DODREAM"."FOLLOW_TB" ADD CONSTRAINT "FK_USER_TB_TO_FOLLOW_TB_2" FOREIGN KEY ("FOLLOWER")
	  REFERENCES "DODREAM"."USER_TB" ("USER_NO") ENABLE;
--------------------------------------------------------
--  Ref Constraints for Table HISTORY
--------------------------------------------------------

  ALTER TABLE "DODREAM"."HISTORY" ADD CONSTRAINT "FK_RESERVE_TO_HISTORY_1" FOREIGN KEY ("RESERVE_NO")
	  REFERENCES "DODREAM"."RESERVE" ("RESERVE_NO") ON DELETE CASCADE ENABLE;
  ALTER TABLE "DODREAM"."HISTORY" ADD CONSTRAINT "FK_REWARD_TO_HISTORY_1" FOREIGN KEY ("REWARD_NO")
	  REFERENCES "DODREAM"."REWARD" ("REWARD_NO") ENABLE;
--------------------------------------------------------
--  Ref Constraints for Table LIKE_TB
--------------------------------------------------------

  ALTER TABLE "DODREAM"."LIKE_TB" ADD CONSTRAINT "FK_PROJECT_TB_TO_LIKE_TB_1" FOREIGN KEY ("LIKE_PRJ")
	  REFERENCES "DODREAM"."PROJECT_TB" ("PROJECT_NO") ENABLE;
  ALTER TABLE "DODREAM"."LIKE_TB" ADD CONSTRAINT "FK_USER_TB_TO_LIKE_TB_1" FOREIGN KEY ("LIKE_USER")
	  REFERENCES "DODREAM"."USER_TB" ("USER_NO") ENABLE;
--------------------------------------------------------
--  Ref Constraints for Table NOTICE
--------------------------------------------------------

  ALTER TABLE "DODREAM"."NOTICE" ADD CONSTRAINT "FK_USER_TB_TO_NOTICE_1" FOREIGN KEY ("NOTICE_WRITER")
	  REFERENCES "DODREAM"."USER_TB" ("USER_NO") ENABLE;
--------------------------------------------------------
--  Ref Constraints for Table PROJECT_TB
--------------------------------------------------------

  ALTER TABLE "DODREAM"."PROJECT_TB" ADD CONSTRAINT "FK_PROJECT_CG_TO_PROJECT_TB_1" FOREIGN KEY ("PROJECT_CT_NO")
	  REFERENCES "DODREAM"."PROJECT_CG" ("PROJECT_CT_NO") ENABLE;
  ALTER TABLE "DODREAM"."PROJECT_TB" ADD CONSTRAINT "FK_PROJECT_STATUS_TO_PRJ_TB_1" FOREIGN KEY ("PROJECT_ST_NO")
	  REFERENCES "DODREAM"."PROJECT_STATUS" ("PROJECT_ST_NO") ENABLE;
  ALTER TABLE "DODREAM"."PROJECT_TB" ADD CONSTRAINT "FK_USER_TB_TO_PROJECT_TB_1" FOREIGN KEY ("PROJECT_WRITER")
	  REFERENCES "DODREAM"."USER_TB" ("USER_NO") ENABLE;
--------------------------------------------------------
--  Ref Constraints for Table REPLY
--------------------------------------------------------

  ALTER TABLE "DODREAM"."REPLY" ADD CONSTRAINT "FK_PROJECT_TB_TO_REPLY_1" FOREIGN KEY ("REPLY_REF_PNO")
	  REFERENCES "DODREAM"."PROJECT_TB" ("PROJECT_NO") ENABLE;
  ALTER TABLE "DODREAM"."REPLY" ADD CONSTRAINT "FK_REPLY_CG_TO_REPLY_1" FOREIGN KEY ("REPLY_CG_NO")
	  REFERENCES "DODREAM"."REPLY_CG" ("REPLY_CG_NO") ENABLE;
  ALTER TABLE "DODREAM"."REPLY" ADD CONSTRAINT "FK_USER_TB_TO_REPLY_1" FOREIGN KEY ("REPLY_WRITER")
	  REFERENCES "DODREAM"."USER_TB" ("USER_NO") ENABLE;
--------------------------------------------------------
--  Ref Constraints for Table REPORT_REPLY
--------------------------------------------------------

  ALTER TABLE "DODREAM"."REPORT_REPLY" ADD CONSTRAINT "FK_REPORT_TB_TO_REPORT_REPLY_1" FOREIGN KEY ("REPORT_RP_REF_RNO")
	  REFERENCES "DODREAM"."REPORT_TB" ("REPORT_NO") ENABLE;
  ALTER TABLE "DODREAM"."REPORT_REPLY" ADD CONSTRAINT "FK_USER_TB_TO_REPORT_REPLY_1" FOREIGN KEY ("REPORT_RP_WRITER")
	  REFERENCES "DODREAM"."USER_TB" ("USER_NO") ENABLE;
--------------------------------------------------------
--  Ref Constraints for Table REPORT_TB
--------------------------------------------------------

  ALTER TABLE "DODREAM"."REPORT_TB" ADD CONSTRAINT "FK_PROJECT_TB_TO_REPORT_TB_1" FOREIGN KEY ("REPORT_REF_PNO")
	  REFERENCES "DODREAM"."PROJECT_TB" ("PROJECT_NO") ENABLE;
  ALTER TABLE "DODREAM"."REPORT_TB" ADD CONSTRAINT "FK_USER_TB_TO_REPORT_TB_1" FOREIGN KEY ("REPORT_WRITER")
	  REFERENCES "DODREAM"."USER_TB" ("USER_NO") ENABLE;
--------------------------------------------------------
--  Ref Constraints for Table RESERVE
--------------------------------------------------------

  ALTER TABLE "DODREAM"."RESERVE" ADD CONSTRAINT "FK_USER_TB_TO_RESERVE_1" FOREIGN KEY ("RESERVE_USER")
	  REFERENCES "DODREAM"."USER_TB" ("USER_NO") ENABLE;
  ALTER TABLE "DODREAM"."RESERVE" ADD CONSTRAINT "RESERVE_FK1" FOREIGN KEY ("RESERVE_REF_PNO")
	  REFERENCES "DODREAM"."PROJECT_TB" ("PROJECT_NO") ON DELETE CASCADE ENABLE;
  ALTER TABLE "DODREAM"."RESERVE" ADD CONSTRAINT "RESERVE_FK2" FOREIGN KEY ("RESERVE_STATUS_NO")
	  REFERENCES "DODREAM"."RESERVE_STATUS" ("RESERVE_ST_NO") ENABLE;
--------------------------------------------------------
--  Ref Constraints for Table REVIEW
--------------------------------------------------------

  ALTER TABLE "DODREAM"."REVIEW" ADD CONSTRAINT "FK_PROJECT_TB_TO_REVIEW_1" FOREIGN KEY ("REVIEW_REF_PNO")
	  REFERENCES "DODREAM"."PROJECT_TB" ("PROJECT_NO") ENABLE;
  ALTER TABLE "DODREAM"."REVIEW" ADD CONSTRAINT "FK_USER_TB_TO_REVIEW_1" FOREIGN KEY ("REVIEW_WRITER")
	  REFERENCES "DODREAM"."USER_TB" ("USER_NO") ENABLE;
--------------------------------------------------------
--  Ref Constraints for Table REWARD
--------------------------------------------------------

  ALTER TABLE "DODREAM"."REWARD" ADD CONSTRAINT "FK_PROJECT_TB_TO_REWARD_1" FOREIGN KEY ("REWARD_REF_PNO")
	  REFERENCES "DODREAM"."PROJECT_TB" ("PROJECT_NO") ENABLE;
  ALTER TABLE "DODREAM"."REWARD" ADD CONSTRAINT "FK_REWARD_OPTION_TO_REWARD_1" FOREIGN KEY ("REWARD_OP_NO")
	  REFERENCES "DODREAM"."REWARD_OPTION" ("REWORD_OP_NO") ENABLE;
--------------------------------------------------------
--  Ref Constraints for Table SUBREPLY
--------------------------------------------------------

  ALTER TABLE "DODREAM"."SUBREPLY" ADD CONSTRAINT "FK_REPLY_TO_SUBREPLY_1" FOREIGN KEY ("SUBRE_REF_RNO")
	  REFERENCES "DODREAM"."REPLY" ("REPLY_NO") ENABLE;
  ALTER TABLE "DODREAM"."SUBREPLY" ADD CONSTRAINT "FK_USER_TB_TO_SUBREPLY_1" FOREIGN KEY ("SUBRE_WRITER")
	  REFERENCES "DODREAM"."USER_TB" ("USER_NO") ENABLE;
      

-----------------------------------------------------------

UPDATE PROJECT_TB
SET PROJECT_START_DT = SYSDATE - 5, PROJECT_CLOSE_DT = SYSDATE + 20;
COMMIT;
